Startpoint: _27871_ (rising edge-triggered flip-flop clocked by clk)
Endpoint: _27762_ (rising edge-triggered flip-flop clocked by clk)
Path Group: clk
Path Type: max

Fanout     Cap    Slew   Delay    Time   Description
-----------------------------------------------------------------------------
                  0.00    0.00    0.00   clock clk (rise edge)
                          0.00    0.00   clock network delay (ideal)
                  0.00    0.00    0.00 ^ _27871_/CLK (sky130_fd_sc_hd__dfxtp_2)
                  0.20    0.72    0.72 ^ _27871_/Q (sky130_fd_sc_hd__dfxtp_2)
     6    0.02                           irq_mask[12] (net)
                  0.20    0.00    0.72 ^ _13137_/A1 (sky130_fd_sc_hd__o22ai_1)
                  0.10    0.21    0.93 v _13137_/Y (sky130_fd_sc_hd__o22ai_1)
     1    0.00                           _10539_ (net)
                  0.10    0.00    0.93 v _13138_/C1 (sky130_fd_sc_hd__a221o_1)
                  0.09    0.49    1.42 v _13138_/X (sky130_fd_sc_hd__a221o_1)
     1    0.00                           _10540_ (net)
                  0.09    0.00    1.42 v _13157_/A (sky130_fd_sc_hd__or4_4)
                  0.14    1.03    2.45 v _13157_/X (sky130_fd_sc_hd__or4_4)
     1    0.00                           _10559_ (net)
                  0.14    0.00    2.45 v _13160_/A2 (sky130_fd_sc_hd__o2111a_1)
                  0.08    0.44    2.89 v _13160_/X (sky130_fd_sc_hd__o2111a_1)
     2    0.00                           _10562_ (net)
                  0.08    0.00    2.89 v _13161_/C (sky130_fd_sc_hd__or3_1)
                  0.15    0.73    3.62 v _13161_/X (sky130_fd_sc_hd__or3_1)
     2    0.00                           _10563_ (net)
                  0.15    0.00    3.62 v _13164_/A (sky130_fd_sc_hd__or2_1)
                  0.11    0.53    4.15 v _13164_/X (sky130_fd_sc_hd__or2_1)
     2    0.00                           _10565_ (net)
                  0.11    0.00    4.15 v _13165_/C (sky130_fd_sc_hd__or3_4)
                  0.12    0.66    4.81 v _13165_/X (sky130_fd_sc_hd__or3_4)
     4    0.00                           _10566_ (net)
                  0.12    0.00    4.81 v _13690_/B (sky130_fd_sc_hd__or2_2)
                  0.15    0.69    5.50 v _13690_/X (sky130_fd_sc_hd__or2_2)
     5    0.01                           _10910_ (net)
                  0.15    0.00    5.50 v _13691_/C (sky130_fd_sc_hd__or3_2)
                  0.15    0.95    6.45 v _13691_/X (sky130_fd_sc_hd__or3_2)
     2    0.00                           _10911_ (net)
                  0.15    0.00    6.45 v _13692_/B (sky130_fd_sc_hd__or2_2)
                  0.13    0.68    7.13 v _13692_/X (sky130_fd_sc_hd__or2_2)
     3    0.01                           _10912_ (net)
                  0.13    0.00    7.13 v _13693_/B (sky130_fd_sc_hd__or2_1)
                  0.08    0.46    7.59 v _13693_/X (sky130_fd_sc_hd__or2_1)
     2    0.00                           _10913_ (net)
                  0.08    0.00    7.59 v _13694_/B (sky130_fd_sc_hd__or2_2)
                  0.14    0.67    8.26 v _13694_/X (sky130_fd_sc_hd__or2_2)
     3    0.01                           _10914_ (net)
                  0.14    0.00    8.26 v _13695_/B (sky130_fd_sc_hd__or2_1)
                  0.08    0.46    8.72 v _13695_/X (sky130_fd_sc_hd__or2_1)
     2    0.00                           _10915_ (net)
                  0.08    0.00    8.72 v _13696_/B (sky130_fd_sc_hd__or2_1)
                  0.15    0.52    9.24 v _13696_/X (sky130_fd_sc_hd__or2_1)
     3    0.01                           _10916_ (net)
                  0.15    0.00    9.24 v _13697_/B (sky130_fd_sc_hd__or2_1)
                  0.08    0.46    9.70 v _13697_/X (sky130_fd_sc_hd__or2_1)
     2    0.00                           _10917_ (net)
                  0.08    0.00    9.70 v _13698_/B (sky130_fd_sc_hd__or2_1)
                  0.13    0.50   10.20 v _13698_/X (sky130_fd_sc_hd__or2_1)
     3    0.01                           _10918_ (net)
                  0.13    0.00   10.20 v _13699_/B (sky130_fd_sc_hd__or2_1)
                  0.08    0.46   10.66 v _13699_/X (sky130_fd_sc_hd__or2_1)
     2    0.00                           _10919_ (net)
                  0.08    0.00   10.66 v _13700_/B (sky130_fd_sc_hd__or2_2)
                  0.14    0.67   11.32 v _13700_/X (sky130_fd_sc_hd__or2_2)
     3    0.01                           _10920_ (net)
                  0.14    0.00   11.32 v _13701_/B (sky130_fd_sc_hd__or2_1)
                  0.08    0.46   11.79 v _13701_/X (sky130_fd_sc_hd__or2_1)
     2    0.00                           _10921_ (net)
                  0.08    0.00   11.79 v _13702_/B (sky130_fd_sc_hd__or2_2)
                  0.14    0.67   12.45 v _13702_/X (sky130_fd_sc_hd__or2_2)
     3    0.01                           _10922_ (net)
                  0.14    0.00   12.45 v _13703_/B (sky130_fd_sc_hd__or2_1)
                  0.08    0.46   12.92 v _13703_/X (sky130_fd_sc_hd__or2_1)
     2    0.00                           _10923_ (net)
                  0.08    0.00   12.92 v _13704_/B (sky130_fd_sc_hd__or2_1)
                  0.15    0.52   13.44 v _13704_/X (sky130_fd_sc_hd__or2_1)
     3    0.01                           _10924_ (net)
                  0.15    0.00   13.44 v _13705_/B (sky130_fd_sc_hd__or2_1)
                  0.08    0.46   13.90 v _13705_/X (sky130_fd_sc_hd__or2_1)
     2    0.00                           _10925_ (net)
                  0.08    0.00   13.90 v _13706_/B (sky130_fd_sc_hd__or2_2)
                  0.14    0.67   14.57 v _13706_/X (sky130_fd_sc_hd__or2_2)
     3    0.01                           _10926_ (net)
                  0.14    0.00   14.57 v _13707_/B (sky130_fd_sc_hd__or2_1)
                  0.08    0.46   15.03 v _13707_/X (sky130_fd_sc_hd__or2_1)
     2    0.00                           _10927_ (net)
                  0.08    0.00   15.03 v _13708_/B (sky130_fd_sc_hd__or2_2)
                  0.14    0.67   15.70 v _13708_/X (sky130_fd_sc_hd__or2_2)
     3    0.01                           _10928_ (net)
                  0.14    0.00   15.70 v _13709_/B (sky130_fd_sc_hd__or2_1)
                  0.08    0.46   16.16 v _13709_/X (sky130_fd_sc_hd__or2_1)
     2    0.00                           _10929_ (net)
                  0.08    0.00   16.16 v _13710_/B (sky130_fd_sc_hd__or2_2)
                  0.14    0.67   16.82 v _13710_/X (sky130_fd_sc_hd__or2_2)
     3    0.01                           _10930_ (net)
                  0.14    0.00   16.82 v _13711_/B (sky130_fd_sc_hd__or2_1)
                  0.08    0.46   17.29 v _13711_/X (sky130_fd_sc_hd__or2_1)
     2    0.00                           _10931_ (net)
                  0.08    0.00   17.29 v _13712_/B (sky130_fd_sc_hd__or2_2)
                  0.14    0.67   17.95 v _13712_/X (sky130_fd_sc_hd__or2_2)
     3    0.01                           _10932_ (net)
                  0.14    0.00   17.95 v _13713_/B (sky130_fd_sc_hd__or2_1)
                  0.08    0.46   18.42 v _13713_/X (sky130_fd_sc_hd__or2_1)
     2    0.00                           _10933_ (net)
                  0.08    0.00   18.42 v _13714_/B (sky130_fd_sc_hd__or2_2)
                  0.14    0.67   19.08 v _13714_/X (sky130_fd_sc_hd__or2_2)
     3    0.01                           _10934_ (net)
                  0.14    0.00   19.08 v _13715_/B (sky130_fd_sc_hd__or2_1)
                  0.08    0.46   19.55 v _13715_/X (sky130_fd_sc_hd__or2_1)
     2    0.00                           _10935_ (net)
                  0.08    0.00   19.55 v _13716_/B (sky130_fd_sc_hd__or2_1)
                  0.13    0.50   20.05 v _13716_/X (sky130_fd_sc_hd__or2_1)
     3    0.01                           _10936_ (net)
                  0.13    0.00   20.05 v _13717_/B (sky130_fd_sc_hd__or2_1)
                  0.08    0.46   20.50 v _13717_/X (sky130_fd_sc_hd__or2_1)
     2    0.00                           _10937_ (net)
                  0.08    0.00   20.50 v _13718_/B (sky130_fd_sc_hd__or2_2)
                  0.14    0.67   21.17 v _13718_/X (sky130_fd_sc_hd__or2_2)
     3    0.01                           _10938_ (net)
                  0.14    0.00   21.17 v _13719_/B (sky130_fd_sc_hd__or2_1)
                  0.08    0.46   21.63 v _13719_/X (sky130_fd_sc_hd__or2_1)
     2    0.00                           _10939_ (net)
                  0.08    0.00   21.63 v _13720_/B (sky130_fd_sc_hd__or2_1)
                  0.15    0.52   22.15 v _13720_/X (sky130_fd_sc_hd__or2_1)
     3    0.01                           _10940_ (net)
                  0.15    0.00   22.15 v _13721_/B (sky130_fd_sc_hd__or2_1)
                  0.08    0.46   22.61 v _13721_/X (sky130_fd_sc_hd__or2_1)
     2    0.00                           _10941_ (net)
                  0.08    0.00   22.61 v _13722_/B (sky130_fd_sc_hd__or2_1)
                  0.13    0.50   23.11 v _13722_/X (sky130_fd_sc_hd__or2_1)
     3    0.01                           _10942_ (net)
                  0.13    0.00   23.11 v _13723_/B (sky130_fd_sc_hd__or2_1)
                  0.08    0.46   23.57 v _13723_/X (sky130_fd_sc_hd__or2_1)
     2    0.00                           _10943_ (net)
                  0.08    0.00   23.57 v _13724_/B (sky130_fd_sc_hd__or2_1)
                  0.13    0.50   24.07 v _13724_/X (sky130_fd_sc_hd__or2_1)
     3    0.01                           _10944_ (net)
                  0.13    0.00   24.07 v _13725_/B (sky130_fd_sc_hd__or2_1)
                  0.08    0.46   24.53 v _13725_/X (sky130_fd_sc_hd__or2_1)
     2    0.00                           _10945_ (net)
                  0.08    0.00   24.53 v _13726_/B (sky130_fd_sc_hd__or2_1)
                  0.13    0.50   25.03 v _13726_/X (sky130_fd_sc_hd__or2_1)
     3    0.01                           _10946_ (net)
                  0.13    0.00   25.03 v _13727_/B (sky130_fd_sc_hd__or2_1)
                  0.08    0.46   25.48 v _13727_/X (sky130_fd_sc_hd__or2_1)
     2    0.00                           _10947_ (net)
                  0.08    0.00   25.48 v _13728_/B (sky130_fd_sc_hd__or2_2)
                  0.14    0.67   26.15 v _13728_/X (sky130_fd_sc_hd__or2_2)
     3    0.01                           _10948_ (net)
                  0.14    0.00   26.15 v _13729_/B (sky130_fd_sc_hd__or2_1)
                  0.08    0.46   26.61 v _13729_/X (sky130_fd_sc_hd__or2_1)
     2    0.00                           _10949_ (net)
                  0.08    0.00   26.61 v _13730_/B (sky130_fd_sc_hd__or2_1)
                  0.13    0.50   27.11 v _13730_/X (sky130_fd_sc_hd__or2_1)
     3    0.01                           _10950_ (net)
                  0.13    0.00   27.11 v _13731_/B (sky130_fd_sc_hd__or2_1)
                  0.08    0.46   27.57 v _13731_/X (sky130_fd_sc_hd__or2_1)
     2    0.00                           _10951_ (net)
                  0.08    0.00   27.57 v _13732_/B (sky130_fd_sc_hd__or2_1)
                  0.13    0.50   28.07 v _13732_/X (sky130_fd_sc_hd__or2_1)
     3    0.01                           _10952_ (net)
                  0.13    0.00   28.07 v _13733_/B (sky130_fd_sc_hd__or2_1)
                  0.08    0.46   28.53 v _13733_/X (sky130_fd_sc_hd__or2_1)
     2    0.00                           _10953_ (net)
                  0.08    0.00   28.53 v _13734_/B (sky130_fd_sc_hd__or2_1)
                  0.13    0.50   29.03 v _13734_/X (sky130_fd_sc_hd__or2_1)
     3    0.01                           _10954_ (net)
                  0.13    0.00   29.03 v _13735_/B (sky130_fd_sc_hd__or2_1)
                  0.08    0.46   29.48 v _13735_/X (sky130_fd_sc_hd__or2_1)
     2    0.00                           _10955_ (net)
                  0.08    0.00   29.48 v _13736_/B (sky130_fd_sc_hd__or2_1)
                  0.13    0.50   29.98 v _13736_/X (sky130_fd_sc_hd__or2_1)
     3    0.01                           _10956_ (net)
                  0.13    0.00   29.98 v _13737_/B (sky130_fd_sc_hd__or2_1)
                  0.08    0.46   30.44 v _13737_/X (sky130_fd_sc_hd__or2_1)
     2    0.00                           _10957_ (net)
                  0.08    0.00   30.44 v _13738_/B (sky130_fd_sc_hd__or2_1)
                  0.13    0.50   30.94 v _13738_/X (sky130_fd_sc_hd__or2_1)
     3    0.01                           _10958_ (net)
                  0.13    0.00   30.94 v _13739_/B (sky130_fd_sc_hd__or2_1)
                  0.08    0.46   31.39 v _13739_/X (sky130_fd_sc_hd__or2_1)
     2    0.00                           _10959_ (net)
                  0.08    0.00   31.39 v _13740_/B (sky130_fd_sc_hd__or2_1)
                  0.13    0.50   31.89 v _13740_/X (sky130_fd_sc_hd__or2_1)
     3    0.01                           _10960_ (net)
                  0.13    0.00   31.89 v _13741_/B (sky130_fd_sc_hd__or2_1)
                  0.08    0.46   32.35 v _13741_/X (sky130_fd_sc_hd__or2_1)
     2    0.00                           _10961_ (net)
                  0.08    0.00   32.35 v _13742_/B (sky130_fd_sc_hd__or2_2)
                  0.14    0.67   33.02 v _13742_/X (sky130_fd_sc_hd__or2_2)
     3    0.01                           _10962_ (net)
                  0.14    0.00   33.02 v _13743_/B (sky130_fd_sc_hd__or2_1)
                  0.08    0.46   33.48 v _13743_/X (sky130_fd_sc_hd__or2_1)
     2    0.00                           _10963_ (net)
                  0.08    0.00   33.48 v _13744_/B (sky130_fd_sc_hd__or2_1)
                  0.15    0.52   34.00 v _13744_/X (sky130_fd_sc_hd__or2_1)
     3    0.01                           _10964_ (net)
                  0.15    0.00   34.00 v _13745_/B (sky130_fd_sc_hd__or2_1)
                  0.08    0.46   34.46 v _13745_/X (sky130_fd_sc_hd__or2_1)
     2    0.00                           _10965_ (net)
                  0.08    0.00   34.46 v _13746_/B (sky130_fd_sc_hd__or2_1)
                  0.13    0.50   34.96 v _13746_/X (sky130_fd_sc_hd__or2_1)
     3    0.01                           _10966_ (net)
                  0.13    0.00   34.96 v _13747_/B (sky130_fd_sc_hd__or2_1)
                  0.08    0.46   35.42 v _13747_/X (sky130_fd_sc_hd__or2_1)
     2    0.00                           _10967_ (net)
                  0.08    0.00   35.42 v _13748_/B (sky130_fd_sc_hd__or2_2)
                  0.14    0.67   36.09 v _13748_/X (sky130_fd_sc_hd__or2_2)
     3    0.01                           _10968_ (net)
                  0.14    0.00   36.09 v _13749_/B (sky130_fd_sc_hd__or2_1)
                  0.08    0.46   36.55 v _13749_/X (sky130_fd_sc_hd__or2_1)
     2    0.00                           _10969_ (net)
                  0.08    0.00   36.55 v _13750_/B (sky130_fd_sc_hd__or2_2)
                  0.14    0.67   37.22 v _13750_/X (sky130_fd_sc_hd__or2_2)
     3    0.01                           _10970_ (net)
                  0.14    0.00   37.22 v _13751_/B (sky130_fd_sc_hd__or2_1)
                  0.09    0.48   37.69 v _13751_/X (sky130_fd_sc_hd__or2_1)
     2    0.00                           _10971_ (net)
                  0.09    0.00   37.69 v _13754_/B2 (sky130_fd_sc_hd__o221a_1)
                  0.08    0.38   38.08 v _13754_/X (sky130_fd_sc_hd__o221a_1)
     1    0.00                           _03928_ (net)
                  0.08    0.00   38.08 v _27762_/D (sky130_fd_sc_hd__dfxtp_1)
                                 38.08   data arrival time

                  0.00   24.73   24.73   clock clk (rise edge)
                          0.00   24.73   clock network delay (ideal)
                          0.00   24.73   clock reconvergence pessimism
                                 24.73 ^ _27762_/CLK (sky130_fd_sc_hd__dfxtp_1)
                         -0.29   24.44   library setup time
                                 24.44   data required time
-----------------------------------------------------------------------------
                                 24.44   data required time
                                -38.08   data arrival time
-----------------------------------------------------------------------------
                                -13.64   slack (VIOLATED)


Startpoint: _27871_ (rising edge-triggered flip-flop clocked by clk)
Endpoint: _27761_ (rising edge-triggered flip-flop clocked by clk)
Path Group: clk
Path Type: max

Fanout     Cap    Slew   Delay    Time   Description
-----------------------------------------------------------------------------
                  0.00    0.00    0.00   clock clk (rise edge)
                          0.00    0.00   clock network delay (ideal)
                  0.00    0.00    0.00 ^ _27871_/CLK (sky130_fd_sc_hd__dfxtp_2)
                  0.20    0.72    0.72 ^ _27871_/Q (sky130_fd_sc_hd__dfxtp_2)
     6    0.02                           irq_mask[12] (net)
                  0.20    0.00    0.72 ^ _13137_/A1 (sky130_fd_sc_hd__o22ai_1)
                  0.10    0.21    0.93 v _13137_/Y (sky130_fd_sc_hd__o22ai_1)
     1    0.00                           _10539_ (net)
                  0.10    0.00    0.93 v _13138_/C1 (sky130_fd_sc_hd__a221o_1)
                  0.09    0.49    1.42 v _13138_/X (sky130_fd_sc_hd__a221o_1)
     1    0.00                           _10540_ (net)
                  0.09    0.00    1.42 v _13157_/A (sky130_fd_sc_hd__or4_4)
                  0.14    1.03    2.45 v _13157_/X (sky130_fd_sc_hd__or4_4)
     1    0.00                           _10559_ (net)
                  0.14    0.00    2.45 v _13160_/A2 (sky130_fd_sc_hd__o2111a_1)
                  0.08    0.44    2.89 v _13160_/X (sky130_fd_sc_hd__o2111a_1)
     2    0.00                           _10562_ (net)
                  0.08    0.00    2.89 v _13161_/C (sky130_fd_sc_hd__or3_1)
                  0.15    0.73    3.62 v _13161_/X (sky130_fd_sc_hd__or3_1)
     2    0.00                           _10563_ (net)
                  0.15    0.00    3.62 v _13164_/A (sky130_fd_sc_hd__or2_1)
                  0.11    0.53    4.15 v _13164_/X (sky130_fd_sc_hd__or2_1)
     2    0.00                           _10565_ (net)
                  0.11    0.00    4.15 v _13165_/C (sky130_fd_sc_hd__or3_4)
                  0.12    0.66    4.81 v _13165_/X (sky130_fd_sc_hd__or3_4)
     4    0.00                           _10566_ (net)
                  0.12    0.00    4.81 v _13690_/B (sky130_fd_sc_hd__or2_2)
                  0.15    0.69    5.50 v _13690_/X (sky130_fd_sc_hd__or2_2)
     5    0.01                           _10910_ (net)
                  0.15    0.00    5.50 v _13691_/C (sky130_fd_sc_hd__or3_2)
                  0.15    0.95    6.45 v _13691_/X (sky130_fd_sc_hd__or3_2)
     2    0.00                           _10911_ (net)
                  0.15    0.00    6.45 v _13692_/B (sky130_fd_sc_hd__or2_2)
                  0.13    0.68    7.13 v _13692_/X (sky130_fd_sc_hd__or2_2)
     3    0.01                           _10912_ (net)
                  0.13    0.00    7.13 v _13693_/B (sky130_fd_sc_hd__or2_1)
                  0.08    0.46    7.59 v _13693_/X (sky130_fd_sc_hd__or2_1)
     2    0.00                           _10913_ (net)
                  0.08    0.00    7.59 v _13694_/B (sky130_fd_sc_hd__or2_2)
                  0.14    0.67    8.26 v _13694_/X (sky130_fd_sc_hd__or2_2)
     3    0.01                           _10914_ (net)
                  0.14    0.00    8.26 v _13695_/B (sky130_fd_sc_hd__or2_1)
                  0.08    0.46    8.72 v _13695_/X (sky130_fd_sc_hd__or2_1)
     2    0.00                           _10915_ (net)
                  0.08    0.00    8.72 v _13696_/B (sky130_fd_sc_hd__or2_1)
                  0.15    0.52    9.24 v _13696_/X (sky130_fd_sc_hd__or2_1)
     3    0.01                           _10916_ (net)
                  0.15    0.00    9.24 v _13697_/B (sky130_fd_sc_hd__or2_1)
                  0.08    0.46    9.70 v _13697_/X (sky130_fd_sc_hd__or2_1)
     2    0.00                           _10917_ (net)
                  0.08    0.00    9.70 v _13698_/B (sky130_fd_sc_hd__or2_1)
                  0.13    0.50   10.20 v _13698_/X (sky130_fd_sc_hd__or2_1)
     3    0.01                           _10918_ (net)
                  0.13    0.00   10.20 v _13699_/B (sky130_fd_sc_hd__or2_1)
                  0.08    0.46   10.66 v _13699_/X (sky130_fd_sc_hd__or2_1)
     2    0.00                           _10919_ (net)
                  0.08    0.00   10.66 v _13700_/B (sky130_fd_sc_hd__or2_2)
                  0.14    0.67   11.32 v _13700_/X (sky130_fd_sc_hd__or2_2)
     3    0.01                           _10920_ (net)
                  0.14    0.00   11.32 v _13701_/B (sky130_fd_sc_hd__or2_1)
                  0.08    0.46   11.79 v _13701_/X (sky130_fd_sc_hd__or2_1)
     2    0.00                           _10921_ (net)
                  0.08    0.00   11.79 v _13702_/B (sky130_fd_sc_hd__or2_2)
                  0.14    0.67   12.45 v _13702_/X (sky130_fd_sc_hd__or2_2)
     3    0.01                           _10922_ (net)
                  0.14    0.00   12.45 v _13703_/B (sky130_fd_sc_hd__or2_1)
                  0.08    0.46   12.92 v _13703_/X (sky130_fd_sc_hd__or2_1)
     2    0.00                           _10923_ (net)
                  0.08    0.00   12.92 v _13704_/B (sky130_fd_sc_hd__or2_1)
                  0.15    0.52   13.44 v _13704_/X (sky130_fd_sc_hd__or2_1)
     3    0.01                           _10924_ (net)
                  0.15    0.00   13.44 v _13705_/B (sky130_fd_sc_hd__or2_1)
                  0.08    0.46   13.90 v _13705_/X (sky130_fd_sc_hd__or2_1)
     2    0.00                           _10925_ (net)
                  0.08    0.00   13.90 v _13706_/B (sky130_fd_sc_hd__or2_2)
                  0.14    0.67   14.57 v _13706_/X (sky130_fd_sc_hd__or2_2)
     3    0.01                           _10926_ (net)
                  0.14    0.00   14.57 v _13707_/B (sky130_fd_sc_hd__or2_1)
                  0.08    0.46   15.03 v _13707_/X (sky130_fd_sc_hd__or2_1)
     2    0.00                           _10927_ (net)
                  0.08    0.00   15.03 v _13708_/B (sky130_fd_sc_hd__or2_2)
                  0.14    0.67   15.70 v _13708_/X (sky130_fd_sc_hd__or2_2)
     3    0.01                           _10928_ (net)
                  0.14    0.00   15.70 v _13709_/B (sky130_fd_sc_hd__or2_1)
                  0.08    0.46   16.16 v _13709_/X (sky130_fd_sc_hd__or2_1)
     2    0.00                           _10929_ (net)
                  0.08    0.00   16.16 v _13710_/B (sky130_fd_sc_hd__or2_2)
                  0.14    0.67   16.82 v _13710_/X (sky130_fd_sc_hd__or2_2)
     3    0.01                           _10930_ (net)
                  0.14    0.00   16.82 v _13711_/B (sky130_fd_sc_hd__or2_1)
                  0.08    0.46   17.29 v _13711_/X (sky130_fd_sc_hd__or2_1)
     2    0.00                           _10931_ (net)
                  0.08    0.00   17.29 v _13712_/B (sky130_fd_sc_hd__or2_2)
                  0.14    0.67   17.95 v _13712_/X (sky130_fd_sc_hd__or2_2)
     3    0.01                           _10932_ (net)
                  0.14    0.00   17.95 v _13713_/B (sky130_fd_sc_hd__or2_1)
                  0.08    0.46   18.42 v _13713_/X (sky130_fd_sc_hd__or2_1)
     2    0.00                           _10933_ (net)
                  0.08    0.00   18.42 v _13714_/B (sky130_fd_sc_hd__or2_2)
                  0.14    0.67   19.08 v _13714_/X (sky130_fd_sc_hd__or2_2)
     3    0.01                           _10934_ (net)
                  0.14    0.00   19.08 v _13715_/B (sky130_fd_sc_hd__or2_1)
                  0.08    0.46   19.55 v _13715_/X (sky130_fd_sc_hd__or2_1)
     2    0.00                           _10935_ (net)
                  0.08    0.00   19.55 v _13716_/B (sky130_fd_sc_hd__or2_1)
                  0.13    0.50   20.05 v _13716_/X (sky130_fd_sc_hd__or2_1)
     3    0.01                           _10936_ (net)
                  0.13    0.00   20.05 v _13717_/B (sky130_fd_sc_hd__or2_1)
                  0.08    0.46   20.50 v _13717_/X (sky130_fd_sc_hd__or2_1)
     2    0.00                           _10937_ (net)
                  0.08    0.00   20.50 v _13718_/B (sky130_fd_sc_hd__or2_2)
                  0.14    0.67   21.17 v _13718_/X (sky130_fd_sc_hd__or2_2)
     3    0.01                           _10938_ (net)
                  0.14    0.00   21.17 v _13719_/B (sky130_fd_sc_hd__or2_1)
                  0.08    0.46   21.63 v _13719_/X (sky130_fd_sc_hd__or2_1)
     2    0.00                           _10939_ (net)
                  0.08    0.00   21.63 v _13720_/B (sky130_fd_sc_hd__or2_1)
                  0.15    0.52   22.15 v _13720_/X (sky130_fd_sc_hd__or2_1)
     3    0.01                           _10940_ (net)
                  0.15    0.00   22.15 v _13721_/B (sky130_fd_sc_hd__or2_1)
                  0.08    0.46   22.61 v _13721_/X (sky130_fd_sc_hd__or2_1)
     2    0.00                           _10941_ (net)
                  0.08    0.00   22.61 v _13722_/B (sky130_fd_sc_hd__or2_1)
                  0.13    0.50   23.11 v _13722_/X (sky130_fd_sc_hd__or2_1)
     3    0.01                           _10942_ (net)
                  0.13    0.00   23.11 v _13723_/B (sky130_fd_sc_hd__or2_1)
                  0.08    0.46   23.57 v _13723_/X (sky130_fd_sc_hd__or2_1)
     2    0.00                           _10943_ (net)
                  0.08    0.00   23.57 v _13724_/B (sky130_fd_sc_hd__or2_1)
                  0.13    0.50   24.07 v _13724_/X (sky130_fd_sc_hd__or2_1)
     3    0.01                           _10944_ (net)
                  0.13    0.00   24.07 v _13725_/B (sky130_fd_sc_hd__or2_1)
                  0.08    0.46   24.53 v _13725_/X (sky130_fd_sc_hd__or2_1)
     2    0.00                           _10945_ (net)
                  0.08    0.00   24.53 v _13726_/B (sky130_fd_sc_hd__or2_1)
                  0.13    0.50   25.03 v _13726_/X (sky130_fd_sc_hd__or2_1)
     3    0.01                           _10946_ (net)
                  0.13    0.00   25.03 v _13727_/B (sky130_fd_sc_hd__or2_1)
                  0.08    0.46   25.48 v _13727_/X (sky130_fd_sc_hd__or2_1)
     2    0.00                           _10947_ (net)
                  0.08    0.00   25.48 v _13728_/B (sky130_fd_sc_hd__or2_2)
                  0.14    0.67   26.15 v _13728_/X (sky130_fd_sc_hd__or2_2)
     3    0.01                           _10948_ (net)
                  0.14    0.00   26.15 v _13729_/B (sky130_fd_sc_hd__or2_1)
                  0.08    0.46   26.61 v _13729_/X (sky130_fd_sc_hd__or2_1)
     2    0.00                           _10949_ (net)
                  0.08    0.00   26.61 v _13730_/B (sky130_fd_sc_hd__or2_1)
                  0.13    0.50   27.11 v _13730_/X (sky130_fd_sc_hd__or2_1)
     3    0.01                           _10950_ (net)
                  0.13    0.00   27.11 v _13731_/B (sky130_fd_sc_hd__or2_1)
                  0.08    0.46   27.57 v _13731_/X (sky130_fd_sc_hd__or2_1)
     2    0.00                           _10951_ (net)
                  0.08    0.00   27.57 v _13732_/B (sky130_fd_sc_hd__or2_1)
                  0.13    0.50   28.07 v _13732_/X (sky130_fd_sc_hd__or2_1)
     3    0.01                           _10952_ (net)
                  0.13    0.00   28.07 v _13733_/B (sky130_fd_sc_hd__or2_1)
                  0.08    0.46   28.53 v _13733_/X (sky130_fd_sc_hd__or2_1)
     2    0.00                           _10953_ (net)
                  0.08    0.00   28.53 v _13734_/B (sky130_fd_sc_hd__or2_1)
                  0.13    0.50   29.03 v _13734_/X (sky130_fd_sc_hd__or2_1)
     3    0.01                           _10954_ (net)
                  0.13    0.00   29.03 v _13735_/B (sky130_fd_sc_hd__or2_1)
                  0.08    0.46   29.48 v _13735_/X (sky130_fd_sc_hd__or2_1)
     2    0.00                           _10955_ (net)
                  0.08    0.00   29.48 v _13736_/B (sky130_fd_sc_hd__or2_1)
                  0.13    0.50   29.98 v _13736_/X (sky130_fd_sc_hd__or2_1)
     3    0.01                           _10956_ (net)
                  0.13    0.00   29.98 v _13737_/B (sky130_fd_sc_hd__or2_1)
                  0.08    0.46   30.44 v _13737_/X (sky130_fd_sc_hd__or2_1)
     2    0.00                           _10957_ (net)
                  0.08    0.00   30.44 v _13738_/B (sky130_fd_sc_hd__or2_1)
                  0.13    0.50   30.94 v _13738_/X (sky130_fd_sc_hd__or2_1)
     3    0.01                           _10958_ (net)
                  0.13    0.00   30.94 v _13739_/B (sky130_fd_sc_hd__or2_1)
                  0.08    0.46   31.39 v _13739_/X (sky130_fd_sc_hd__or2_1)
     2    0.00                           _10959_ (net)
                  0.08    0.00   31.39 v _13740_/B (sky130_fd_sc_hd__or2_1)
                  0.13    0.50   31.89 v _13740_/X (sky130_fd_sc_hd__or2_1)
     3    0.01                           _10960_ (net)
                  0.13    0.00   31.89 v _13741_/B (sky130_fd_sc_hd__or2_1)
                  0.08    0.46   32.35 v _13741_/X (sky130_fd_sc_hd__or2_1)
     2    0.00                           _10961_ (net)
                  0.08    0.00   32.35 v _13742_/B (sky130_fd_sc_hd__or2_2)
                  0.14    0.67   33.02 v _13742_/X (sky130_fd_sc_hd__or2_2)
     3    0.01                           _10962_ (net)
                  0.14    0.00   33.02 v _13743_/B (sky130_fd_sc_hd__or2_1)
                  0.08    0.46   33.48 v _13743_/X (sky130_fd_sc_hd__or2_1)
     2    0.00                           _10963_ (net)
                  0.08    0.00   33.48 v _13744_/B (sky130_fd_sc_hd__or2_1)
                  0.15    0.52   34.00 v _13744_/X (sky130_fd_sc_hd__or2_1)
     3    0.01                           _10964_ (net)
                  0.15    0.00   34.00 v _13745_/B (sky130_fd_sc_hd__or2_1)
                  0.08    0.46   34.46 v _13745_/X (sky130_fd_sc_hd__or2_1)
     2    0.00                           _10965_ (net)
                  0.08    0.00   34.46 v _13746_/B (sky130_fd_sc_hd__or2_1)
                  0.13    0.50   34.96 v _13746_/X (sky130_fd_sc_hd__or2_1)
     3    0.01                           _10966_ (net)
                  0.13    0.00   34.96 v _13747_/B (sky130_fd_sc_hd__or2_1)
                  0.08    0.46   35.42 v _13747_/X (sky130_fd_sc_hd__or2_1)
     2    0.00                           _10967_ (net)
                  0.08    0.00   35.42 v _13748_/B (sky130_fd_sc_hd__or2_2)
                  0.14    0.67   36.09 v _13748_/X (sky130_fd_sc_hd__or2_2)
     3    0.01                           _10968_ (net)
                  0.14    0.00   36.09 v _13749_/B (sky130_fd_sc_hd__or2_1)
                  0.08    0.46   36.55 v _13749_/X (sky130_fd_sc_hd__or2_1)
     2    0.00                           _10969_ (net)
                  0.08    0.00   36.55 v _13750_/B (sky130_fd_sc_hd__or2_2)
                  0.14    0.67   37.22 v _13750_/X (sky130_fd_sc_hd__or2_2)
     3    0.01                           _10970_ (net)
                  0.14    0.00   37.22 v _13756_/A2 (sky130_fd_sc_hd__a211oi_2)
                  0.20    0.35   37.56 ^ _13756_/Y (sky130_fd_sc_hd__a211oi_2)
     1    0.00                           _03927_ (net)
                  0.20    0.00   37.56 ^ _27761_/D (sky130_fd_sc_hd__dfxtp_1)
                                 37.56   data arrival time

                  0.00   24.73   24.73   clock clk (rise edge)
                          0.00   24.73   clock network delay (ideal)
                          0.00   24.73   clock reconvergence pessimism
                                 24.73 ^ _27761_/CLK (sky130_fd_sc_hd__dfxtp_1)
                         -0.17   24.56   library setup time
                                 24.56   data required time
-----------------------------------------------------------------------------
                                 24.56   data required time
                                -37.56   data arrival time
-----------------------------------------------------------------------------
                                -13.01   slack (VIOLATED)


Startpoint: _27871_ (rising edge-triggered flip-flop clocked by clk)
Endpoint: _27760_ (rising edge-triggered flip-flop clocked by clk)
Path Group: clk
Path Type: max

Fanout     Cap    Slew   Delay    Time   Description
-----------------------------------------------------------------------------
                  0.00    0.00    0.00   clock clk (rise edge)
                          0.00    0.00   clock network delay (ideal)
                  0.00    0.00    0.00 ^ _27871_/CLK (sky130_fd_sc_hd__dfxtp_2)
                  0.20    0.72    0.72 ^ _27871_/Q (sky130_fd_sc_hd__dfxtp_2)
     6    0.02                           irq_mask[12] (net)
                  0.20    0.00    0.72 ^ _13137_/A1 (sky130_fd_sc_hd__o22ai_1)
                  0.10    0.21    0.93 v _13137_/Y (sky130_fd_sc_hd__o22ai_1)
     1    0.00                           _10539_ (net)
                  0.10    0.00    0.93 v _13138_/C1 (sky130_fd_sc_hd__a221o_1)
                  0.09    0.49    1.42 v _13138_/X (sky130_fd_sc_hd__a221o_1)
     1    0.00                           _10540_ (net)
                  0.09    0.00    1.42 v _13157_/A (sky130_fd_sc_hd__or4_4)
                  0.14    1.03    2.45 v _13157_/X (sky130_fd_sc_hd__or4_4)
     1    0.00                           _10559_ (net)
                  0.14    0.00    2.45 v _13160_/A2 (sky130_fd_sc_hd__o2111a_1)
                  0.08    0.44    2.89 v _13160_/X (sky130_fd_sc_hd__o2111a_1)
     2    0.00                           _10562_ (net)
                  0.08    0.00    2.89 v _13161_/C (sky130_fd_sc_hd__or3_1)
                  0.15    0.73    3.62 v _13161_/X (sky130_fd_sc_hd__or3_1)
     2    0.00                           _10563_ (net)
                  0.15    0.00    3.62 v _13164_/A (sky130_fd_sc_hd__or2_1)
                  0.11    0.53    4.15 v _13164_/X (sky130_fd_sc_hd__or2_1)
     2    0.00                           _10565_ (net)
                  0.11    0.00    4.15 v _13165_/C (sky130_fd_sc_hd__or3_4)
                  0.12    0.66    4.81 v _13165_/X (sky130_fd_sc_hd__or3_4)
     4    0.00                           _10566_ (net)
                  0.12    0.00    4.81 v _13690_/B (sky130_fd_sc_hd__or2_2)
                  0.15    0.69    5.50 v _13690_/X (sky130_fd_sc_hd__or2_2)
     5    0.01                           _10910_ (net)
                  0.15    0.00    5.50 v _13691_/C (sky130_fd_sc_hd__or3_2)
                  0.15    0.95    6.45 v _13691_/X (sky130_fd_sc_hd__or3_2)
     2    0.00                           _10911_ (net)
                  0.15    0.00    6.45 v _13692_/B (sky130_fd_sc_hd__or2_2)
                  0.13    0.68    7.13 v _13692_/X (sky130_fd_sc_hd__or2_2)
     3    0.01                           _10912_ (net)
                  0.13    0.00    7.13 v _13693_/B (sky130_fd_sc_hd__or2_1)
                  0.08    0.46    7.59 v _13693_/X (sky130_fd_sc_hd__or2_1)
     2    0.00                           _10913_ (net)
                  0.08    0.00    7.59 v _13694_/B (sky130_fd_sc_hd__or2_2)
                  0.14    0.67    8.26 v _13694_/X (sky130_fd_sc_hd__or2_2)
     3    0.01                           _10914_ (net)
                  0.14    0.00    8.26 v _13695_/B (sky130_fd_sc_hd__or2_1)
                  0.08    0.46    8.72 v _13695_/X (sky130_fd_sc_hd__or2_1)
     2    0.00                           _10915_ (net)
                  0.08    0.00    8.72 v _13696_/B (sky130_fd_sc_hd__or2_1)
                  0.15    0.52    9.24 v _13696_/X (sky130_fd_sc_hd__or2_1)
     3    0.01                           _10916_ (net)
                  0.15    0.00    9.24 v _13697_/B (sky130_fd_sc_hd__or2_1)
                  0.08    0.46    9.70 v _13697_/X (sky130_fd_sc_hd__or2_1)
     2    0.00                           _10917_ (net)
                  0.08    0.00    9.70 v _13698_/B (sky130_fd_sc_hd__or2_1)
                  0.13    0.50   10.20 v _13698_/X (sky130_fd_sc_hd__or2_1)
     3    0.01                           _10918_ (net)
                  0.13    0.00   10.20 v _13699_/B (sky130_fd_sc_hd__or2_1)
                  0.08    0.46   10.66 v _13699_/X (sky130_fd_sc_hd__or2_1)
     2    0.00                           _10919_ (net)
                  0.08    0.00   10.66 v _13700_/B (sky130_fd_sc_hd__or2_2)
                  0.14    0.67   11.32 v _13700_/X (sky130_fd_sc_hd__or2_2)
     3    0.01                           _10920_ (net)
                  0.14    0.00   11.32 v _13701_/B (sky130_fd_sc_hd__or2_1)
                  0.08    0.46   11.79 v _13701_/X (sky130_fd_sc_hd__or2_1)
     2    0.00                           _10921_ (net)
                  0.08    0.00   11.79 v _13702_/B (sky130_fd_sc_hd__or2_2)
                  0.14    0.67   12.45 v _13702_/X (sky130_fd_sc_hd__or2_2)
     3    0.01                           _10922_ (net)
                  0.14    0.00   12.45 v _13703_/B (sky130_fd_sc_hd__or2_1)
                  0.08    0.46   12.92 v _13703_/X (sky130_fd_sc_hd__or2_1)
     2    0.00                           _10923_ (net)
                  0.08    0.00   12.92 v _13704_/B (sky130_fd_sc_hd__or2_1)
                  0.15    0.52   13.44 v _13704_/X (sky130_fd_sc_hd__or2_1)
     3    0.01                           _10924_ (net)
                  0.15    0.00   13.44 v _13705_/B (sky130_fd_sc_hd__or2_1)
                  0.08    0.46   13.90 v _13705_/X (sky130_fd_sc_hd__or2_1)
     2    0.00                           _10925_ (net)
                  0.08    0.00   13.90 v _13706_/B (sky130_fd_sc_hd__or2_2)
                  0.14    0.67   14.57 v _13706_/X (sky130_fd_sc_hd__or2_2)
     3    0.01                           _10926_ (net)
                  0.14    0.00   14.57 v _13707_/B (sky130_fd_sc_hd__or2_1)
                  0.08    0.46   15.03 v _13707_/X (sky130_fd_sc_hd__or2_1)
     2    0.00                           _10927_ (net)
                  0.08    0.00   15.03 v _13708_/B (sky130_fd_sc_hd__or2_2)
                  0.14    0.67   15.70 v _13708_/X (sky130_fd_sc_hd__or2_2)
     3    0.01                           _10928_ (net)
                  0.14    0.00   15.70 v _13709_/B (sky130_fd_sc_hd__or2_1)
                  0.08    0.46   16.16 v _13709_/X (sky130_fd_sc_hd__or2_1)
     2    0.00                           _10929_ (net)
                  0.08    0.00   16.16 v _13710_/B (sky130_fd_sc_hd__or2_2)
                  0.14    0.67   16.82 v _13710_/X (sky130_fd_sc_hd__or2_2)
     3    0.01                           _10930_ (net)
                  0.14    0.00   16.82 v _13711_/B (sky130_fd_sc_hd__or2_1)
                  0.08    0.46   17.29 v _13711_/X (sky130_fd_sc_hd__or2_1)
     2    0.00                           _10931_ (net)
                  0.08    0.00   17.29 v _13712_/B (sky130_fd_sc_hd__or2_2)
                  0.14    0.67   17.95 v _13712_/X (sky130_fd_sc_hd__or2_2)
     3    0.01                           _10932_ (net)
                  0.14    0.00   17.95 v _13713_/B (sky130_fd_sc_hd__or2_1)
                  0.08    0.46   18.42 v _13713_/X (sky130_fd_sc_hd__or2_1)
     2    0.00                           _10933_ (net)
                  0.08    0.00   18.42 v _13714_/B (sky130_fd_sc_hd__or2_2)
                  0.14    0.67   19.08 v _13714_/X (sky130_fd_sc_hd__or2_2)
     3    0.01                           _10934_ (net)
                  0.14    0.00   19.08 v _13715_/B (sky130_fd_sc_hd__or2_1)
                  0.08    0.46   19.55 v _13715_/X (sky130_fd_sc_hd__or2_1)
     2    0.00                           _10935_ (net)
                  0.08    0.00   19.55 v _13716_/B (sky130_fd_sc_hd__or2_1)
                  0.13    0.50   20.05 v _13716_/X (sky130_fd_sc_hd__or2_1)
     3    0.01                           _10936_ (net)
                  0.13    0.00   20.05 v _13717_/B (sky130_fd_sc_hd__or2_1)
                  0.08    0.46   20.50 v _13717_/X (sky130_fd_sc_hd__or2_1)
     2    0.00                           _10937_ (net)
                  0.08    0.00   20.50 v _13718_/B (sky130_fd_sc_hd__or2_2)
                  0.14    0.67   21.17 v _13718_/X (sky130_fd_sc_hd__or2_2)
     3    0.01                           _10938_ (net)
                  0.14    0.00   21.17 v _13719_/B (sky130_fd_sc_hd__or2_1)
                  0.08    0.46   21.63 v _13719_/X (sky130_fd_sc_hd__or2_1)
     2    0.00                           _10939_ (net)
                  0.08    0.00   21.63 v _13720_/B (sky130_fd_sc_hd__or2_1)
                  0.15    0.52   22.15 v _13720_/X (sky130_fd_sc_hd__or2_1)
     3    0.01                           _10940_ (net)
                  0.15    0.00   22.15 v _13721_/B (sky130_fd_sc_hd__or2_1)
                  0.08    0.46   22.61 v _13721_/X (sky130_fd_sc_hd__or2_1)
     2    0.00                           _10941_ (net)
                  0.08    0.00   22.61 v _13722_/B (sky130_fd_sc_hd__or2_1)
                  0.13    0.50   23.11 v _13722_/X (sky130_fd_sc_hd__or2_1)
     3    0.01                           _10942_ (net)
                  0.13    0.00   23.11 v _13723_/B (sky130_fd_sc_hd__or2_1)
                  0.08    0.46   23.57 v _13723_/X (sky130_fd_sc_hd__or2_1)
     2    0.00                           _10943_ (net)
                  0.08    0.00   23.57 v _13724_/B (sky130_fd_sc_hd__or2_1)
                  0.13    0.50   24.07 v _13724_/X (sky130_fd_sc_hd__or2_1)
     3    0.01                           _10944_ (net)
                  0.13    0.00   24.07 v _13725_/B (sky130_fd_sc_hd__or2_1)
                  0.08    0.46   24.53 v _13725_/X (sky130_fd_sc_hd__or2_1)
     2    0.00                           _10945_ (net)
                  0.08    0.00   24.53 v _13726_/B (sky130_fd_sc_hd__or2_1)
                  0.13    0.50   25.03 v _13726_/X (sky130_fd_sc_hd__or2_1)
     3    0.01                           _10946_ (net)
                  0.13    0.00   25.03 v _13727_/B (sky130_fd_sc_hd__or2_1)
                  0.08    0.46   25.48 v _13727_/X (sky130_fd_sc_hd__or2_1)
     2    0.00                           _10947_ (net)
                  0.08    0.00   25.48 v _13728_/B (sky130_fd_sc_hd__or2_2)
                  0.14    0.67   26.15 v _13728_/X (sky130_fd_sc_hd__or2_2)
     3    0.01                           _10948_ (net)
                  0.14    0.00   26.15 v _13729_/B (sky130_fd_sc_hd__or2_1)
                  0.08    0.46   26.61 v _13729_/X (sky130_fd_sc_hd__or2_1)
     2    0.00                           _10949_ (net)
                  0.08    0.00   26.61 v _13730_/B (sky130_fd_sc_hd__or2_1)
                  0.13    0.50   27.11 v _13730_/X (sky130_fd_sc_hd__or2_1)
     3    0.01                           _10950_ (net)
                  0.13    0.00   27.11 v _13731_/B (sky130_fd_sc_hd__or2_1)
                  0.08    0.46   27.57 v _13731_/X (sky130_fd_sc_hd__or2_1)
     2    0.00                           _10951_ (net)
                  0.08    0.00   27.57 v _13732_/B (sky130_fd_sc_hd__or2_1)
                  0.13    0.50   28.07 v _13732_/X (sky130_fd_sc_hd__or2_1)
     3    0.01                           _10952_ (net)
                  0.13    0.00   28.07 v _13733_/B (sky130_fd_sc_hd__or2_1)
                  0.08    0.46   28.53 v _13733_/X (sky130_fd_sc_hd__or2_1)
     2    0.00                           _10953_ (net)
                  0.08    0.00   28.53 v _13734_/B (sky130_fd_sc_hd__or2_1)
                  0.13    0.50   29.03 v _13734_/X (sky130_fd_sc_hd__or2_1)
     3    0.01                           _10954_ (net)
                  0.13    0.00   29.03 v _13735_/B (sky130_fd_sc_hd__or2_1)
                  0.08    0.46   29.48 v _13735_/X (sky130_fd_sc_hd__or2_1)
     2    0.00                           _10955_ (net)
                  0.08    0.00   29.48 v _13736_/B (sky130_fd_sc_hd__or2_1)
                  0.13    0.50   29.98 v _13736_/X (sky130_fd_sc_hd__or2_1)
     3    0.01                           _10956_ (net)
                  0.13    0.00   29.98 v _13737_/B (sky130_fd_sc_hd__or2_1)
                  0.08    0.46   30.44 v _13737_/X (sky130_fd_sc_hd__or2_1)
     2    0.00                           _10957_ (net)
                  0.08    0.00   30.44 v _13738_/B (sky130_fd_sc_hd__or2_1)
                  0.13    0.50   30.94 v _13738_/X (sky130_fd_sc_hd__or2_1)
     3    0.01                           _10958_ (net)
                  0.13    0.00   30.94 v _13739_/B (sky130_fd_sc_hd__or2_1)
                  0.08    0.46   31.39 v _13739_/X (sky130_fd_sc_hd__or2_1)
     2    0.00                           _10959_ (net)
                  0.08    0.00   31.39 v _13740_/B (sky130_fd_sc_hd__or2_1)
                  0.13    0.50   31.89 v _13740_/X (sky130_fd_sc_hd__or2_1)
     3    0.01                           _10960_ (net)
                  0.13    0.00   31.89 v _13741_/B (sky130_fd_sc_hd__or2_1)
                  0.08    0.46   32.35 v _13741_/X (sky130_fd_sc_hd__or2_1)
     2    0.00                           _10961_ (net)
                  0.08    0.00   32.35 v _13742_/B (sky130_fd_sc_hd__or2_2)
                  0.14    0.67   33.02 v _13742_/X (sky130_fd_sc_hd__or2_2)
     3    0.01                           _10962_ (net)
                  0.14    0.00   33.02 v _13743_/B (sky130_fd_sc_hd__or2_1)
                  0.08    0.46   33.48 v _13743_/X (sky130_fd_sc_hd__or2_1)
     2    0.00                           _10963_ (net)
                  0.08    0.00   33.48 v _13744_/B (sky130_fd_sc_hd__or2_1)
                  0.15    0.52   34.00 v _13744_/X (sky130_fd_sc_hd__or2_1)
     3    0.01                           _10964_ (net)
                  0.15    0.00   34.00 v _13745_/B (sky130_fd_sc_hd__or2_1)
                  0.08    0.46   34.46 v _13745_/X (sky130_fd_sc_hd__or2_1)
     2    0.00                           _10965_ (net)
                  0.08    0.00   34.46 v _13746_/B (sky130_fd_sc_hd__or2_1)
                  0.13    0.50   34.96 v _13746_/X (sky130_fd_sc_hd__or2_1)
     3    0.01                           _10966_ (net)
                  0.13    0.00   34.96 v _13747_/B (sky130_fd_sc_hd__or2_1)
                  0.08    0.46   35.42 v _13747_/X (sky130_fd_sc_hd__or2_1)
     2    0.00                           _10967_ (net)
                  0.08    0.00   35.42 v _13748_/B (sky130_fd_sc_hd__or2_2)
                  0.14    0.67   36.09 v _13748_/X (sky130_fd_sc_hd__or2_2)
     3    0.01                           _10968_ (net)
                  0.14    0.00   36.09 v _13749_/B (sky130_fd_sc_hd__or2_1)
                  0.08    0.46   36.55 v _13749_/X (sky130_fd_sc_hd__or2_1)
     2    0.00                           _10969_ (net)
                  0.08    0.00   36.55 v _13750_/B (sky130_fd_sc_hd__or2_2)
                  0.14    0.67   37.22 v _13750_/X (sky130_fd_sc_hd__or2_2)
     3    0.01                           _10970_ (net)
                  0.14    0.00   37.22 v _13758_/C1 (sky130_fd_sc_hd__o211a_1)
                  0.06    0.22   37.43 v _13758_/X (sky130_fd_sc_hd__o211a_1)
     1    0.00                           _03926_ (net)
                  0.06    0.00   37.43 v _27760_/D (sky130_fd_sc_hd__dfxtp_1)
                                 37.43   data arrival time

                  0.00   24.73   24.73   clock clk (rise edge)
                          0.00   24.73   clock network delay (ideal)
                          0.00   24.73   clock reconvergence pessimism
                                 24.73 ^ _27760_/CLK (sky130_fd_sc_hd__dfxtp_1)
                         -0.28   24.45   library setup time
                                 24.45   data required time
-----------------------------------------------------------------------------
                                 24.45   data required time
                                -37.43   data arrival time
-----------------------------------------------------------------------------
                                -12.99   slack (VIOLATED)


Startpoint: _27871_ (rising edge-triggered flip-flop clocked by clk)
Endpoint: _27759_ (rising edge-triggered flip-flop clocked by clk)
Path Group: clk
Path Type: max

Fanout     Cap    Slew   Delay    Time   Description
-----------------------------------------------------------------------------
                  0.00    0.00    0.00   clock clk (rise edge)
                          0.00    0.00   clock network delay (ideal)
                  0.00    0.00    0.00 ^ _27871_/CLK (sky130_fd_sc_hd__dfxtp_2)
                  0.20    0.72    0.72 ^ _27871_/Q (sky130_fd_sc_hd__dfxtp_2)
     6    0.02                           irq_mask[12] (net)
                  0.20    0.00    0.72 ^ _13137_/A1 (sky130_fd_sc_hd__o22ai_1)
                  0.10    0.21    0.93 v _13137_/Y (sky130_fd_sc_hd__o22ai_1)
     1    0.00                           _10539_ (net)
                  0.10    0.00    0.93 v _13138_/C1 (sky130_fd_sc_hd__a221o_1)
                  0.09    0.49    1.42 v _13138_/X (sky130_fd_sc_hd__a221o_1)
     1    0.00                           _10540_ (net)
                  0.09    0.00    1.42 v _13157_/A (sky130_fd_sc_hd__or4_4)
                  0.14    1.03    2.45 v _13157_/X (sky130_fd_sc_hd__or4_4)
     1    0.00                           _10559_ (net)
                  0.14    0.00    2.45 v _13160_/A2 (sky130_fd_sc_hd__o2111a_1)
                  0.08    0.44    2.89 v _13160_/X (sky130_fd_sc_hd__o2111a_1)
     2    0.00                           _10562_ (net)
                  0.08    0.00    2.89 v _13161_/C (sky130_fd_sc_hd__or3_1)
                  0.15    0.73    3.62 v _13161_/X (sky130_fd_sc_hd__or3_1)
     2    0.00                           _10563_ (net)
                  0.15    0.00    3.62 v _13164_/A (sky130_fd_sc_hd__or2_1)
                  0.11    0.53    4.15 v _13164_/X (sky130_fd_sc_hd__or2_1)
     2    0.00                           _10565_ (net)
                  0.11    0.00    4.15 v _13165_/C (sky130_fd_sc_hd__or3_4)
                  0.12    0.66    4.81 v _13165_/X (sky130_fd_sc_hd__or3_4)
     4    0.00                           _10566_ (net)
                  0.12    0.00    4.81 v _13690_/B (sky130_fd_sc_hd__or2_2)
                  0.15    0.69    5.50 v _13690_/X (sky130_fd_sc_hd__or2_2)
     5    0.01                           _10910_ (net)
                  0.15    0.00    5.50 v _13691_/C (sky130_fd_sc_hd__or3_2)
                  0.15    0.95    6.45 v _13691_/X (sky130_fd_sc_hd__or3_2)
     2    0.00                           _10911_ (net)
                  0.15    0.00    6.45 v _13692_/B (sky130_fd_sc_hd__or2_2)
                  0.13    0.68    7.13 v _13692_/X (sky130_fd_sc_hd__or2_2)
     3    0.01                           _10912_ (net)
                  0.13    0.00    7.13 v _13693_/B (sky130_fd_sc_hd__or2_1)
                  0.08    0.46    7.59 v _13693_/X (sky130_fd_sc_hd__or2_1)
     2    0.00                           _10913_ (net)
                  0.08    0.00    7.59 v _13694_/B (sky130_fd_sc_hd__or2_2)
                  0.14    0.67    8.26 v _13694_/X (sky130_fd_sc_hd__or2_2)
     3    0.01                           _10914_ (net)
                  0.14    0.00    8.26 v _13695_/B (sky130_fd_sc_hd__or2_1)
                  0.08    0.46    8.72 v _13695_/X (sky130_fd_sc_hd__or2_1)
     2    0.00                           _10915_ (net)
                  0.08    0.00    8.72 v _13696_/B (sky130_fd_sc_hd__or2_1)
                  0.15    0.52    9.24 v _13696_/X (sky130_fd_sc_hd__or2_1)
     3    0.01                           _10916_ (net)
                  0.15    0.00    9.24 v _13697_/B (sky130_fd_sc_hd__or2_1)
                  0.08    0.46    9.70 v _13697_/X (sky130_fd_sc_hd__or2_1)
     2    0.00                           _10917_ (net)
                  0.08    0.00    9.70 v _13698_/B (sky130_fd_sc_hd__or2_1)
                  0.13    0.50   10.20 v _13698_/X (sky130_fd_sc_hd__or2_1)
     3    0.01                           _10918_ (net)
                  0.13    0.00   10.20 v _13699_/B (sky130_fd_sc_hd__or2_1)
                  0.08    0.46   10.66 v _13699_/X (sky130_fd_sc_hd__or2_1)
     2    0.00                           _10919_ (net)
                  0.08    0.00   10.66 v _13700_/B (sky130_fd_sc_hd__or2_2)
                  0.14    0.67   11.32 v _13700_/X (sky130_fd_sc_hd__or2_2)
     3    0.01                           _10920_ (net)
                  0.14    0.00   11.32 v _13701_/B (sky130_fd_sc_hd__or2_1)
                  0.08    0.46   11.79 v _13701_/X (sky130_fd_sc_hd__or2_1)
     2    0.00                           _10921_ (net)
                  0.08    0.00   11.79 v _13702_/B (sky130_fd_sc_hd__or2_2)
                  0.14    0.67   12.45 v _13702_/X (sky130_fd_sc_hd__or2_2)
     3    0.01                           _10922_ (net)
                  0.14    0.00   12.45 v _13703_/B (sky130_fd_sc_hd__or2_1)
                  0.08    0.46   12.92 v _13703_/X (sky130_fd_sc_hd__or2_1)
     2    0.00                           _10923_ (net)
                  0.08    0.00   12.92 v _13704_/B (sky130_fd_sc_hd__or2_1)
                  0.15    0.52   13.44 v _13704_/X (sky130_fd_sc_hd__or2_1)
     3    0.01                           _10924_ (net)
                  0.15    0.00   13.44 v _13705_/B (sky130_fd_sc_hd__or2_1)
                  0.08    0.46   13.90 v _13705_/X (sky130_fd_sc_hd__or2_1)
     2    0.00                           _10925_ (net)
                  0.08    0.00   13.90 v _13706_/B (sky130_fd_sc_hd__or2_2)
                  0.14    0.67   14.57 v _13706_/X (sky130_fd_sc_hd__or2_2)
     3    0.01                           _10926_ (net)
                  0.14    0.00   14.57 v _13707_/B (sky130_fd_sc_hd__or2_1)
                  0.08    0.46   15.03 v _13707_/X (sky130_fd_sc_hd__or2_1)
     2    0.00                           _10927_ (net)
                  0.08    0.00   15.03 v _13708_/B (sky130_fd_sc_hd__or2_2)
                  0.14    0.67   15.70 v _13708_/X (sky130_fd_sc_hd__or2_2)
     3    0.01                           _10928_ (net)
                  0.14    0.00   15.70 v _13709_/B (sky130_fd_sc_hd__or2_1)
                  0.08    0.46   16.16 v _13709_/X (sky130_fd_sc_hd__or2_1)
     2    0.00                           _10929_ (net)
                  0.08    0.00   16.16 v _13710_/B (sky130_fd_sc_hd__or2_2)
                  0.14    0.67   16.82 v _13710_/X (sky130_fd_sc_hd__or2_2)
     3    0.01                           _10930_ (net)
                  0.14    0.00   16.82 v _13711_/B (sky130_fd_sc_hd__or2_1)
                  0.08    0.46   17.29 v _13711_/X (sky130_fd_sc_hd__or2_1)
     2    0.00                           _10931_ (net)
                  0.08    0.00   17.29 v _13712_/B (sky130_fd_sc_hd__or2_2)
                  0.14    0.67   17.95 v _13712_/X (sky130_fd_sc_hd__or2_2)
     3    0.01                           _10932_ (net)
                  0.14    0.00   17.95 v _13713_/B (sky130_fd_sc_hd__or2_1)
                  0.08    0.46   18.42 v _13713_/X (sky130_fd_sc_hd__or2_1)
     2    0.00                           _10933_ (net)
                  0.08    0.00   18.42 v _13714_/B (sky130_fd_sc_hd__or2_2)
                  0.14    0.67   19.08 v _13714_/X (sky130_fd_sc_hd__or2_2)
     3    0.01                           _10934_ (net)
                  0.14    0.00   19.08 v _13715_/B (sky130_fd_sc_hd__or2_1)
                  0.08    0.46   19.55 v _13715_/X (sky130_fd_sc_hd__or2_1)
     2    0.00                           _10935_ (net)
                  0.08    0.00   19.55 v _13716_/B (sky130_fd_sc_hd__or2_1)
                  0.13    0.50   20.05 v _13716_/X (sky130_fd_sc_hd__or2_1)
     3    0.01                           _10936_ (net)
                  0.13    0.00   20.05 v _13717_/B (sky130_fd_sc_hd__or2_1)
                  0.08    0.46   20.50 v _13717_/X (sky130_fd_sc_hd__or2_1)
     2    0.00                           _10937_ (net)
                  0.08    0.00   20.50 v _13718_/B (sky130_fd_sc_hd__or2_2)
                  0.14    0.67   21.17 v _13718_/X (sky130_fd_sc_hd__or2_2)
     3    0.01                           _10938_ (net)
                  0.14    0.00   21.17 v _13719_/B (sky130_fd_sc_hd__or2_1)
                  0.08    0.46   21.63 v _13719_/X (sky130_fd_sc_hd__or2_1)
     2    0.00                           _10939_ (net)
                  0.08    0.00   21.63 v _13720_/B (sky130_fd_sc_hd__or2_1)
                  0.15    0.52   22.15 v _13720_/X (sky130_fd_sc_hd__or2_1)
     3    0.01                           _10940_ (net)
                  0.15    0.00   22.15 v _13721_/B (sky130_fd_sc_hd__or2_1)
                  0.08    0.46   22.61 v _13721_/X (sky130_fd_sc_hd__or2_1)
     2    0.00                           _10941_ (net)
                  0.08    0.00   22.61 v _13722_/B (sky130_fd_sc_hd__or2_1)
                  0.13    0.50   23.11 v _13722_/X (sky130_fd_sc_hd__or2_1)
     3    0.01                           _10942_ (net)
                  0.13    0.00   23.11 v _13723_/B (sky130_fd_sc_hd__or2_1)
                  0.08    0.46   23.57 v _13723_/X (sky130_fd_sc_hd__or2_1)
     2    0.00                           _10943_ (net)
                  0.08    0.00   23.57 v _13724_/B (sky130_fd_sc_hd__or2_1)
                  0.13    0.50   24.07 v _13724_/X (sky130_fd_sc_hd__or2_1)
     3    0.01                           _10944_ (net)
                  0.13    0.00   24.07 v _13725_/B (sky130_fd_sc_hd__or2_1)
                  0.08    0.46   24.53 v _13725_/X (sky130_fd_sc_hd__or2_1)
     2    0.00                           _10945_ (net)
                  0.08    0.00   24.53 v _13726_/B (sky130_fd_sc_hd__or2_1)
                  0.13    0.50   25.03 v _13726_/X (sky130_fd_sc_hd__or2_1)
     3    0.01                           _10946_ (net)
                  0.13    0.00   25.03 v _13727_/B (sky130_fd_sc_hd__or2_1)
                  0.08    0.46   25.48 v _13727_/X (sky130_fd_sc_hd__or2_1)
     2    0.00                           _10947_ (net)
                  0.08    0.00   25.48 v _13728_/B (sky130_fd_sc_hd__or2_2)
                  0.14    0.67   26.15 v _13728_/X (sky130_fd_sc_hd__or2_2)
     3    0.01                           _10948_ (net)
                  0.14    0.00   26.15 v _13729_/B (sky130_fd_sc_hd__or2_1)
                  0.08    0.46   26.61 v _13729_/X (sky130_fd_sc_hd__or2_1)
     2    0.00                           _10949_ (net)
                  0.08    0.00   26.61 v _13730_/B (sky130_fd_sc_hd__or2_1)
                  0.13    0.50   27.11 v _13730_/X (sky130_fd_sc_hd__or2_1)
     3    0.01                           _10950_ (net)
                  0.13    0.00   27.11 v _13731_/B (sky130_fd_sc_hd__or2_1)
                  0.08    0.46   27.57 v _13731_/X (sky130_fd_sc_hd__or2_1)
     2    0.00                           _10951_ (net)
                  0.08    0.00   27.57 v _13732_/B (sky130_fd_sc_hd__or2_1)
                  0.13    0.50   28.07 v _13732_/X (sky130_fd_sc_hd__or2_1)
     3    0.01                           _10952_ (net)
                  0.13    0.00   28.07 v _13733_/B (sky130_fd_sc_hd__or2_1)
                  0.08    0.46   28.53 v _13733_/X (sky130_fd_sc_hd__or2_1)
     2    0.00                           _10953_ (net)
                  0.08    0.00   28.53 v _13734_/B (sky130_fd_sc_hd__or2_1)
                  0.13    0.50   29.03 v _13734_/X (sky130_fd_sc_hd__or2_1)
     3    0.01                           _10954_ (net)
                  0.13    0.00   29.03 v _13735_/B (sky130_fd_sc_hd__or2_1)
                  0.08    0.46   29.48 v _13735_/X (sky130_fd_sc_hd__or2_1)
     2    0.00                           _10955_ (net)
                  0.08    0.00   29.48 v _13736_/B (sky130_fd_sc_hd__or2_1)
                  0.13    0.50   29.98 v _13736_/X (sky130_fd_sc_hd__or2_1)
     3    0.01                           _10956_ (net)
                  0.13    0.00   29.98 v _13737_/B (sky130_fd_sc_hd__or2_1)
                  0.08    0.46   30.44 v _13737_/X (sky130_fd_sc_hd__or2_1)
     2    0.00                           _10957_ (net)
                  0.08    0.00   30.44 v _13738_/B (sky130_fd_sc_hd__or2_1)
                  0.13    0.50   30.94 v _13738_/X (sky130_fd_sc_hd__or2_1)
     3    0.01                           _10958_ (net)
                  0.13    0.00   30.94 v _13739_/B (sky130_fd_sc_hd__or2_1)
                  0.08    0.46   31.39 v _13739_/X (sky130_fd_sc_hd__or2_1)
     2    0.00                           _10959_ (net)
                  0.08    0.00   31.39 v _13740_/B (sky130_fd_sc_hd__or2_1)
                  0.13    0.50   31.89 v _13740_/X (sky130_fd_sc_hd__or2_1)
     3    0.01                           _10960_ (net)
                  0.13    0.00   31.89 v _13741_/B (sky130_fd_sc_hd__or2_1)
                  0.08    0.46   32.35 v _13741_/X (sky130_fd_sc_hd__or2_1)
     2    0.00                           _10961_ (net)
                  0.08    0.00   32.35 v _13742_/B (sky130_fd_sc_hd__or2_2)
                  0.14    0.67   33.02 v _13742_/X (sky130_fd_sc_hd__or2_2)
     3    0.01                           _10962_ (net)
                  0.14    0.00   33.02 v _13743_/B (sky130_fd_sc_hd__or2_1)
                  0.08    0.46   33.48 v _13743_/X (sky130_fd_sc_hd__or2_1)
     2    0.00                           _10963_ (net)
                  0.08    0.00   33.48 v _13744_/B (sky130_fd_sc_hd__or2_1)
                  0.15    0.52   34.00 v _13744_/X (sky130_fd_sc_hd__or2_1)
     3    0.01                           _10964_ (net)
                  0.15    0.00   34.00 v _13745_/B (sky130_fd_sc_hd__or2_1)
                  0.08    0.46   34.46 v _13745_/X (sky130_fd_sc_hd__or2_1)
     2    0.00                           _10965_ (net)
                  0.08    0.00   34.46 v _13746_/B (sky130_fd_sc_hd__or2_1)
                  0.13    0.50   34.96 v _13746_/X (sky130_fd_sc_hd__or2_1)
     3    0.01                           _10966_ (net)
                  0.13    0.00   34.96 v _13747_/B (sky130_fd_sc_hd__or2_1)
                  0.08    0.46   35.42 v _13747_/X (sky130_fd_sc_hd__or2_1)
     2    0.00                           _10967_ (net)
                  0.08    0.00   35.42 v _13748_/B (sky130_fd_sc_hd__or2_2)
                  0.14    0.67   36.09 v _13748_/X (sky130_fd_sc_hd__or2_2)
     3    0.01                           _10968_ (net)
                  0.14    0.00   36.09 v _13759_/A2 (sky130_fd_sc_hd__a211oi_2)
                  0.20    0.35   36.43 ^ _13759_/Y (sky130_fd_sc_hd__a211oi_2)
     1    0.00                           _03925_ (net)
                  0.20    0.00   36.43 ^ _27759_/D (sky130_fd_sc_hd__dfxtp_1)
                                 36.43   data arrival time

                  0.00   24.73   24.73   clock clk (rise edge)
                          0.00   24.73   clock network delay (ideal)
                          0.00   24.73   clock reconvergence pessimism
                                 24.73 ^ _27759_/CLK (sky130_fd_sc_hd__dfxtp_1)
                         -0.17   24.56   library setup time
                                 24.56   data required time
-----------------------------------------------------------------------------
                                 24.56   data required time
                                -36.43   data arrival time
-----------------------------------------------------------------------------
                                -11.88   slack (VIOLATED)


Startpoint: _27871_ (rising edge-triggered flip-flop clocked by clk)
Endpoint: _27758_ (rising edge-triggered flip-flop clocked by clk)
Path Group: clk
Path Type: max

Fanout     Cap    Slew   Delay    Time   Description
-----------------------------------------------------------------------------
                  0.00    0.00    0.00   clock clk (rise edge)
                          0.00    0.00   clock network delay (ideal)
                  0.00    0.00    0.00 ^ _27871_/CLK (sky130_fd_sc_hd__dfxtp_2)
                  0.20    0.72    0.72 ^ _27871_/Q (sky130_fd_sc_hd__dfxtp_2)
     6    0.02                           irq_mask[12] (net)
                  0.20    0.00    0.72 ^ _13137_/A1 (sky130_fd_sc_hd__o22ai_1)
                  0.10    0.21    0.93 v _13137_/Y (sky130_fd_sc_hd__o22ai_1)
     1    0.00                           _10539_ (net)
                  0.10    0.00    0.93 v _13138_/C1 (sky130_fd_sc_hd__a221o_1)
                  0.09    0.49    1.42 v _13138_/X (sky130_fd_sc_hd__a221o_1)
     1    0.00                           _10540_ (net)
                  0.09    0.00    1.42 v _13157_/A (sky130_fd_sc_hd__or4_4)
                  0.14    1.03    2.45 v _13157_/X (sky130_fd_sc_hd__or4_4)
     1    0.00                           _10559_ (net)
                  0.14    0.00    2.45 v _13160_/A2 (sky130_fd_sc_hd__o2111a_1)
                  0.08    0.44    2.89 v _13160_/X (sky130_fd_sc_hd__o2111a_1)
     2    0.00                           _10562_ (net)
                  0.08    0.00    2.89 v _13161_/C (sky130_fd_sc_hd__or3_1)
                  0.15    0.73    3.62 v _13161_/X (sky130_fd_sc_hd__or3_1)
     2    0.00                           _10563_ (net)
                  0.15    0.00    3.62 v _13164_/A (sky130_fd_sc_hd__or2_1)
                  0.11    0.53    4.15 v _13164_/X (sky130_fd_sc_hd__or2_1)
     2    0.00                           _10565_ (net)
                  0.11    0.00    4.15 v _13165_/C (sky130_fd_sc_hd__or3_4)
                  0.12    0.66    4.81 v _13165_/X (sky130_fd_sc_hd__or3_4)
     4    0.00                           _10566_ (net)
                  0.12    0.00    4.81 v _13690_/B (sky130_fd_sc_hd__or2_2)
                  0.15    0.69    5.50 v _13690_/X (sky130_fd_sc_hd__or2_2)
     5    0.01                           _10910_ (net)
                  0.15    0.00    5.50 v _13691_/C (sky130_fd_sc_hd__or3_2)
                  0.15    0.95    6.45 v _13691_/X (sky130_fd_sc_hd__or3_2)
     2    0.00                           _10911_ (net)
                  0.15    0.00    6.45 v _13692_/B (sky130_fd_sc_hd__or2_2)
                  0.13    0.68    7.13 v _13692_/X (sky130_fd_sc_hd__or2_2)
     3    0.01                           _10912_ (net)
                  0.13    0.00    7.13 v _13693_/B (sky130_fd_sc_hd__or2_1)
                  0.08    0.46    7.59 v _13693_/X (sky130_fd_sc_hd__or2_1)
     2    0.00                           _10913_ (net)
                  0.08    0.00    7.59 v _13694_/B (sky130_fd_sc_hd__or2_2)
                  0.14    0.67    8.26 v _13694_/X (sky130_fd_sc_hd__or2_2)
     3    0.01                           _10914_ (net)
                  0.14    0.00    8.26 v _13695_/B (sky130_fd_sc_hd__or2_1)
                  0.08    0.46    8.72 v _13695_/X (sky130_fd_sc_hd__or2_1)
     2    0.00                           _10915_ (net)
                  0.08    0.00    8.72 v _13696_/B (sky130_fd_sc_hd__or2_1)
                  0.15    0.52    9.24 v _13696_/X (sky130_fd_sc_hd__or2_1)
     3    0.01                           _10916_ (net)
                  0.15    0.00    9.24 v _13697_/B (sky130_fd_sc_hd__or2_1)
                  0.08    0.46    9.70 v _13697_/X (sky130_fd_sc_hd__or2_1)
     2    0.00                           _10917_ (net)
                  0.08    0.00    9.70 v _13698_/B (sky130_fd_sc_hd__or2_1)
                  0.13    0.50   10.20 v _13698_/X (sky130_fd_sc_hd__or2_1)
     3    0.01                           _10918_ (net)
                  0.13    0.00   10.20 v _13699_/B (sky130_fd_sc_hd__or2_1)
                  0.08    0.46   10.66 v _13699_/X (sky130_fd_sc_hd__or2_1)
     2    0.00                           _10919_ (net)
                  0.08    0.00   10.66 v _13700_/B (sky130_fd_sc_hd__or2_2)
                  0.14    0.67   11.32 v _13700_/X (sky130_fd_sc_hd__or2_2)
     3    0.01                           _10920_ (net)
                  0.14    0.00   11.32 v _13701_/B (sky130_fd_sc_hd__or2_1)
                  0.08    0.46   11.79 v _13701_/X (sky130_fd_sc_hd__or2_1)
     2    0.00                           _10921_ (net)
                  0.08    0.00   11.79 v _13702_/B (sky130_fd_sc_hd__or2_2)
                  0.14    0.67   12.45 v _13702_/X (sky130_fd_sc_hd__or2_2)
     3    0.01                           _10922_ (net)
                  0.14    0.00   12.45 v _13703_/B (sky130_fd_sc_hd__or2_1)
                  0.08    0.46   12.92 v _13703_/X (sky130_fd_sc_hd__or2_1)
     2    0.00                           _10923_ (net)
                  0.08    0.00   12.92 v _13704_/B (sky130_fd_sc_hd__or2_1)
                  0.15    0.52   13.44 v _13704_/X (sky130_fd_sc_hd__or2_1)
     3    0.01                           _10924_ (net)
                  0.15    0.00   13.44 v _13705_/B (sky130_fd_sc_hd__or2_1)
                  0.08    0.46   13.90 v _13705_/X (sky130_fd_sc_hd__or2_1)
     2    0.00                           _10925_ (net)
                  0.08    0.00   13.90 v _13706_/B (sky130_fd_sc_hd__or2_2)
                  0.14    0.67   14.57 v _13706_/X (sky130_fd_sc_hd__or2_2)
     3    0.01                           _10926_ (net)
                  0.14    0.00   14.57 v _13707_/B (sky130_fd_sc_hd__or2_1)
                  0.08    0.46   15.03 v _13707_/X (sky130_fd_sc_hd__or2_1)
     2    0.00                           _10927_ (net)
                  0.08    0.00   15.03 v _13708_/B (sky130_fd_sc_hd__or2_2)
                  0.14    0.67   15.70 v _13708_/X (sky130_fd_sc_hd__or2_2)
     3    0.01                           _10928_ (net)
                  0.14    0.00   15.70 v _13709_/B (sky130_fd_sc_hd__or2_1)
                  0.08    0.46   16.16 v _13709_/X (sky130_fd_sc_hd__or2_1)
     2    0.00                           _10929_ (net)
                  0.08    0.00   16.16 v _13710_/B (sky130_fd_sc_hd__or2_2)
                  0.14    0.67   16.82 v _13710_/X (sky130_fd_sc_hd__or2_2)
     3    0.01                           _10930_ (net)
                  0.14    0.00   16.82 v _13711_/B (sky130_fd_sc_hd__or2_1)
                  0.08    0.46   17.29 v _13711_/X (sky130_fd_sc_hd__or2_1)
     2    0.00                           _10931_ (net)
                  0.08    0.00   17.29 v _13712_/B (sky130_fd_sc_hd__or2_2)
                  0.14    0.67   17.95 v _13712_/X (sky130_fd_sc_hd__or2_2)
     3    0.01                           _10932_ (net)
                  0.14    0.00   17.95 v _13713_/B (sky130_fd_sc_hd__or2_1)
                  0.08    0.46   18.42 v _13713_/X (sky130_fd_sc_hd__or2_1)
     2    0.00                           _10933_ (net)
                  0.08    0.00   18.42 v _13714_/B (sky130_fd_sc_hd__or2_2)
                  0.14    0.67   19.08 v _13714_/X (sky130_fd_sc_hd__or2_2)
     3    0.01                           _10934_ (net)
                  0.14    0.00   19.08 v _13715_/B (sky130_fd_sc_hd__or2_1)
                  0.08    0.46   19.55 v _13715_/X (sky130_fd_sc_hd__or2_1)
     2    0.00                           _10935_ (net)
                  0.08    0.00   19.55 v _13716_/B (sky130_fd_sc_hd__or2_1)
                  0.13    0.50   20.05 v _13716_/X (sky130_fd_sc_hd__or2_1)
     3    0.01                           _10936_ (net)
                  0.13    0.00   20.05 v _13717_/B (sky130_fd_sc_hd__or2_1)
                  0.08    0.46   20.50 v _13717_/X (sky130_fd_sc_hd__or2_1)
     2    0.00                           _10937_ (net)
                  0.08    0.00   20.50 v _13718_/B (sky130_fd_sc_hd__or2_2)
                  0.14    0.67   21.17 v _13718_/X (sky130_fd_sc_hd__or2_2)
     3    0.01                           _10938_ (net)
                  0.14    0.00   21.17 v _13719_/B (sky130_fd_sc_hd__or2_1)
                  0.08    0.46   21.63 v _13719_/X (sky130_fd_sc_hd__or2_1)
     2    0.00                           _10939_ (net)
                  0.08    0.00   21.63 v _13720_/B (sky130_fd_sc_hd__or2_1)
                  0.15    0.52   22.15 v _13720_/X (sky130_fd_sc_hd__or2_1)
     3    0.01                           _10940_ (net)
                  0.15    0.00   22.15 v _13721_/B (sky130_fd_sc_hd__or2_1)
                  0.08    0.46   22.61 v _13721_/X (sky130_fd_sc_hd__or2_1)
     2    0.00                           _10941_ (net)
                  0.08    0.00   22.61 v _13722_/B (sky130_fd_sc_hd__or2_1)
                  0.13    0.50   23.11 v _13722_/X (sky130_fd_sc_hd__or2_1)
     3    0.01                           _10942_ (net)
                  0.13    0.00   23.11 v _13723_/B (sky130_fd_sc_hd__or2_1)
                  0.08    0.46   23.57 v _13723_/X (sky130_fd_sc_hd__or2_1)
     2    0.00                           _10943_ (net)
                  0.08    0.00   23.57 v _13724_/B (sky130_fd_sc_hd__or2_1)
                  0.13    0.50   24.07 v _13724_/X (sky130_fd_sc_hd__or2_1)
     3    0.01                           _10944_ (net)
                  0.13    0.00   24.07 v _13725_/B (sky130_fd_sc_hd__or2_1)
                  0.08    0.46   24.53 v _13725_/X (sky130_fd_sc_hd__or2_1)
     2    0.00                           _10945_ (net)
                  0.08    0.00   24.53 v _13726_/B (sky130_fd_sc_hd__or2_1)
                  0.13    0.50   25.03 v _13726_/X (sky130_fd_sc_hd__or2_1)
     3    0.01                           _10946_ (net)
                  0.13    0.00   25.03 v _13727_/B (sky130_fd_sc_hd__or2_1)
                  0.08    0.46   25.48 v _13727_/X (sky130_fd_sc_hd__or2_1)
     2    0.00                           _10947_ (net)
                  0.08    0.00   25.48 v _13728_/B (sky130_fd_sc_hd__or2_2)
                  0.14    0.67   26.15 v _13728_/X (sky130_fd_sc_hd__or2_2)
     3    0.01                           _10948_ (net)
                  0.14    0.00   26.15 v _13729_/B (sky130_fd_sc_hd__or2_1)
                  0.08    0.46   26.61 v _13729_/X (sky130_fd_sc_hd__or2_1)
     2    0.00                           _10949_ (net)
                  0.08    0.00   26.61 v _13730_/B (sky130_fd_sc_hd__or2_1)
                  0.13    0.50   27.11 v _13730_/X (sky130_fd_sc_hd__or2_1)
     3    0.01                           _10950_ (net)
                  0.13    0.00   27.11 v _13731_/B (sky130_fd_sc_hd__or2_1)
                  0.08    0.46   27.57 v _13731_/X (sky130_fd_sc_hd__or2_1)
     2    0.00                           _10951_ (net)
                  0.08    0.00   27.57 v _13732_/B (sky130_fd_sc_hd__or2_1)
                  0.13    0.50   28.07 v _13732_/X (sky130_fd_sc_hd__or2_1)
     3    0.01                           _10952_ (net)
                  0.13    0.00   28.07 v _13733_/B (sky130_fd_sc_hd__or2_1)
                  0.08    0.46   28.53 v _13733_/X (sky130_fd_sc_hd__or2_1)
     2    0.00                           _10953_ (net)
                  0.08    0.00   28.53 v _13734_/B (sky130_fd_sc_hd__or2_1)
                  0.13    0.50   29.03 v _13734_/X (sky130_fd_sc_hd__or2_1)
     3    0.01                           _10954_ (net)
                  0.13    0.00   29.03 v _13735_/B (sky130_fd_sc_hd__or2_1)
                  0.08    0.46   29.48 v _13735_/X (sky130_fd_sc_hd__or2_1)
     2    0.00                           _10955_ (net)
                  0.08    0.00   29.48 v _13736_/B (sky130_fd_sc_hd__or2_1)
                  0.13    0.50   29.98 v _13736_/X (sky130_fd_sc_hd__or2_1)
     3    0.01                           _10956_ (net)
                  0.13    0.00   29.98 v _13737_/B (sky130_fd_sc_hd__or2_1)
                  0.08    0.46   30.44 v _13737_/X (sky130_fd_sc_hd__or2_1)
     2    0.00                           _10957_ (net)
                  0.08    0.00   30.44 v _13738_/B (sky130_fd_sc_hd__or2_1)
                  0.13    0.50   30.94 v _13738_/X (sky130_fd_sc_hd__or2_1)
     3    0.01                           _10958_ (net)
                  0.13    0.00   30.94 v _13739_/B (sky130_fd_sc_hd__or2_1)
                  0.08    0.46   31.39 v _13739_/X (sky130_fd_sc_hd__or2_1)
     2    0.00                           _10959_ (net)
                  0.08    0.00   31.39 v _13740_/B (sky130_fd_sc_hd__or2_1)
                  0.13    0.50   31.89 v _13740_/X (sky130_fd_sc_hd__or2_1)
     3    0.01                           _10960_ (net)
                  0.13    0.00   31.89 v _13741_/B (sky130_fd_sc_hd__or2_1)
                  0.08    0.46   32.35 v _13741_/X (sky130_fd_sc_hd__or2_1)
     2    0.00                           _10961_ (net)
                  0.08    0.00   32.35 v _13742_/B (sky130_fd_sc_hd__or2_2)
                  0.14    0.67   33.02 v _13742_/X (sky130_fd_sc_hd__or2_2)
     3    0.01                           _10962_ (net)
                  0.14    0.00   33.02 v _13743_/B (sky130_fd_sc_hd__or2_1)
                  0.08    0.46   33.48 v _13743_/X (sky130_fd_sc_hd__or2_1)
     2    0.00                           _10963_ (net)
                  0.08    0.00   33.48 v _13744_/B (sky130_fd_sc_hd__or2_1)
                  0.15    0.52   34.00 v _13744_/X (sky130_fd_sc_hd__or2_1)
     3    0.01                           _10964_ (net)
                  0.15    0.00   34.00 v _13745_/B (sky130_fd_sc_hd__or2_1)
                  0.08    0.46   34.46 v _13745_/X (sky130_fd_sc_hd__or2_1)
     2    0.00                           _10965_ (net)
                  0.08    0.00   34.46 v _13746_/B (sky130_fd_sc_hd__or2_1)
                  0.13    0.50   34.96 v _13746_/X (sky130_fd_sc_hd__or2_1)
     3    0.01                           _10966_ (net)
                  0.13    0.00   34.96 v _13747_/B (sky130_fd_sc_hd__or2_1)
                  0.08    0.46   35.42 v _13747_/X (sky130_fd_sc_hd__or2_1)
     2    0.00                           _10967_ (net)
                  0.08    0.00   35.42 v _13748_/B (sky130_fd_sc_hd__or2_2)
                  0.14    0.67   36.09 v _13748_/X (sky130_fd_sc_hd__or2_2)
     3    0.01                           _10968_ (net)
                  0.14    0.00   36.09 v _13761_/C1 (sky130_fd_sc_hd__o211a_1)
                  0.06    0.22   36.30 v _13761_/X (sky130_fd_sc_hd__o211a_1)
     1    0.00                           _03924_ (net)
                  0.06    0.00   36.30 v _27758_/D (sky130_fd_sc_hd__dfxtp_1)
                                 36.30   data arrival time

                  0.00   24.73   24.73   clock clk (rise edge)
                          0.00   24.73   clock network delay (ideal)
                          0.00   24.73   clock reconvergence pessimism
                                 24.73 ^ _27758_/CLK (sky130_fd_sc_hd__dfxtp_1)
                         -0.28   24.45   library setup time
                                 24.45   data required time
-----------------------------------------------------------------------------
                                 24.45   data required time
                                -36.30   data arrival time
-----------------------------------------------------------------------------
                                -11.86   slack (VIOLATED)


Startpoint: _27871_ (rising edge-triggered flip-flop clocked by clk)
Endpoint: _27757_ (rising edge-triggered flip-flop clocked by clk)
Path Group: clk
Path Type: max

Fanout     Cap    Slew   Delay    Time   Description
-----------------------------------------------------------------------------
                  0.00    0.00    0.00   clock clk (rise edge)
                          0.00    0.00   clock network delay (ideal)
                  0.00    0.00    0.00 ^ _27871_/CLK (sky130_fd_sc_hd__dfxtp_2)
                  0.20    0.72    0.72 ^ _27871_/Q (sky130_fd_sc_hd__dfxtp_2)
     6    0.02                           irq_mask[12] (net)
                  0.20    0.00    0.72 ^ _13137_/A1 (sky130_fd_sc_hd__o22ai_1)
                  0.10    0.21    0.93 v _13137_/Y (sky130_fd_sc_hd__o22ai_1)
     1    0.00                           _10539_ (net)
                  0.10    0.00    0.93 v _13138_/C1 (sky130_fd_sc_hd__a221o_1)
                  0.09    0.49    1.42 v _13138_/X (sky130_fd_sc_hd__a221o_1)
     1    0.00                           _10540_ (net)
                  0.09    0.00    1.42 v _13157_/A (sky130_fd_sc_hd__or4_4)
                  0.14    1.03    2.45 v _13157_/X (sky130_fd_sc_hd__or4_4)
     1    0.00                           _10559_ (net)
                  0.14    0.00    2.45 v _13160_/A2 (sky130_fd_sc_hd__o2111a_1)
                  0.08    0.44    2.89 v _13160_/X (sky130_fd_sc_hd__o2111a_1)
     2    0.00                           _10562_ (net)
                  0.08    0.00    2.89 v _13161_/C (sky130_fd_sc_hd__or3_1)
                  0.15    0.73    3.62 v _13161_/X (sky130_fd_sc_hd__or3_1)
     2    0.00                           _10563_ (net)
                  0.15    0.00    3.62 v _13164_/A (sky130_fd_sc_hd__or2_1)
                  0.11    0.53    4.15 v _13164_/X (sky130_fd_sc_hd__or2_1)
     2    0.00                           _10565_ (net)
                  0.11    0.00    4.15 v _13165_/C (sky130_fd_sc_hd__or3_4)
                  0.12    0.66    4.81 v _13165_/X (sky130_fd_sc_hd__or3_4)
     4    0.00                           _10566_ (net)
                  0.12    0.00    4.81 v _13690_/B (sky130_fd_sc_hd__or2_2)
                  0.15    0.69    5.50 v _13690_/X (sky130_fd_sc_hd__or2_2)
     5    0.01                           _10910_ (net)
                  0.15    0.00    5.50 v _13691_/C (sky130_fd_sc_hd__or3_2)
                  0.15    0.95    6.45 v _13691_/X (sky130_fd_sc_hd__or3_2)
     2    0.00                           _10911_ (net)
                  0.15    0.00    6.45 v _13692_/B (sky130_fd_sc_hd__or2_2)
                  0.13    0.68    7.13 v _13692_/X (sky130_fd_sc_hd__or2_2)
     3    0.01                           _10912_ (net)
                  0.13    0.00    7.13 v _13693_/B (sky130_fd_sc_hd__or2_1)
                  0.08    0.46    7.59 v _13693_/X (sky130_fd_sc_hd__or2_1)
     2    0.00                           _10913_ (net)
                  0.08    0.00    7.59 v _13694_/B (sky130_fd_sc_hd__or2_2)
                  0.14    0.67    8.26 v _13694_/X (sky130_fd_sc_hd__or2_2)
     3    0.01                           _10914_ (net)
                  0.14    0.00    8.26 v _13695_/B (sky130_fd_sc_hd__or2_1)
                  0.08    0.46    8.72 v _13695_/X (sky130_fd_sc_hd__or2_1)
     2    0.00                           _10915_ (net)
                  0.08    0.00    8.72 v _13696_/B (sky130_fd_sc_hd__or2_1)
                  0.15    0.52    9.24 v _13696_/X (sky130_fd_sc_hd__or2_1)
     3    0.01                           _10916_ (net)
                  0.15    0.00    9.24 v _13697_/B (sky130_fd_sc_hd__or2_1)
                  0.08    0.46    9.70 v _13697_/X (sky130_fd_sc_hd__or2_1)
     2    0.00                           _10917_ (net)
                  0.08    0.00    9.70 v _13698_/B (sky130_fd_sc_hd__or2_1)
                  0.13    0.50   10.20 v _13698_/X (sky130_fd_sc_hd__or2_1)
     3    0.01                           _10918_ (net)
                  0.13    0.00   10.20 v _13699_/B (sky130_fd_sc_hd__or2_1)
                  0.08    0.46   10.66 v _13699_/X (sky130_fd_sc_hd__or2_1)
     2    0.00                           _10919_ (net)
                  0.08    0.00   10.66 v _13700_/B (sky130_fd_sc_hd__or2_2)
                  0.14    0.67   11.32 v _13700_/X (sky130_fd_sc_hd__or2_2)
     3    0.01                           _10920_ (net)
                  0.14    0.00   11.32 v _13701_/B (sky130_fd_sc_hd__or2_1)
                  0.08    0.46   11.79 v _13701_/X (sky130_fd_sc_hd__or2_1)
     2    0.00                           _10921_ (net)
                  0.08    0.00   11.79 v _13702_/B (sky130_fd_sc_hd__or2_2)
                  0.14    0.67   12.45 v _13702_/X (sky130_fd_sc_hd__or2_2)
     3    0.01                           _10922_ (net)
                  0.14    0.00   12.45 v _13703_/B (sky130_fd_sc_hd__or2_1)
                  0.08    0.46   12.92 v _13703_/X (sky130_fd_sc_hd__or2_1)
     2    0.00                           _10923_ (net)
                  0.08    0.00   12.92 v _13704_/B (sky130_fd_sc_hd__or2_1)
                  0.15    0.52   13.44 v _13704_/X (sky130_fd_sc_hd__or2_1)
     3    0.01                           _10924_ (net)
                  0.15    0.00   13.44 v _13705_/B (sky130_fd_sc_hd__or2_1)
                  0.08    0.46   13.90 v _13705_/X (sky130_fd_sc_hd__or2_1)
     2    0.00                           _10925_ (net)
                  0.08    0.00   13.90 v _13706_/B (sky130_fd_sc_hd__or2_2)
                  0.14    0.67   14.57 v _13706_/X (sky130_fd_sc_hd__or2_2)
     3    0.01                           _10926_ (net)
                  0.14    0.00   14.57 v _13707_/B (sky130_fd_sc_hd__or2_1)
                  0.08    0.46   15.03 v _13707_/X (sky130_fd_sc_hd__or2_1)
     2    0.00                           _10927_ (net)
                  0.08    0.00   15.03 v _13708_/B (sky130_fd_sc_hd__or2_2)
                  0.14    0.67   15.70 v _13708_/X (sky130_fd_sc_hd__or2_2)
     3    0.01                           _10928_ (net)
                  0.14    0.00   15.70 v _13709_/B (sky130_fd_sc_hd__or2_1)
                  0.08    0.46   16.16 v _13709_/X (sky130_fd_sc_hd__or2_1)
     2    0.00                           _10929_ (net)
                  0.08    0.00   16.16 v _13710_/B (sky130_fd_sc_hd__or2_2)
                  0.14    0.67   16.82 v _13710_/X (sky130_fd_sc_hd__or2_2)
     3    0.01                           _10930_ (net)
                  0.14    0.00   16.82 v _13711_/B (sky130_fd_sc_hd__or2_1)
                  0.08    0.46   17.29 v _13711_/X (sky130_fd_sc_hd__or2_1)
     2    0.00                           _10931_ (net)
                  0.08    0.00   17.29 v _13712_/B (sky130_fd_sc_hd__or2_2)
                  0.14    0.67   17.95 v _13712_/X (sky130_fd_sc_hd__or2_2)
     3    0.01                           _10932_ (net)
                  0.14    0.00   17.95 v _13713_/B (sky130_fd_sc_hd__or2_1)
                  0.08    0.46   18.42 v _13713_/X (sky130_fd_sc_hd__or2_1)
     2    0.00                           _10933_ (net)
                  0.08    0.00   18.42 v _13714_/B (sky130_fd_sc_hd__or2_2)
                  0.14    0.67   19.08 v _13714_/X (sky130_fd_sc_hd__or2_2)
     3    0.01                           _10934_ (net)
                  0.14    0.00   19.08 v _13715_/B (sky130_fd_sc_hd__or2_1)
                  0.08    0.46   19.55 v _13715_/X (sky130_fd_sc_hd__or2_1)
     2    0.00                           _10935_ (net)
                  0.08    0.00   19.55 v _13716_/B (sky130_fd_sc_hd__or2_1)
                  0.13    0.50   20.05 v _13716_/X (sky130_fd_sc_hd__or2_1)
     3    0.01                           _10936_ (net)
                  0.13    0.00   20.05 v _13717_/B (sky130_fd_sc_hd__or2_1)
                  0.08    0.46   20.50 v _13717_/X (sky130_fd_sc_hd__or2_1)
     2    0.00                           _10937_ (net)
                  0.08    0.00   20.50 v _13718_/B (sky130_fd_sc_hd__or2_2)
                  0.14    0.67   21.17 v _13718_/X (sky130_fd_sc_hd__or2_2)
     3    0.01                           _10938_ (net)
                  0.14    0.00   21.17 v _13719_/B (sky130_fd_sc_hd__or2_1)
                  0.08    0.46   21.63 v _13719_/X (sky130_fd_sc_hd__or2_1)
     2    0.00                           _10939_ (net)
                  0.08    0.00   21.63 v _13720_/B (sky130_fd_sc_hd__or2_1)
                  0.15    0.52   22.15 v _13720_/X (sky130_fd_sc_hd__or2_1)
     3    0.01                           _10940_ (net)
                  0.15    0.00   22.15 v _13721_/B (sky130_fd_sc_hd__or2_1)
                  0.08    0.46   22.61 v _13721_/X (sky130_fd_sc_hd__or2_1)
     2    0.00                           _10941_ (net)
                  0.08    0.00   22.61 v _13722_/B (sky130_fd_sc_hd__or2_1)
                  0.13    0.50   23.11 v _13722_/X (sky130_fd_sc_hd__or2_1)
     3    0.01                           _10942_ (net)
                  0.13    0.00   23.11 v _13723_/B (sky130_fd_sc_hd__or2_1)
                  0.08    0.46   23.57 v _13723_/X (sky130_fd_sc_hd__or2_1)
     2    0.00                           _10943_ (net)
                  0.08    0.00   23.57 v _13724_/B (sky130_fd_sc_hd__or2_1)
                  0.13    0.50   24.07 v _13724_/X (sky130_fd_sc_hd__or2_1)
     3    0.01                           _10944_ (net)
                  0.13    0.00   24.07 v _13725_/B (sky130_fd_sc_hd__or2_1)
                  0.08    0.46   24.53 v _13725_/X (sky130_fd_sc_hd__or2_1)
     2    0.00                           _10945_ (net)
                  0.08    0.00   24.53 v _13726_/B (sky130_fd_sc_hd__or2_1)
                  0.13    0.50   25.03 v _13726_/X (sky130_fd_sc_hd__or2_1)
     3    0.01                           _10946_ (net)
                  0.13    0.00   25.03 v _13727_/B (sky130_fd_sc_hd__or2_1)
                  0.08    0.46   25.48 v _13727_/X (sky130_fd_sc_hd__or2_1)
     2    0.00                           _10947_ (net)
                  0.08    0.00   25.48 v _13728_/B (sky130_fd_sc_hd__or2_2)
                  0.14    0.67   26.15 v _13728_/X (sky130_fd_sc_hd__or2_2)
     3    0.01                           _10948_ (net)
                  0.14    0.00   26.15 v _13729_/B (sky130_fd_sc_hd__or2_1)
                  0.08    0.46   26.61 v _13729_/X (sky130_fd_sc_hd__or2_1)
     2    0.00                           _10949_ (net)
                  0.08    0.00   26.61 v _13730_/B (sky130_fd_sc_hd__or2_1)
                  0.13    0.50   27.11 v _13730_/X (sky130_fd_sc_hd__or2_1)
     3    0.01                           _10950_ (net)
                  0.13    0.00   27.11 v _13731_/B (sky130_fd_sc_hd__or2_1)
                  0.08    0.46   27.57 v _13731_/X (sky130_fd_sc_hd__or2_1)
     2    0.00                           _10951_ (net)
                  0.08    0.00   27.57 v _13732_/B (sky130_fd_sc_hd__or2_1)
                  0.13    0.50   28.07 v _13732_/X (sky130_fd_sc_hd__or2_1)
     3    0.01                           _10952_ (net)
                  0.13    0.00   28.07 v _13733_/B (sky130_fd_sc_hd__or2_1)
                  0.08    0.46   28.53 v _13733_/X (sky130_fd_sc_hd__or2_1)
     2    0.00                           _10953_ (net)
                  0.08    0.00   28.53 v _13734_/B (sky130_fd_sc_hd__or2_1)
                  0.13    0.50   29.03 v _13734_/X (sky130_fd_sc_hd__or2_1)
     3    0.01                           _10954_ (net)
                  0.13    0.00   29.03 v _13735_/B (sky130_fd_sc_hd__or2_1)
                  0.08    0.46   29.48 v _13735_/X (sky130_fd_sc_hd__or2_1)
     2    0.00                           _10955_ (net)
                  0.08    0.00   29.48 v _13736_/B (sky130_fd_sc_hd__or2_1)
                  0.13    0.50   29.98 v _13736_/X (sky130_fd_sc_hd__or2_1)
     3    0.01                           _10956_ (net)
                  0.13    0.00   29.98 v _13737_/B (sky130_fd_sc_hd__or2_1)
                  0.08    0.46   30.44 v _13737_/X (sky130_fd_sc_hd__or2_1)
     2    0.00                           _10957_ (net)
                  0.08    0.00   30.44 v _13738_/B (sky130_fd_sc_hd__or2_1)
                  0.13    0.50   30.94 v _13738_/X (sky130_fd_sc_hd__or2_1)
     3    0.01                           _10958_ (net)
                  0.13    0.00   30.94 v _13739_/B (sky130_fd_sc_hd__or2_1)
                  0.08    0.46   31.39 v _13739_/X (sky130_fd_sc_hd__or2_1)
     2    0.00                           _10959_ (net)
                  0.08    0.00   31.39 v _13740_/B (sky130_fd_sc_hd__or2_1)
                  0.13    0.50   31.89 v _13740_/X (sky130_fd_sc_hd__or2_1)
     3    0.01                           _10960_ (net)
                  0.13    0.00   31.89 v _13741_/B (sky130_fd_sc_hd__or2_1)
                  0.08    0.46   32.35 v _13741_/X (sky130_fd_sc_hd__or2_1)
     2    0.00                           _10961_ (net)
                  0.08    0.00   32.35 v _13742_/B (sky130_fd_sc_hd__or2_2)
                  0.14    0.67   33.02 v _13742_/X (sky130_fd_sc_hd__or2_2)
     3    0.01                           _10962_ (net)
                  0.14    0.00   33.02 v _13743_/B (sky130_fd_sc_hd__or2_1)
                  0.08    0.46   33.48 v _13743_/X (sky130_fd_sc_hd__or2_1)
     2    0.00                           _10963_ (net)
                  0.08    0.00   33.48 v _13744_/B (sky130_fd_sc_hd__or2_1)
                  0.15    0.52   34.00 v _13744_/X (sky130_fd_sc_hd__or2_1)
     3    0.01                           _10964_ (net)
                  0.15    0.00   34.00 v _13745_/B (sky130_fd_sc_hd__or2_1)
                  0.08    0.46   34.46 v _13745_/X (sky130_fd_sc_hd__or2_1)
     2    0.00                           _10965_ (net)
                  0.08    0.00   34.46 v _13746_/B (sky130_fd_sc_hd__or2_1)
                  0.13    0.50   34.96 v _13746_/X (sky130_fd_sc_hd__or2_1)
     3    0.01                           _10966_ (net)
                  0.13    0.00   34.96 v _13762_/A2 (sky130_fd_sc_hd__a211oi_1)
                  0.25    0.36   35.33 ^ _13762_/Y (sky130_fd_sc_hd__a211oi_1)
     1    0.00                           _03923_ (net)
                  0.25    0.00   35.33 ^ _27757_/D (sky130_fd_sc_hd__dfxtp_1)
                                 35.33   data arrival time

                  0.00   24.73   24.73   clock clk (rise edge)
                          0.00   24.73   clock network delay (ideal)
                          0.00   24.73   clock reconvergence pessimism
                                 24.73 ^ _27757_/CLK (sky130_fd_sc_hd__dfxtp_1)
                         -0.19   24.54   library setup time
                                 24.54   data required time
-----------------------------------------------------------------------------
                                 24.54   data required time
                                -35.33   data arrival time
-----------------------------------------------------------------------------
                                -10.78   slack (VIOLATED)


Startpoint: _27871_ (rising edge-triggered flip-flop clocked by clk)
Endpoint: _27756_ (rising edge-triggered flip-flop clocked by clk)
Path Group: clk
Path Type: max

Fanout     Cap    Slew   Delay    Time   Description
-----------------------------------------------------------------------------
                  0.00    0.00    0.00   clock clk (rise edge)
                          0.00    0.00   clock network delay (ideal)
                  0.00    0.00    0.00 ^ _27871_/CLK (sky130_fd_sc_hd__dfxtp_2)
                  0.20    0.72    0.72 ^ _27871_/Q (sky130_fd_sc_hd__dfxtp_2)
     6    0.02                           irq_mask[12] (net)
                  0.20    0.00    0.72 ^ _13137_/A1 (sky130_fd_sc_hd__o22ai_1)
                  0.10    0.21    0.93 v _13137_/Y (sky130_fd_sc_hd__o22ai_1)
     1    0.00                           _10539_ (net)
                  0.10    0.00    0.93 v _13138_/C1 (sky130_fd_sc_hd__a221o_1)
                  0.09    0.49    1.42 v _13138_/X (sky130_fd_sc_hd__a221o_1)
     1    0.00                           _10540_ (net)
                  0.09    0.00    1.42 v _13157_/A (sky130_fd_sc_hd__or4_4)
                  0.14    1.03    2.45 v _13157_/X (sky130_fd_sc_hd__or4_4)
     1    0.00                           _10559_ (net)
                  0.14    0.00    2.45 v _13160_/A2 (sky130_fd_sc_hd__o2111a_1)
                  0.08    0.44    2.89 v _13160_/X (sky130_fd_sc_hd__o2111a_1)
     2    0.00                           _10562_ (net)
                  0.08    0.00    2.89 v _13161_/C (sky130_fd_sc_hd__or3_1)
                  0.15    0.73    3.62 v _13161_/X (sky130_fd_sc_hd__or3_1)
     2    0.00                           _10563_ (net)
                  0.15    0.00    3.62 v _13164_/A (sky130_fd_sc_hd__or2_1)
                  0.11    0.53    4.15 v _13164_/X (sky130_fd_sc_hd__or2_1)
     2    0.00                           _10565_ (net)
                  0.11    0.00    4.15 v _13165_/C (sky130_fd_sc_hd__or3_4)
                  0.12    0.66    4.81 v _13165_/X (sky130_fd_sc_hd__or3_4)
     4    0.00                           _10566_ (net)
                  0.12    0.00    4.81 v _13690_/B (sky130_fd_sc_hd__or2_2)
                  0.15    0.69    5.50 v _13690_/X (sky130_fd_sc_hd__or2_2)
     5    0.01                           _10910_ (net)
                  0.15    0.00    5.50 v _13691_/C (sky130_fd_sc_hd__or3_2)
                  0.15    0.95    6.45 v _13691_/X (sky130_fd_sc_hd__or3_2)
     2    0.00                           _10911_ (net)
                  0.15    0.00    6.45 v _13692_/B (sky130_fd_sc_hd__or2_2)
                  0.13    0.68    7.13 v _13692_/X (sky130_fd_sc_hd__or2_2)
     3    0.01                           _10912_ (net)
                  0.13    0.00    7.13 v _13693_/B (sky130_fd_sc_hd__or2_1)
                  0.08    0.46    7.59 v _13693_/X (sky130_fd_sc_hd__or2_1)
     2    0.00                           _10913_ (net)
                  0.08    0.00    7.59 v _13694_/B (sky130_fd_sc_hd__or2_2)
                  0.14    0.67    8.26 v _13694_/X (sky130_fd_sc_hd__or2_2)
     3    0.01                           _10914_ (net)
                  0.14    0.00    8.26 v _13695_/B (sky130_fd_sc_hd__or2_1)
                  0.08    0.46    8.72 v _13695_/X (sky130_fd_sc_hd__or2_1)
     2    0.00                           _10915_ (net)
                  0.08    0.00    8.72 v _13696_/B (sky130_fd_sc_hd__or2_1)
                  0.15    0.52    9.24 v _13696_/X (sky130_fd_sc_hd__or2_1)
     3    0.01                           _10916_ (net)
                  0.15    0.00    9.24 v _13697_/B (sky130_fd_sc_hd__or2_1)
                  0.08    0.46    9.70 v _13697_/X (sky130_fd_sc_hd__or2_1)
     2    0.00                           _10917_ (net)
                  0.08    0.00    9.70 v _13698_/B (sky130_fd_sc_hd__or2_1)
                  0.13    0.50   10.20 v _13698_/X (sky130_fd_sc_hd__or2_1)
     3    0.01                           _10918_ (net)
                  0.13    0.00   10.20 v _13699_/B (sky130_fd_sc_hd__or2_1)
                  0.08    0.46   10.66 v _13699_/X (sky130_fd_sc_hd__or2_1)
     2    0.00                           _10919_ (net)
                  0.08    0.00   10.66 v _13700_/B (sky130_fd_sc_hd__or2_2)
                  0.14    0.67   11.32 v _13700_/X (sky130_fd_sc_hd__or2_2)
     3    0.01                           _10920_ (net)
                  0.14    0.00   11.32 v _13701_/B (sky130_fd_sc_hd__or2_1)
                  0.08    0.46   11.79 v _13701_/X (sky130_fd_sc_hd__or2_1)
     2    0.00                           _10921_ (net)
                  0.08    0.00   11.79 v _13702_/B (sky130_fd_sc_hd__or2_2)
                  0.14    0.67   12.45 v _13702_/X (sky130_fd_sc_hd__or2_2)
     3    0.01                           _10922_ (net)
                  0.14    0.00   12.45 v _13703_/B (sky130_fd_sc_hd__or2_1)
                  0.08    0.46   12.92 v _13703_/X (sky130_fd_sc_hd__or2_1)
     2    0.00                           _10923_ (net)
                  0.08    0.00   12.92 v _13704_/B (sky130_fd_sc_hd__or2_1)
                  0.15    0.52   13.44 v _13704_/X (sky130_fd_sc_hd__or2_1)
     3    0.01                           _10924_ (net)
                  0.15    0.00   13.44 v _13705_/B (sky130_fd_sc_hd__or2_1)
                  0.08    0.46   13.90 v _13705_/X (sky130_fd_sc_hd__or2_1)
     2    0.00                           _10925_ (net)
                  0.08    0.00   13.90 v _13706_/B (sky130_fd_sc_hd__or2_2)
                  0.14    0.67   14.57 v _13706_/X (sky130_fd_sc_hd__or2_2)
     3    0.01                           _10926_ (net)
                  0.14    0.00   14.57 v _13707_/B (sky130_fd_sc_hd__or2_1)
                  0.08    0.46   15.03 v _13707_/X (sky130_fd_sc_hd__or2_1)
     2    0.00                           _10927_ (net)
                  0.08    0.00   15.03 v _13708_/B (sky130_fd_sc_hd__or2_2)
                  0.14    0.67   15.70 v _13708_/X (sky130_fd_sc_hd__or2_2)
     3    0.01                           _10928_ (net)
                  0.14    0.00   15.70 v _13709_/B (sky130_fd_sc_hd__or2_1)
                  0.08    0.46   16.16 v _13709_/X (sky130_fd_sc_hd__or2_1)
     2    0.00                           _10929_ (net)
                  0.08    0.00   16.16 v _13710_/B (sky130_fd_sc_hd__or2_2)
                  0.14    0.67   16.82 v _13710_/X (sky130_fd_sc_hd__or2_2)
     3    0.01                           _10930_ (net)
                  0.14    0.00   16.82 v _13711_/B (sky130_fd_sc_hd__or2_1)
                  0.08    0.46   17.29 v _13711_/X (sky130_fd_sc_hd__or2_1)
     2    0.00                           _10931_ (net)
                  0.08    0.00   17.29 v _13712_/B (sky130_fd_sc_hd__or2_2)
                  0.14    0.67   17.95 v _13712_/X (sky130_fd_sc_hd__or2_2)
     3    0.01                           _10932_ (net)
                  0.14    0.00   17.95 v _13713_/B (sky130_fd_sc_hd__or2_1)
                  0.08    0.46   18.42 v _13713_/X (sky130_fd_sc_hd__or2_1)
     2    0.00                           _10933_ (net)
                  0.08    0.00   18.42 v _13714_/B (sky130_fd_sc_hd__or2_2)
                  0.14    0.67   19.08 v _13714_/X (sky130_fd_sc_hd__or2_2)
     3    0.01                           _10934_ (net)
                  0.14    0.00   19.08 v _13715_/B (sky130_fd_sc_hd__or2_1)
                  0.08    0.46   19.55 v _13715_/X (sky130_fd_sc_hd__or2_1)
     2    0.00                           _10935_ (net)
                  0.08    0.00   19.55 v _13716_/B (sky130_fd_sc_hd__or2_1)
                  0.13    0.50   20.05 v _13716_/X (sky130_fd_sc_hd__or2_1)
     3    0.01                           _10936_ (net)
                  0.13    0.00   20.05 v _13717_/B (sky130_fd_sc_hd__or2_1)
                  0.08    0.46   20.50 v _13717_/X (sky130_fd_sc_hd__or2_1)
     2    0.00                           _10937_ (net)
                  0.08    0.00   20.50 v _13718_/B (sky130_fd_sc_hd__or2_2)
                  0.14    0.67   21.17 v _13718_/X (sky130_fd_sc_hd__or2_2)
     3    0.01                           _10938_ (net)
                  0.14    0.00   21.17 v _13719_/B (sky130_fd_sc_hd__or2_1)
                  0.08    0.46   21.63 v _13719_/X (sky130_fd_sc_hd__or2_1)
     2    0.00                           _10939_ (net)
                  0.08    0.00   21.63 v _13720_/B (sky130_fd_sc_hd__or2_1)
                  0.15    0.52   22.15 v _13720_/X (sky130_fd_sc_hd__or2_1)
     3    0.01                           _10940_ (net)
                  0.15    0.00   22.15 v _13721_/B (sky130_fd_sc_hd__or2_1)
                  0.08    0.46   22.61 v _13721_/X (sky130_fd_sc_hd__or2_1)
     2    0.00                           _10941_ (net)
                  0.08    0.00   22.61 v _13722_/B (sky130_fd_sc_hd__or2_1)
                  0.13    0.50   23.11 v _13722_/X (sky130_fd_sc_hd__or2_1)
     3    0.01                           _10942_ (net)
                  0.13    0.00   23.11 v _13723_/B (sky130_fd_sc_hd__or2_1)
                  0.08    0.46   23.57 v _13723_/X (sky130_fd_sc_hd__or2_1)
     2    0.00                           _10943_ (net)
                  0.08    0.00   23.57 v _13724_/B (sky130_fd_sc_hd__or2_1)
                  0.13    0.50   24.07 v _13724_/X (sky130_fd_sc_hd__or2_1)
     3    0.01                           _10944_ (net)
                  0.13    0.00   24.07 v _13725_/B (sky130_fd_sc_hd__or2_1)
                  0.08    0.46   24.53 v _13725_/X (sky130_fd_sc_hd__or2_1)
     2    0.00                           _10945_ (net)
                  0.08    0.00   24.53 v _13726_/B (sky130_fd_sc_hd__or2_1)
                  0.13    0.50   25.03 v _13726_/X (sky130_fd_sc_hd__or2_1)
     3    0.01                           _10946_ (net)
                  0.13    0.00   25.03 v _13727_/B (sky130_fd_sc_hd__or2_1)
                  0.08    0.46   25.48 v _13727_/X (sky130_fd_sc_hd__or2_1)
     2    0.00                           _10947_ (net)
                  0.08    0.00   25.48 v _13728_/B (sky130_fd_sc_hd__or2_2)
                  0.14    0.67   26.15 v _13728_/X (sky130_fd_sc_hd__or2_2)
     3    0.01                           _10948_ (net)
                  0.14    0.00   26.15 v _13729_/B (sky130_fd_sc_hd__or2_1)
                  0.08    0.46   26.61 v _13729_/X (sky130_fd_sc_hd__or2_1)
     2    0.00                           _10949_ (net)
                  0.08    0.00   26.61 v _13730_/B (sky130_fd_sc_hd__or2_1)
                  0.13    0.50   27.11 v _13730_/X (sky130_fd_sc_hd__or2_1)
     3    0.01                           _10950_ (net)
                  0.13    0.00   27.11 v _13731_/B (sky130_fd_sc_hd__or2_1)
                  0.08    0.46   27.57 v _13731_/X (sky130_fd_sc_hd__or2_1)
     2    0.00                           _10951_ (net)
                  0.08    0.00   27.57 v _13732_/B (sky130_fd_sc_hd__or2_1)
                  0.13    0.50   28.07 v _13732_/X (sky130_fd_sc_hd__or2_1)
     3    0.01                           _10952_ (net)
                  0.13    0.00   28.07 v _13733_/B (sky130_fd_sc_hd__or2_1)
                  0.08    0.46   28.53 v _13733_/X (sky130_fd_sc_hd__or2_1)
     2    0.00                           _10953_ (net)
                  0.08    0.00   28.53 v _13734_/B (sky130_fd_sc_hd__or2_1)
                  0.13    0.50   29.03 v _13734_/X (sky130_fd_sc_hd__or2_1)
     3    0.01                           _10954_ (net)
                  0.13    0.00   29.03 v _13735_/B (sky130_fd_sc_hd__or2_1)
                  0.08    0.46   29.48 v _13735_/X (sky130_fd_sc_hd__or2_1)
     2    0.00                           _10955_ (net)
                  0.08    0.00   29.48 v _13736_/B (sky130_fd_sc_hd__or2_1)
                  0.13    0.50   29.98 v _13736_/X (sky130_fd_sc_hd__or2_1)
     3    0.01                           _10956_ (net)
                  0.13    0.00   29.98 v _13737_/B (sky130_fd_sc_hd__or2_1)
                  0.08    0.46   30.44 v _13737_/X (sky130_fd_sc_hd__or2_1)
     2    0.00                           _10957_ (net)
                  0.08    0.00   30.44 v _13738_/B (sky130_fd_sc_hd__or2_1)
                  0.13    0.50   30.94 v _13738_/X (sky130_fd_sc_hd__or2_1)
     3    0.01                           _10958_ (net)
                  0.13    0.00   30.94 v _13739_/B (sky130_fd_sc_hd__or2_1)
                  0.08    0.46   31.39 v _13739_/X (sky130_fd_sc_hd__or2_1)
     2    0.00                           _10959_ (net)
                  0.08    0.00   31.39 v _13740_/B (sky130_fd_sc_hd__or2_1)
                  0.13    0.50   31.89 v _13740_/X (sky130_fd_sc_hd__or2_1)
     3    0.01                           _10960_ (net)
                  0.13    0.00   31.89 v _13741_/B (sky130_fd_sc_hd__or2_1)
                  0.08    0.46   32.35 v _13741_/X (sky130_fd_sc_hd__or2_1)
     2    0.00                           _10961_ (net)
                  0.08    0.00   32.35 v _13742_/B (sky130_fd_sc_hd__or2_2)
                  0.14    0.67   33.02 v _13742_/X (sky130_fd_sc_hd__or2_2)
     3    0.01                           _10962_ (net)
                  0.14    0.00   33.02 v _13743_/B (sky130_fd_sc_hd__or2_1)
                  0.08    0.46   33.48 v _13743_/X (sky130_fd_sc_hd__or2_1)
     2    0.00                           _10963_ (net)
                  0.08    0.00   33.48 v _13744_/B (sky130_fd_sc_hd__or2_1)
                  0.15    0.52   34.00 v _13744_/X (sky130_fd_sc_hd__or2_1)
     3    0.01                           _10964_ (net)
                  0.15    0.00   34.00 v _13745_/B (sky130_fd_sc_hd__or2_1)
                  0.08    0.46   34.46 v _13745_/X (sky130_fd_sc_hd__or2_1)
     2    0.00                           _10965_ (net)
                  0.08    0.00   34.46 v _13746_/B (sky130_fd_sc_hd__or2_1)
                  0.13    0.50   34.96 v _13746_/X (sky130_fd_sc_hd__or2_1)
     3    0.01                           _10966_ (net)
                  0.13    0.00   34.96 v _13764_/C1 (sky130_fd_sc_hd__o211a_1)
                  0.06    0.21   35.17 v _13764_/X (sky130_fd_sc_hd__o211a_1)
     1    0.00                           _03922_ (net)
                  0.06    0.00   35.17 v _27756_/D (sky130_fd_sc_hd__dfxtp_1)
                                 35.17   data arrival time

                  0.00   24.73   24.73   clock clk (rise edge)
                          0.00   24.73   clock network delay (ideal)
                          0.00   24.73   clock reconvergence pessimism
                                 24.73 ^ _27756_/CLK (sky130_fd_sc_hd__dfxtp_1)
                         -0.28   24.45   library setup time
                                 24.45   data required time
-----------------------------------------------------------------------------
                                 24.45   data required time
                                -35.17   data arrival time
-----------------------------------------------------------------------------
                                -10.73   slack (VIOLATED)


Startpoint: _27871_ (rising edge-triggered flip-flop clocked by clk)
Endpoint: _27755_ (rising edge-triggered flip-flop clocked by clk)
Path Group: clk
Path Type: max

Fanout     Cap    Slew   Delay    Time   Description
-----------------------------------------------------------------------------
                  0.00    0.00    0.00   clock clk (rise edge)
                          0.00    0.00   clock network delay (ideal)
                  0.00    0.00    0.00 ^ _27871_/CLK (sky130_fd_sc_hd__dfxtp_2)
                  0.20    0.72    0.72 ^ _27871_/Q (sky130_fd_sc_hd__dfxtp_2)
     6    0.02                           irq_mask[12] (net)
                  0.20    0.00    0.72 ^ _13137_/A1 (sky130_fd_sc_hd__o22ai_1)
                  0.10    0.21    0.93 v _13137_/Y (sky130_fd_sc_hd__o22ai_1)
     1    0.00                           _10539_ (net)
                  0.10    0.00    0.93 v _13138_/C1 (sky130_fd_sc_hd__a221o_1)
                  0.09    0.49    1.42 v _13138_/X (sky130_fd_sc_hd__a221o_1)
     1    0.00                           _10540_ (net)
                  0.09    0.00    1.42 v _13157_/A (sky130_fd_sc_hd__or4_4)
                  0.14    1.03    2.45 v _13157_/X (sky130_fd_sc_hd__or4_4)
     1    0.00                           _10559_ (net)
                  0.14    0.00    2.45 v _13160_/A2 (sky130_fd_sc_hd__o2111a_1)
                  0.08    0.44    2.89 v _13160_/X (sky130_fd_sc_hd__o2111a_1)
     2    0.00                           _10562_ (net)
                  0.08    0.00    2.89 v _13161_/C (sky130_fd_sc_hd__or3_1)
                  0.15    0.73    3.62 v _13161_/X (sky130_fd_sc_hd__or3_1)
     2    0.00                           _10563_ (net)
                  0.15    0.00    3.62 v _13164_/A (sky130_fd_sc_hd__or2_1)
                  0.11    0.53    4.15 v _13164_/X (sky130_fd_sc_hd__or2_1)
     2    0.00                           _10565_ (net)
                  0.11    0.00    4.15 v _13165_/C (sky130_fd_sc_hd__or3_4)
                  0.12    0.66    4.81 v _13165_/X (sky130_fd_sc_hd__or3_4)
     4    0.00                           _10566_ (net)
                  0.12    0.00    4.81 v _13690_/B (sky130_fd_sc_hd__or2_2)
                  0.15    0.69    5.50 v _13690_/X (sky130_fd_sc_hd__or2_2)
     5    0.01                           _10910_ (net)
                  0.15    0.00    5.50 v _13691_/C (sky130_fd_sc_hd__or3_2)
                  0.15    0.95    6.45 v _13691_/X (sky130_fd_sc_hd__or3_2)
     2    0.00                           _10911_ (net)
                  0.15    0.00    6.45 v _13692_/B (sky130_fd_sc_hd__or2_2)
                  0.13    0.68    7.13 v _13692_/X (sky130_fd_sc_hd__or2_2)
     3    0.01                           _10912_ (net)
                  0.13    0.00    7.13 v _13693_/B (sky130_fd_sc_hd__or2_1)
                  0.08    0.46    7.59 v _13693_/X (sky130_fd_sc_hd__or2_1)
     2    0.00                           _10913_ (net)
                  0.08    0.00    7.59 v _13694_/B (sky130_fd_sc_hd__or2_2)
                  0.14    0.67    8.26 v _13694_/X (sky130_fd_sc_hd__or2_2)
     3    0.01                           _10914_ (net)
                  0.14    0.00    8.26 v _13695_/B (sky130_fd_sc_hd__or2_1)
                  0.08    0.46    8.72 v _13695_/X (sky130_fd_sc_hd__or2_1)
     2    0.00                           _10915_ (net)
                  0.08    0.00    8.72 v _13696_/B (sky130_fd_sc_hd__or2_1)
                  0.15    0.52    9.24 v _13696_/X (sky130_fd_sc_hd__or2_1)
     3    0.01                           _10916_ (net)
                  0.15    0.00    9.24 v _13697_/B (sky130_fd_sc_hd__or2_1)
                  0.08    0.46    9.70 v _13697_/X (sky130_fd_sc_hd__or2_1)
     2    0.00                           _10917_ (net)
                  0.08    0.00    9.70 v _13698_/B (sky130_fd_sc_hd__or2_1)
                  0.13    0.50   10.20 v _13698_/X (sky130_fd_sc_hd__or2_1)
     3    0.01                           _10918_ (net)
                  0.13    0.00   10.20 v _13699_/B (sky130_fd_sc_hd__or2_1)
                  0.08    0.46   10.66 v _13699_/X (sky130_fd_sc_hd__or2_1)
     2    0.00                           _10919_ (net)
                  0.08    0.00   10.66 v _13700_/B (sky130_fd_sc_hd__or2_2)
                  0.14    0.67   11.32 v _13700_/X (sky130_fd_sc_hd__or2_2)
     3    0.01                           _10920_ (net)
                  0.14    0.00   11.32 v _13701_/B (sky130_fd_sc_hd__or2_1)
                  0.08    0.46   11.79 v _13701_/X (sky130_fd_sc_hd__or2_1)
     2    0.00                           _10921_ (net)
                  0.08    0.00   11.79 v _13702_/B (sky130_fd_sc_hd__or2_2)
                  0.14    0.67   12.45 v _13702_/X (sky130_fd_sc_hd__or2_2)
     3    0.01                           _10922_ (net)
                  0.14    0.00   12.45 v _13703_/B (sky130_fd_sc_hd__or2_1)
                  0.08    0.46   12.92 v _13703_/X (sky130_fd_sc_hd__or2_1)
     2    0.00                           _10923_ (net)
                  0.08    0.00   12.92 v _13704_/B (sky130_fd_sc_hd__or2_1)
                  0.15    0.52   13.44 v _13704_/X (sky130_fd_sc_hd__or2_1)
     3    0.01                           _10924_ (net)
                  0.15    0.00   13.44 v _13705_/B (sky130_fd_sc_hd__or2_1)
                  0.08    0.46   13.90 v _13705_/X (sky130_fd_sc_hd__or2_1)
     2    0.00                           _10925_ (net)
                  0.08    0.00   13.90 v _13706_/B (sky130_fd_sc_hd__or2_2)
                  0.14    0.67   14.57 v _13706_/X (sky130_fd_sc_hd__or2_2)
     3    0.01                           _10926_ (net)
                  0.14    0.00   14.57 v _13707_/B (sky130_fd_sc_hd__or2_1)
                  0.08    0.46   15.03 v _13707_/X (sky130_fd_sc_hd__or2_1)
     2    0.00                           _10927_ (net)
                  0.08    0.00   15.03 v _13708_/B (sky130_fd_sc_hd__or2_2)
                  0.14    0.67   15.70 v _13708_/X (sky130_fd_sc_hd__or2_2)
     3    0.01                           _10928_ (net)
                  0.14    0.00   15.70 v _13709_/B (sky130_fd_sc_hd__or2_1)
                  0.08    0.46   16.16 v _13709_/X (sky130_fd_sc_hd__or2_1)
     2    0.00                           _10929_ (net)
                  0.08    0.00   16.16 v _13710_/B (sky130_fd_sc_hd__or2_2)
                  0.14    0.67   16.82 v _13710_/X (sky130_fd_sc_hd__or2_2)
     3    0.01                           _10930_ (net)
                  0.14    0.00   16.82 v _13711_/B (sky130_fd_sc_hd__or2_1)
                  0.08    0.46   17.29 v _13711_/X (sky130_fd_sc_hd__or2_1)
     2    0.00                           _10931_ (net)
                  0.08    0.00   17.29 v _13712_/B (sky130_fd_sc_hd__or2_2)
                  0.14    0.67   17.95 v _13712_/X (sky130_fd_sc_hd__or2_2)
     3    0.01                           _10932_ (net)
                  0.14    0.00   17.95 v _13713_/B (sky130_fd_sc_hd__or2_1)
                  0.08    0.46   18.42 v _13713_/X (sky130_fd_sc_hd__or2_1)
     2    0.00                           _10933_ (net)
                  0.08    0.00   18.42 v _13714_/B (sky130_fd_sc_hd__or2_2)
                  0.14    0.67   19.08 v _13714_/X (sky130_fd_sc_hd__or2_2)
     3    0.01                           _10934_ (net)
                  0.14    0.00   19.08 v _13715_/B (sky130_fd_sc_hd__or2_1)
                  0.08    0.46   19.55 v _13715_/X (sky130_fd_sc_hd__or2_1)
     2    0.00                           _10935_ (net)
                  0.08    0.00   19.55 v _13716_/B (sky130_fd_sc_hd__or2_1)
                  0.13    0.50   20.05 v _13716_/X (sky130_fd_sc_hd__or2_1)
     3    0.01                           _10936_ (net)
                  0.13    0.00   20.05 v _13717_/B (sky130_fd_sc_hd__or2_1)
                  0.08    0.46   20.50 v _13717_/X (sky130_fd_sc_hd__or2_1)
     2    0.00                           _10937_ (net)
                  0.08    0.00   20.50 v _13718_/B (sky130_fd_sc_hd__or2_2)
                  0.14    0.67   21.17 v _13718_/X (sky130_fd_sc_hd__or2_2)
     3    0.01                           _10938_ (net)
                  0.14    0.00   21.17 v _13719_/B (sky130_fd_sc_hd__or2_1)
                  0.08    0.46   21.63 v _13719_/X (sky130_fd_sc_hd__or2_1)
     2    0.00                           _10939_ (net)
                  0.08    0.00   21.63 v _13720_/B (sky130_fd_sc_hd__or2_1)
                  0.15    0.52   22.15 v _13720_/X (sky130_fd_sc_hd__or2_1)
     3    0.01                           _10940_ (net)
                  0.15    0.00   22.15 v _13721_/B (sky130_fd_sc_hd__or2_1)
                  0.08    0.46   22.61 v _13721_/X (sky130_fd_sc_hd__or2_1)
     2    0.00                           _10941_ (net)
                  0.08    0.00   22.61 v _13722_/B (sky130_fd_sc_hd__or2_1)
                  0.13    0.50   23.11 v _13722_/X (sky130_fd_sc_hd__or2_1)
     3    0.01                           _10942_ (net)
                  0.13    0.00   23.11 v _13723_/B (sky130_fd_sc_hd__or2_1)
                  0.08    0.46   23.57 v _13723_/X (sky130_fd_sc_hd__or2_1)
     2    0.00                           _10943_ (net)
                  0.08    0.00   23.57 v _13724_/B (sky130_fd_sc_hd__or2_1)
                  0.13    0.50   24.07 v _13724_/X (sky130_fd_sc_hd__or2_1)
     3    0.01                           _10944_ (net)
                  0.13    0.00   24.07 v _13725_/B (sky130_fd_sc_hd__or2_1)
                  0.08    0.46   24.53 v _13725_/X (sky130_fd_sc_hd__or2_1)
     2    0.00                           _10945_ (net)
                  0.08    0.00   24.53 v _13726_/B (sky130_fd_sc_hd__or2_1)
                  0.13    0.50   25.03 v _13726_/X (sky130_fd_sc_hd__or2_1)
     3    0.01                           _10946_ (net)
                  0.13    0.00   25.03 v _13727_/B (sky130_fd_sc_hd__or2_1)
                  0.08    0.46   25.48 v _13727_/X (sky130_fd_sc_hd__or2_1)
     2    0.00                           _10947_ (net)
                  0.08    0.00   25.48 v _13728_/B (sky130_fd_sc_hd__or2_2)
                  0.14    0.67   26.15 v _13728_/X (sky130_fd_sc_hd__or2_2)
     3    0.01                           _10948_ (net)
                  0.14    0.00   26.15 v _13729_/B (sky130_fd_sc_hd__or2_1)
                  0.08    0.46   26.61 v _13729_/X (sky130_fd_sc_hd__or2_1)
     2    0.00                           _10949_ (net)
                  0.08    0.00   26.61 v _13730_/B (sky130_fd_sc_hd__or2_1)
                  0.13    0.50   27.11 v _13730_/X (sky130_fd_sc_hd__or2_1)
     3    0.01                           _10950_ (net)
                  0.13    0.00   27.11 v _13731_/B (sky130_fd_sc_hd__or2_1)
                  0.08    0.46   27.57 v _13731_/X (sky130_fd_sc_hd__or2_1)
     2    0.00                           _10951_ (net)
                  0.08    0.00   27.57 v _13732_/B (sky130_fd_sc_hd__or2_1)
                  0.13    0.50   28.07 v _13732_/X (sky130_fd_sc_hd__or2_1)
     3    0.01                           _10952_ (net)
                  0.13    0.00   28.07 v _13733_/B (sky130_fd_sc_hd__or2_1)
                  0.08    0.46   28.53 v _13733_/X (sky130_fd_sc_hd__or2_1)
     2    0.00                           _10953_ (net)
                  0.08    0.00   28.53 v _13734_/B (sky130_fd_sc_hd__or2_1)
                  0.13    0.50   29.03 v _13734_/X (sky130_fd_sc_hd__or2_1)
     3    0.01                           _10954_ (net)
                  0.13    0.00   29.03 v _13735_/B (sky130_fd_sc_hd__or2_1)
                  0.08    0.46   29.48 v _13735_/X (sky130_fd_sc_hd__or2_1)
     2    0.00                           _10955_ (net)
                  0.08    0.00   29.48 v _13736_/B (sky130_fd_sc_hd__or2_1)
                  0.13    0.50   29.98 v _13736_/X (sky130_fd_sc_hd__or2_1)
     3    0.01                           _10956_ (net)
                  0.13    0.00   29.98 v _13737_/B (sky130_fd_sc_hd__or2_1)
                  0.08    0.46   30.44 v _13737_/X (sky130_fd_sc_hd__or2_1)
     2    0.00                           _10957_ (net)
                  0.08    0.00   30.44 v _13738_/B (sky130_fd_sc_hd__or2_1)
                  0.13    0.50   30.94 v _13738_/X (sky130_fd_sc_hd__or2_1)
     3    0.01                           _10958_ (net)
                  0.13    0.00   30.94 v _13739_/B (sky130_fd_sc_hd__or2_1)
                  0.08    0.46   31.39 v _13739_/X (sky130_fd_sc_hd__or2_1)
     2    0.00                           _10959_ (net)
                  0.08    0.00   31.39 v _13740_/B (sky130_fd_sc_hd__or2_1)
                  0.13    0.50   31.89 v _13740_/X (sky130_fd_sc_hd__or2_1)
     3    0.01                           _10960_ (net)
                  0.13    0.00   31.89 v _13741_/B (sky130_fd_sc_hd__or2_1)
                  0.08    0.46   32.35 v _13741_/X (sky130_fd_sc_hd__or2_1)
     2    0.00                           _10961_ (net)
                  0.08    0.00   32.35 v _13742_/B (sky130_fd_sc_hd__or2_2)
                  0.14    0.67   33.02 v _13742_/X (sky130_fd_sc_hd__or2_2)
     3    0.01                           _10962_ (net)
                  0.14    0.00   33.02 v _13743_/B (sky130_fd_sc_hd__or2_1)
                  0.08    0.46   33.48 v _13743_/X (sky130_fd_sc_hd__or2_1)
     2    0.00                           _10963_ (net)
                  0.08    0.00   33.48 v _13744_/B (sky130_fd_sc_hd__or2_1)
                  0.15    0.52   34.00 v _13744_/X (sky130_fd_sc_hd__or2_1)
     3    0.01                           _10964_ (net)
                  0.15    0.00   34.00 v _13765_/A2 (sky130_fd_sc_hd__a211oi_2)
                  0.20    0.35   34.35 ^ _13765_/Y (sky130_fd_sc_hd__a211oi_2)
     1    0.00                           _03921_ (net)
                  0.20    0.00   34.35 ^ _27755_/D (sky130_fd_sc_hd__dfxtp_1)
                                 34.35   data arrival time

                  0.00   24.73   24.73   clock clk (rise edge)
                          0.00   24.73   clock network delay (ideal)
                          0.00   24.73   clock reconvergence pessimism
                                 24.73 ^ _27755_/CLK (sky130_fd_sc_hd__dfxtp_1)
                         -0.17   24.56   library setup time
                                 24.56   data required time
-----------------------------------------------------------------------------
                                 24.56   data required time
                                -34.35   data arrival time
-----------------------------------------------------------------------------
                                 -9.79   slack (VIOLATED)


Startpoint: _27871_ (rising edge-triggered flip-flop clocked by clk)
Endpoint: _27754_ (rising edge-triggered flip-flop clocked by clk)
Path Group: clk
Path Type: max

Fanout     Cap    Slew   Delay    Time   Description
-----------------------------------------------------------------------------
                  0.00    0.00    0.00   clock clk (rise edge)
                          0.00    0.00   clock network delay (ideal)
                  0.00    0.00    0.00 ^ _27871_/CLK (sky130_fd_sc_hd__dfxtp_2)
                  0.20    0.72    0.72 ^ _27871_/Q (sky130_fd_sc_hd__dfxtp_2)
     6    0.02                           irq_mask[12] (net)
                  0.20    0.00    0.72 ^ _13137_/A1 (sky130_fd_sc_hd__o22ai_1)
                  0.10    0.21    0.93 v _13137_/Y (sky130_fd_sc_hd__o22ai_1)
     1    0.00                           _10539_ (net)
                  0.10    0.00    0.93 v _13138_/C1 (sky130_fd_sc_hd__a221o_1)
                  0.09    0.49    1.42 v _13138_/X (sky130_fd_sc_hd__a221o_1)
     1    0.00                           _10540_ (net)
                  0.09    0.00    1.42 v _13157_/A (sky130_fd_sc_hd__or4_4)
                  0.14    1.03    2.45 v _13157_/X (sky130_fd_sc_hd__or4_4)
     1    0.00                           _10559_ (net)
                  0.14    0.00    2.45 v _13160_/A2 (sky130_fd_sc_hd__o2111a_1)
                  0.08    0.44    2.89 v _13160_/X (sky130_fd_sc_hd__o2111a_1)
     2    0.00                           _10562_ (net)
                  0.08    0.00    2.89 v _13161_/C (sky130_fd_sc_hd__or3_1)
                  0.15    0.73    3.62 v _13161_/X (sky130_fd_sc_hd__or3_1)
     2    0.00                           _10563_ (net)
                  0.15    0.00    3.62 v _13164_/A (sky130_fd_sc_hd__or2_1)
                  0.11    0.53    4.15 v _13164_/X (sky130_fd_sc_hd__or2_1)
     2    0.00                           _10565_ (net)
                  0.11    0.00    4.15 v _13165_/C (sky130_fd_sc_hd__or3_4)
                  0.12    0.66    4.81 v _13165_/X (sky130_fd_sc_hd__or3_4)
     4    0.00                           _10566_ (net)
                  0.12    0.00    4.81 v _13690_/B (sky130_fd_sc_hd__or2_2)
                  0.15    0.69    5.50 v _13690_/X (sky130_fd_sc_hd__or2_2)
     5    0.01                           _10910_ (net)
                  0.15    0.00    5.50 v _13691_/C (sky130_fd_sc_hd__or3_2)
                  0.15    0.95    6.45 v _13691_/X (sky130_fd_sc_hd__or3_2)
     2    0.00                           _10911_ (net)
                  0.15    0.00    6.45 v _13692_/B (sky130_fd_sc_hd__or2_2)
                  0.13    0.68    7.13 v _13692_/X (sky130_fd_sc_hd__or2_2)
     3    0.01                           _10912_ (net)
                  0.13    0.00    7.13 v _13693_/B (sky130_fd_sc_hd__or2_1)
                  0.08    0.46    7.59 v _13693_/X (sky130_fd_sc_hd__or2_1)
     2    0.00                           _10913_ (net)
                  0.08    0.00    7.59 v _13694_/B (sky130_fd_sc_hd__or2_2)
                  0.14    0.67    8.26 v _13694_/X (sky130_fd_sc_hd__or2_2)
     3    0.01                           _10914_ (net)
                  0.14    0.00    8.26 v _13695_/B (sky130_fd_sc_hd__or2_1)
                  0.08    0.46    8.72 v _13695_/X (sky130_fd_sc_hd__or2_1)
     2    0.00                           _10915_ (net)
                  0.08    0.00    8.72 v _13696_/B (sky130_fd_sc_hd__or2_1)
                  0.15    0.52    9.24 v _13696_/X (sky130_fd_sc_hd__or2_1)
     3    0.01                           _10916_ (net)
                  0.15    0.00    9.24 v _13697_/B (sky130_fd_sc_hd__or2_1)
                  0.08    0.46    9.70 v _13697_/X (sky130_fd_sc_hd__or2_1)
     2    0.00                           _10917_ (net)
                  0.08    0.00    9.70 v _13698_/B (sky130_fd_sc_hd__or2_1)
                  0.13    0.50   10.20 v _13698_/X (sky130_fd_sc_hd__or2_1)
     3    0.01                           _10918_ (net)
                  0.13    0.00   10.20 v _13699_/B (sky130_fd_sc_hd__or2_1)
                  0.08    0.46   10.66 v _13699_/X (sky130_fd_sc_hd__or2_1)
     2    0.00                           _10919_ (net)
                  0.08    0.00   10.66 v _13700_/B (sky130_fd_sc_hd__or2_2)
                  0.14    0.67   11.32 v _13700_/X (sky130_fd_sc_hd__or2_2)
     3    0.01                           _10920_ (net)
                  0.14    0.00   11.32 v _13701_/B (sky130_fd_sc_hd__or2_1)
                  0.08    0.46   11.79 v _13701_/X (sky130_fd_sc_hd__or2_1)
     2    0.00                           _10921_ (net)
                  0.08    0.00   11.79 v _13702_/B (sky130_fd_sc_hd__or2_2)
                  0.14    0.67   12.45 v _13702_/X (sky130_fd_sc_hd__or2_2)
     3    0.01                           _10922_ (net)
                  0.14    0.00   12.45 v _13703_/B (sky130_fd_sc_hd__or2_1)
                  0.08    0.46   12.92 v _13703_/X (sky130_fd_sc_hd__or2_1)
     2    0.00                           _10923_ (net)
                  0.08    0.00   12.92 v _13704_/B (sky130_fd_sc_hd__or2_1)
                  0.15    0.52   13.44 v _13704_/X (sky130_fd_sc_hd__or2_1)
     3    0.01                           _10924_ (net)
                  0.15    0.00   13.44 v _13705_/B (sky130_fd_sc_hd__or2_1)
                  0.08    0.46   13.90 v _13705_/X (sky130_fd_sc_hd__or2_1)
     2    0.00                           _10925_ (net)
                  0.08    0.00   13.90 v _13706_/B (sky130_fd_sc_hd__or2_2)
                  0.14    0.67   14.57 v _13706_/X (sky130_fd_sc_hd__or2_2)
     3    0.01                           _10926_ (net)
                  0.14    0.00   14.57 v _13707_/B (sky130_fd_sc_hd__or2_1)
                  0.08    0.46   15.03 v _13707_/X (sky130_fd_sc_hd__or2_1)
     2    0.00                           _10927_ (net)
                  0.08    0.00   15.03 v _13708_/B (sky130_fd_sc_hd__or2_2)
                  0.14    0.67   15.70 v _13708_/X (sky130_fd_sc_hd__or2_2)
     3    0.01                           _10928_ (net)
                  0.14    0.00   15.70 v _13709_/B (sky130_fd_sc_hd__or2_1)
                  0.08    0.46   16.16 v _13709_/X (sky130_fd_sc_hd__or2_1)
     2    0.00                           _10929_ (net)
                  0.08    0.00   16.16 v _13710_/B (sky130_fd_sc_hd__or2_2)
                  0.14    0.67   16.82 v _13710_/X (sky130_fd_sc_hd__or2_2)
     3    0.01                           _10930_ (net)
                  0.14    0.00   16.82 v _13711_/B (sky130_fd_sc_hd__or2_1)
                  0.08    0.46   17.29 v _13711_/X (sky130_fd_sc_hd__or2_1)
     2    0.00                           _10931_ (net)
                  0.08    0.00   17.29 v _13712_/B (sky130_fd_sc_hd__or2_2)
                  0.14    0.67   17.95 v _13712_/X (sky130_fd_sc_hd__or2_2)
     3    0.01                           _10932_ (net)
                  0.14    0.00   17.95 v _13713_/B (sky130_fd_sc_hd__or2_1)
                  0.08    0.46   18.42 v _13713_/X (sky130_fd_sc_hd__or2_1)
     2    0.00                           _10933_ (net)
                  0.08    0.00   18.42 v _13714_/B (sky130_fd_sc_hd__or2_2)
                  0.14    0.67   19.08 v _13714_/X (sky130_fd_sc_hd__or2_2)
     3    0.01                           _10934_ (net)
                  0.14    0.00   19.08 v _13715_/B (sky130_fd_sc_hd__or2_1)
                  0.08    0.46   19.55 v _13715_/X (sky130_fd_sc_hd__or2_1)
     2    0.00                           _10935_ (net)
                  0.08    0.00   19.55 v _13716_/B (sky130_fd_sc_hd__or2_1)
                  0.13    0.50   20.05 v _13716_/X (sky130_fd_sc_hd__or2_1)
     3    0.01                           _10936_ (net)
                  0.13    0.00   20.05 v _13717_/B (sky130_fd_sc_hd__or2_1)
                  0.08    0.46   20.50 v _13717_/X (sky130_fd_sc_hd__or2_1)
     2    0.00                           _10937_ (net)
                  0.08    0.00   20.50 v _13718_/B (sky130_fd_sc_hd__or2_2)
                  0.14    0.67   21.17 v _13718_/X (sky130_fd_sc_hd__or2_2)
     3    0.01                           _10938_ (net)
                  0.14    0.00   21.17 v _13719_/B (sky130_fd_sc_hd__or2_1)
                  0.08    0.46   21.63 v _13719_/X (sky130_fd_sc_hd__or2_1)
     2    0.00                           _10939_ (net)
                  0.08    0.00   21.63 v _13720_/B (sky130_fd_sc_hd__or2_1)
                  0.15    0.52   22.15 v _13720_/X (sky130_fd_sc_hd__or2_1)
     3    0.01                           _10940_ (net)
                  0.15    0.00   22.15 v _13721_/B (sky130_fd_sc_hd__or2_1)
                  0.08    0.46   22.61 v _13721_/X (sky130_fd_sc_hd__or2_1)
     2    0.00                           _10941_ (net)
                  0.08    0.00   22.61 v _13722_/B (sky130_fd_sc_hd__or2_1)
                  0.13    0.50   23.11 v _13722_/X (sky130_fd_sc_hd__or2_1)
     3    0.01                           _10942_ (net)
                  0.13    0.00   23.11 v _13723_/B (sky130_fd_sc_hd__or2_1)
                  0.08    0.46   23.57 v _13723_/X (sky130_fd_sc_hd__or2_1)
     2    0.00                           _10943_ (net)
                  0.08    0.00   23.57 v _13724_/B (sky130_fd_sc_hd__or2_1)
                  0.13    0.50   24.07 v _13724_/X (sky130_fd_sc_hd__or2_1)
     3    0.01                           _10944_ (net)
                  0.13    0.00   24.07 v _13725_/B (sky130_fd_sc_hd__or2_1)
                  0.08    0.46   24.53 v _13725_/X (sky130_fd_sc_hd__or2_1)
     2    0.00                           _10945_ (net)
                  0.08    0.00   24.53 v _13726_/B (sky130_fd_sc_hd__or2_1)
                  0.13    0.50   25.03 v _13726_/X (sky130_fd_sc_hd__or2_1)
     3    0.01                           _10946_ (net)
                  0.13    0.00   25.03 v _13727_/B (sky130_fd_sc_hd__or2_1)
                  0.08    0.46   25.48 v _13727_/X (sky130_fd_sc_hd__or2_1)
     2    0.00                           _10947_ (net)
                  0.08    0.00   25.48 v _13728_/B (sky130_fd_sc_hd__or2_2)
                  0.14    0.67   26.15 v _13728_/X (sky130_fd_sc_hd__or2_2)
     3    0.01                           _10948_ (net)
                  0.14    0.00   26.15 v _13729_/B (sky130_fd_sc_hd__or2_1)
                  0.08    0.46   26.61 v _13729_/X (sky130_fd_sc_hd__or2_1)
     2    0.00                           _10949_ (net)
                  0.08    0.00   26.61 v _13730_/B (sky130_fd_sc_hd__or2_1)
                  0.13    0.50   27.11 v _13730_/X (sky130_fd_sc_hd__or2_1)
     3    0.01                           _10950_ (net)
                  0.13    0.00   27.11 v _13731_/B (sky130_fd_sc_hd__or2_1)
                  0.08    0.46   27.57 v _13731_/X (sky130_fd_sc_hd__or2_1)
     2    0.00                           _10951_ (net)
                  0.08    0.00   27.57 v _13732_/B (sky130_fd_sc_hd__or2_1)
                  0.13    0.50   28.07 v _13732_/X (sky130_fd_sc_hd__or2_1)
     3    0.01                           _10952_ (net)
                  0.13    0.00   28.07 v _13733_/B (sky130_fd_sc_hd__or2_1)
                  0.08    0.46   28.53 v _13733_/X (sky130_fd_sc_hd__or2_1)
     2    0.00                           _10953_ (net)
                  0.08    0.00   28.53 v _13734_/B (sky130_fd_sc_hd__or2_1)
                  0.13    0.50   29.03 v _13734_/X (sky130_fd_sc_hd__or2_1)
     3    0.01                           _10954_ (net)
                  0.13    0.00   29.03 v _13735_/B (sky130_fd_sc_hd__or2_1)
                  0.08    0.46   29.48 v _13735_/X (sky130_fd_sc_hd__or2_1)
     2    0.00                           _10955_ (net)
                  0.08    0.00   29.48 v _13736_/B (sky130_fd_sc_hd__or2_1)
                  0.13    0.50   29.98 v _13736_/X (sky130_fd_sc_hd__or2_1)
     3    0.01                           _10956_ (net)
                  0.13    0.00   29.98 v _13737_/B (sky130_fd_sc_hd__or2_1)
                  0.08    0.46   30.44 v _13737_/X (sky130_fd_sc_hd__or2_1)
     2    0.00                           _10957_ (net)
                  0.08    0.00   30.44 v _13738_/B (sky130_fd_sc_hd__or2_1)
                  0.13    0.50   30.94 v _13738_/X (sky130_fd_sc_hd__or2_1)
     3    0.01                           _10958_ (net)
                  0.13    0.00   30.94 v _13739_/B (sky130_fd_sc_hd__or2_1)
                  0.08    0.46   31.39 v _13739_/X (sky130_fd_sc_hd__or2_1)
     2    0.00                           _10959_ (net)
                  0.08    0.00   31.39 v _13740_/B (sky130_fd_sc_hd__or2_1)
                  0.13    0.50   31.89 v _13740_/X (sky130_fd_sc_hd__or2_1)
     3    0.01                           _10960_ (net)
                  0.13    0.00   31.89 v _13741_/B (sky130_fd_sc_hd__or2_1)
                  0.08    0.46   32.35 v _13741_/X (sky130_fd_sc_hd__or2_1)
     2    0.00                           _10961_ (net)
                  0.08    0.00   32.35 v _13742_/B (sky130_fd_sc_hd__or2_2)
                  0.14    0.67   33.02 v _13742_/X (sky130_fd_sc_hd__or2_2)
     3    0.01                           _10962_ (net)
                  0.14    0.00   33.02 v _13743_/B (sky130_fd_sc_hd__or2_1)
                  0.08    0.46   33.48 v _13743_/X (sky130_fd_sc_hd__or2_1)
     2    0.00                           _10963_ (net)
                  0.08    0.00   33.48 v _13744_/B (sky130_fd_sc_hd__or2_1)
                  0.15    0.52   34.00 v _13744_/X (sky130_fd_sc_hd__or2_1)
     3    0.01                           _10964_ (net)
                  0.15    0.00   34.00 v _13767_/C1 (sky130_fd_sc_hd__o211a_1)
                  0.06    0.22   34.22 v _13767_/X (sky130_fd_sc_hd__o211a_1)
     1    0.00                           _03920_ (net)
                  0.06    0.00   34.22 v _27754_/D (sky130_fd_sc_hd__dfxtp_1)
                                 34.22   data arrival time

                  0.00   24.73   24.73   clock clk (rise edge)
                          0.00   24.73   clock network delay (ideal)
                          0.00   24.73   clock reconvergence pessimism
                                 24.73 ^ _27754_/CLK (sky130_fd_sc_hd__dfxtp_1)
                         -0.28   24.45   library setup time
                                 24.45   data required time
-----------------------------------------------------------------------------
                                 24.45   data required time
                                -34.22   data arrival time
-----------------------------------------------------------------------------
                                 -9.77   slack (VIOLATED)


Startpoint: _27871_ (rising edge-triggered flip-flop clocked by clk)
Endpoint: _27753_ (rising edge-triggered flip-flop clocked by clk)
Path Group: clk
Path Type: max

Fanout     Cap    Slew   Delay    Time   Description
-----------------------------------------------------------------------------
                  0.00    0.00    0.00   clock clk (rise edge)
                          0.00    0.00   clock network delay (ideal)
                  0.00    0.00    0.00 ^ _27871_/CLK (sky130_fd_sc_hd__dfxtp_2)
                  0.20    0.72    0.72 ^ _27871_/Q (sky130_fd_sc_hd__dfxtp_2)
     6    0.02                           irq_mask[12] (net)
                  0.20    0.00    0.72 ^ _13137_/A1 (sky130_fd_sc_hd__o22ai_1)
                  0.10    0.21    0.93 v _13137_/Y (sky130_fd_sc_hd__o22ai_1)
     1    0.00                           _10539_ (net)
                  0.10    0.00    0.93 v _13138_/C1 (sky130_fd_sc_hd__a221o_1)
                  0.09    0.49    1.42 v _13138_/X (sky130_fd_sc_hd__a221o_1)
     1    0.00                           _10540_ (net)
                  0.09    0.00    1.42 v _13157_/A (sky130_fd_sc_hd__or4_4)
                  0.14    1.03    2.45 v _13157_/X (sky130_fd_sc_hd__or4_4)
     1    0.00                           _10559_ (net)
                  0.14    0.00    2.45 v _13160_/A2 (sky130_fd_sc_hd__o2111a_1)
                  0.08    0.44    2.89 v _13160_/X (sky130_fd_sc_hd__o2111a_1)
     2    0.00                           _10562_ (net)
                  0.08    0.00    2.89 v _13161_/C (sky130_fd_sc_hd__or3_1)
                  0.15    0.73    3.62 v _13161_/X (sky130_fd_sc_hd__or3_1)
     2    0.00                           _10563_ (net)
                  0.15    0.00    3.62 v _13164_/A (sky130_fd_sc_hd__or2_1)
                  0.11    0.53    4.15 v _13164_/X (sky130_fd_sc_hd__or2_1)
     2    0.00                           _10565_ (net)
                  0.11    0.00    4.15 v _13165_/C (sky130_fd_sc_hd__or3_4)
                  0.12    0.66    4.81 v _13165_/X (sky130_fd_sc_hd__or3_4)
     4    0.00                           _10566_ (net)
                  0.12    0.00    4.81 v _13690_/B (sky130_fd_sc_hd__or2_2)
                  0.15    0.69    5.50 v _13690_/X (sky130_fd_sc_hd__or2_2)
     5    0.01                           _10910_ (net)
                  0.15    0.00    5.50 v _13691_/C (sky130_fd_sc_hd__or3_2)
                  0.15    0.95    6.45 v _13691_/X (sky130_fd_sc_hd__or3_2)
     2    0.00                           _10911_ (net)
                  0.15    0.00    6.45 v _13692_/B (sky130_fd_sc_hd__or2_2)
                  0.13    0.68    7.13 v _13692_/X (sky130_fd_sc_hd__or2_2)
     3    0.01                           _10912_ (net)
                  0.13    0.00    7.13 v _13693_/B (sky130_fd_sc_hd__or2_1)
                  0.08    0.46    7.59 v _13693_/X (sky130_fd_sc_hd__or2_1)
     2    0.00                           _10913_ (net)
                  0.08    0.00    7.59 v _13694_/B (sky130_fd_sc_hd__or2_2)
                  0.14    0.67    8.26 v _13694_/X (sky130_fd_sc_hd__or2_2)
     3    0.01                           _10914_ (net)
                  0.14    0.00    8.26 v _13695_/B (sky130_fd_sc_hd__or2_1)
                  0.08    0.46    8.72 v _13695_/X (sky130_fd_sc_hd__or2_1)
     2    0.00                           _10915_ (net)
                  0.08    0.00    8.72 v _13696_/B (sky130_fd_sc_hd__or2_1)
                  0.15    0.52    9.24 v _13696_/X (sky130_fd_sc_hd__or2_1)
     3    0.01                           _10916_ (net)
                  0.15    0.00    9.24 v _13697_/B (sky130_fd_sc_hd__or2_1)
                  0.08    0.46    9.70 v _13697_/X (sky130_fd_sc_hd__or2_1)
     2    0.00                           _10917_ (net)
                  0.08    0.00    9.70 v _13698_/B (sky130_fd_sc_hd__or2_1)
                  0.13    0.50   10.20 v _13698_/X (sky130_fd_sc_hd__or2_1)
     3    0.01                           _10918_ (net)
                  0.13    0.00   10.20 v _13699_/B (sky130_fd_sc_hd__or2_1)
                  0.08    0.46   10.66 v _13699_/X (sky130_fd_sc_hd__or2_1)
     2    0.00                           _10919_ (net)
                  0.08    0.00   10.66 v _13700_/B (sky130_fd_sc_hd__or2_2)
                  0.14    0.67   11.32 v _13700_/X (sky130_fd_sc_hd__or2_2)
     3    0.01                           _10920_ (net)
                  0.14    0.00   11.32 v _13701_/B (sky130_fd_sc_hd__or2_1)
                  0.08    0.46   11.79 v _13701_/X (sky130_fd_sc_hd__or2_1)
     2    0.00                           _10921_ (net)
                  0.08    0.00   11.79 v _13702_/B (sky130_fd_sc_hd__or2_2)
                  0.14    0.67   12.45 v _13702_/X (sky130_fd_sc_hd__or2_2)
     3    0.01                           _10922_ (net)
                  0.14    0.00   12.45 v _13703_/B (sky130_fd_sc_hd__or2_1)
                  0.08    0.46   12.92 v _13703_/X (sky130_fd_sc_hd__or2_1)
     2    0.00                           _10923_ (net)
                  0.08    0.00   12.92 v _13704_/B (sky130_fd_sc_hd__or2_1)
                  0.15    0.52   13.44 v _13704_/X (sky130_fd_sc_hd__or2_1)
     3    0.01                           _10924_ (net)
                  0.15    0.00   13.44 v _13705_/B (sky130_fd_sc_hd__or2_1)
                  0.08    0.46   13.90 v _13705_/X (sky130_fd_sc_hd__or2_1)
     2    0.00                           _10925_ (net)
                  0.08    0.00   13.90 v _13706_/B (sky130_fd_sc_hd__or2_2)
                  0.14    0.67   14.57 v _13706_/X (sky130_fd_sc_hd__or2_2)
     3    0.01                           _10926_ (net)
                  0.14    0.00   14.57 v _13707_/B (sky130_fd_sc_hd__or2_1)
                  0.08    0.46   15.03 v _13707_/X (sky130_fd_sc_hd__or2_1)
     2    0.00                           _10927_ (net)
                  0.08    0.00   15.03 v _13708_/B (sky130_fd_sc_hd__or2_2)
                  0.14    0.67   15.70 v _13708_/X (sky130_fd_sc_hd__or2_2)
     3    0.01                           _10928_ (net)
                  0.14    0.00   15.70 v _13709_/B (sky130_fd_sc_hd__or2_1)
                  0.08    0.46   16.16 v _13709_/X (sky130_fd_sc_hd__or2_1)
     2    0.00                           _10929_ (net)
                  0.08    0.00   16.16 v _13710_/B (sky130_fd_sc_hd__or2_2)
                  0.14    0.67   16.82 v _13710_/X (sky130_fd_sc_hd__or2_2)
     3    0.01                           _10930_ (net)
                  0.14    0.00   16.82 v _13711_/B (sky130_fd_sc_hd__or2_1)
                  0.08    0.46   17.29 v _13711_/X (sky130_fd_sc_hd__or2_1)
     2    0.00                           _10931_ (net)
                  0.08    0.00   17.29 v _13712_/B (sky130_fd_sc_hd__or2_2)
                  0.14    0.67   17.95 v _13712_/X (sky130_fd_sc_hd__or2_2)
     3    0.01                           _10932_ (net)
                  0.14    0.00   17.95 v _13713_/B (sky130_fd_sc_hd__or2_1)
                  0.08    0.46   18.42 v _13713_/X (sky130_fd_sc_hd__or2_1)
     2    0.00                           _10933_ (net)
                  0.08    0.00   18.42 v _13714_/B (sky130_fd_sc_hd__or2_2)
                  0.14    0.67   19.08 v _13714_/X (sky130_fd_sc_hd__or2_2)
     3    0.01                           _10934_ (net)
                  0.14    0.00   19.08 v _13715_/B (sky130_fd_sc_hd__or2_1)
                  0.08    0.46   19.55 v _13715_/X (sky130_fd_sc_hd__or2_1)
     2    0.00                           _10935_ (net)
                  0.08    0.00   19.55 v _13716_/B (sky130_fd_sc_hd__or2_1)
                  0.13    0.50   20.05 v _13716_/X (sky130_fd_sc_hd__or2_1)
     3    0.01                           _10936_ (net)
                  0.13    0.00   20.05 v _13717_/B (sky130_fd_sc_hd__or2_1)
                  0.08    0.46   20.50 v _13717_/X (sky130_fd_sc_hd__or2_1)
     2    0.00                           _10937_ (net)
                  0.08    0.00   20.50 v _13718_/B (sky130_fd_sc_hd__or2_2)
                  0.14    0.67   21.17 v _13718_/X (sky130_fd_sc_hd__or2_2)
     3    0.01                           _10938_ (net)
                  0.14    0.00   21.17 v _13719_/B (sky130_fd_sc_hd__or2_1)
                  0.08    0.46   21.63 v _13719_/X (sky130_fd_sc_hd__or2_1)
     2    0.00                           _10939_ (net)
                  0.08    0.00   21.63 v _13720_/B (sky130_fd_sc_hd__or2_1)
                  0.15    0.52   22.15 v _13720_/X (sky130_fd_sc_hd__or2_1)
     3    0.01                           _10940_ (net)
                  0.15    0.00   22.15 v _13721_/B (sky130_fd_sc_hd__or2_1)
                  0.08    0.46   22.61 v _13721_/X (sky130_fd_sc_hd__or2_1)
     2    0.00                           _10941_ (net)
                  0.08    0.00   22.61 v _13722_/B (sky130_fd_sc_hd__or2_1)
                  0.13    0.50   23.11 v _13722_/X (sky130_fd_sc_hd__or2_1)
     3    0.01                           _10942_ (net)
                  0.13    0.00   23.11 v _13723_/B (sky130_fd_sc_hd__or2_1)
                  0.08    0.46   23.57 v _13723_/X (sky130_fd_sc_hd__or2_1)
     2    0.00                           _10943_ (net)
                  0.08    0.00   23.57 v _13724_/B (sky130_fd_sc_hd__or2_1)
                  0.13    0.50   24.07 v _13724_/X (sky130_fd_sc_hd__or2_1)
     3    0.01                           _10944_ (net)
                  0.13    0.00   24.07 v _13725_/B (sky130_fd_sc_hd__or2_1)
                  0.08    0.46   24.53 v _13725_/X (sky130_fd_sc_hd__or2_1)
     2    0.00                           _10945_ (net)
                  0.08    0.00   24.53 v _13726_/B (sky130_fd_sc_hd__or2_1)
                  0.13    0.50   25.03 v _13726_/X (sky130_fd_sc_hd__or2_1)
     3    0.01                           _10946_ (net)
                  0.13    0.00   25.03 v _13727_/B (sky130_fd_sc_hd__or2_1)
                  0.08    0.46   25.48 v _13727_/X (sky130_fd_sc_hd__or2_1)
     2    0.00                           _10947_ (net)
                  0.08    0.00   25.48 v _13728_/B (sky130_fd_sc_hd__or2_2)
                  0.14    0.67   26.15 v _13728_/X (sky130_fd_sc_hd__or2_2)
     3    0.01                           _10948_ (net)
                  0.14    0.00   26.15 v _13729_/B (sky130_fd_sc_hd__or2_1)
                  0.08    0.46   26.61 v _13729_/X (sky130_fd_sc_hd__or2_1)
     2    0.00                           _10949_ (net)
                  0.08    0.00   26.61 v _13730_/B (sky130_fd_sc_hd__or2_1)
                  0.13    0.50   27.11 v _13730_/X (sky130_fd_sc_hd__or2_1)
     3    0.01                           _10950_ (net)
                  0.13    0.00   27.11 v _13731_/B (sky130_fd_sc_hd__or2_1)
                  0.08    0.46   27.57 v _13731_/X (sky130_fd_sc_hd__or2_1)
     2    0.00                           _10951_ (net)
                  0.08    0.00   27.57 v _13732_/B (sky130_fd_sc_hd__or2_1)
                  0.13    0.50   28.07 v _13732_/X (sky130_fd_sc_hd__or2_1)
     3    0.01                           _10952_ (net)
                  0.13    0.00   28.07 v _13733_/B (sky130_fd_sc_hd__or2_1)
                  0.08    0.46   28.53 v _13733_/X (sky130_fd_sc_hd__or2_1)
     2    0.00                           _10953_ (net)
                  0.08    0.00   28.53 v _13734_/B (sky130_fd_sc_hd__or2_1)
                  0.13    0.50   29.03 v _13734_/X (sky130_fd_sc_hd__or2_1)
     3    0.01                           _10954_ (net)
                  0.13    0.00   29.03 v _13735_/B (sky130_fd_sc_hd__or2_1)
                  0.08    0.46   29.48 v _13735_/X (sky130_fd_sc_hd__or2_1)
     2    0.00                           _10955_ (net)
                  0.08    0.00   29.48 v _13736_/B (sky130_fd_sc_hd__or2_1)
                  0.13    0.50   29.98 v _13736_/X (sky130_fd_sc_hd__or2_1)
     3    0.01                           _10956_ (net)
                  0.13    0.00   29.98 v _13737_/B (sky130_fd_sc_hd__or2_1)
                  0.08    0.46   30.44 v _13737_/X (sky130_fd_sc_hd__or2_1)
     2    0.00                           _10957_ (net)
                  0.08    0.00   30.44 v _13738_/B (sky130_fd_sc_hd__or2_1)
                  0.13    0.50   30.94 v _13738_/X (sky130_fd_sc_hd__or2_1)
     3    0.01                           _10958_ (net)
                  0.13    0.00   30.94 v _13739_/B (sky130_fd_sc_hd__or2_1)
                  0.08    0.46   31.39 v _13739_/X (sky130_fd_sc_hd__or2_1)
     2    0.00                           _10959_ (net)
                  0.08    0.00   31.39 v _13740_/B (sky130_fd_sc_hd__or2_1)
                  0.13    0.50   31.89 v _13740_/X (sky130_fd_sc_hd__or2_1)
     3    0.01                           _10960_ (net)
                  0.13    0.00   31.89 v _13741_/B (sky130_fd_sc_hd__or2_1)
                  0.08    0.46   32.35 v _13741_/X (sky130_fd_sc_hd__or2_1)
     2    0.00                           _10961_ (net)
                  0.08    0.00   32.35 v _13742_/B (sky130_fd_sc_hd__or2_2)
                  0.14    0.67   33.02 v _13742_/X (sky130_fd_sc_hd__or2_2)
     3    0.01                           _10962_ (net)
                  0.14    0.00   33.02 v _13768_/A2 (sky130_fd_sc_hd__a211oi_2)
                  0.20    0.35   33.37 ^ _13768_/Y (sky130_fd_sc_hd__a211oi_2)
     1    0.00                           _03919_ (net)
                  0.20    0.00   33.37 ^ _27753_/D (sky130_fd_sc_hd__dfxtp_1)
                                 33.37   data arrival time

                  0.00   24.73   24.73   clock clk (rise edge)
                          0.00   24.73   clock network delay (ideal)
                          0.00   24.73   clock reconvergence pessimism
                                 24.73 ^ _27753_/CLK (sky130_fd_sc_hd__dfxtp_1)
                         -0.17   24.56   library setup time
                                 24.56   data required time
-----------------------------------------------------------------------------
                                 24.56   data required time
                                -33.37   data arrival time
-----------------------------------------------------------------------------
                                 -8.81   slack (VIOLATED)


Startpoint: _27871_ (rising edge-triggered flip-flop clocked by clk)
Endpoint: _27752_ (rising edge-triggered flip-flop clocked by clk)
Path Group: clk
Path Type: max

Fanout     Cap    Slew   Delay    Time   Description
-----------------------------------------------------------------------------
                  0.00    0.00    0.00   clock clk (rise edge)
                          0.00    0.00   clock network delay (ideal)
                  0.00    0.00    0.00 ^ _27871_/CLK (sky130_fd_sc_hd__dfxtp_2)
                  0.20    0.72    0.72 ^ _27871_/Q (sky130_fd_sc_hd__dfxtp_2)
     6    0.02                           irq_mask[12] (net)
                  0.20    0.00    0.72 ^ _13137_/A1 (sky130_fd_sc_hd__o22ai_1)
                  0.10    0.21    0.93 v _13137_/Y (sky130_fd_sc_hd__o22ai_1)
     1    0.00                           _10539_ (net)
                  0.10    0.00    0.93 v _13138_/C1 (sky130_fd_sc_hd__a221o_1)
                  0.09    0.49    1.42 v _13138_/X (sky130_fd_sc_hd__a221o_1)
     1    0.00                           _10540_ (net)
                  0.09    0.00    1.42 v _13157_/A (sky130_fd_sc_hd__or4_4)
                  0.14    1.03    2.45 v _13157_/X (sky130_fd_sc_hd__or4_4)
     1    0.00                           _10559_ (net)
                  0.14    0.00    2.45 v _13160_/A2 (sky130_fd_sc_hd__o2111a_1)
                  0.08    0.44    2.89 v _13160_/X (sky130_fd_sc_hd__o2111a_1)
     2    0.00                           _10562_ (net)
                  0.08    0.00    2.89 v _13161_/C (sky130_fd_sc_hd__or3_1)
                  0.15    0.73    3.62 v _13161_/X (sky130_fd_sc_hd__or3_1)
     2    0.00                           _10563_ (net)
                  0.15    0.00    3.62 v _13164_/A (sky130_fd_sc_hd__or2_1)
                  0.11    0.53    4.15 v _13164_/X (sky130_fd_sc_hd__or2_1)
     2    0.00                           _10565_ (net)
                  0.11    0.00    4.15 v _13165_/C (sky130_fd_sc_hd__or3_4)
                  0.12    0.66    4.81 v _13165_/X (sky130_fd_sc_hd__or3_4)
     4    0.00                           _10566_ (net)
                  0.12    0.00    4.81 v _13690_/B (sky130_fd_sc_hd__or2_2)
                  0.15    0.69    5.50 v _13690_/X (sky130_fd_sc_hd__or2_2)
     5    0.01                           _10910_ (net)
                  0.15    0.00    5.50 v _13691_/C (sky130_fd_sc_hd__or3_2)
                  0.15    0.95    6.45 v _13691_/X (sky130_fd_sc_hd__or3_2)
     2    0.00                           _10911_ (net)
                  0.15    0.00    6.45 v _13692_/B (sky130_fd_sc_hd__or2_2)
                  0.13    0.68    7.13 v _13692_/X (sky130_fd_sc_hd__or2_2)
     3    0.01                           _10912_ (net)
                  0.13    0.00    7.13 v _13693_/B (sky130_fd_sc_hd__or2_1)
                  0.08    0.46    7.59 v _13693_/X (sky130_fd_sc_hd__or2_1)
     2    0.00                           _10913_ (net)
                  0.08    0.00    7.59 v _13694_/B (sky130_fd_sc_hd__or2_2)
                  0.14    0.67    8.26 v _13694_/X (sky130_fd_sc_hd__or2_2)
     3    0.01                           _10914_ (net)
                  0.14    0.00    8.26 v _13695_/B (sky130_fd_sc_hd__or2_1)
                  0.08    0.46    8.72 v _13695_/X (sky130_fd_sc_hd__or2_1)
     2    0.00                           _10915_ (net)
                  0.08    0.00    8.72 v _13696_/B (sky130_fd_sc_hd__or2_1)
                  0.15    0.52    9.24 v _13696_/X (sky130_fd_sc_hd__or2_1)
     3    0.01                           _10916_ (net)
                  0.15    0.00    9.24 v _13697_/B (sky130_fd_sc_hd__or2_1)
                  0.08    0.46    9.70 v _13697_/X (sky130_fd_sc_hd__or2_1)
     2    0.00                           _10917_ (net)
                  0.08    0.00    9.70 v _13698_/B (sky130_fd_sc_hd__or2_1)
                  0.13    0.50   10.20 v _13698_/X (sky130_fd_sc_hd__or2_1)
     3    0.01                           _10918_ (net)
                  0.13    0.00   10.20 v _13699_/B (sky130_fd_sc_hd__or2_1)
                  0.08    0.46   10.66 v _13699_/X (sky130_fd_sc_hd__or2_1)
     2    0.00                           _10919_ (net)
                  0.08    0.00   10.66 v _13700_/B (sky130_fd_sc_hd__or2_2)
                  0.14    0.67   11.32 v _13700_/X (sky130_fd_sc_hd__or2_2)
     3    0.01                           _10920_ (net)
                  0.14    0.00   11.32 v _13701_/B (sky130_fd_sc_hd__or2_1)
                  0.08    0.46   11.79 v _13701_/X (sky130_fd_sc_hd__or2_1)
     2    0.00                           _10921_ (net)
                  0.08    0.00   11.79 v _13702_/B (sky130_fd_sc_hd__or2_2)
                  0.14    0.67   12.45 v _13702_/X (sky130_fd_sc_hd__or2_2)
     3    0.01                           _10922_ (net)
                  0.14    0.00   12.45 v _13703_/B (sky130_fd_sc_hd__or2_1)
                  0.08    0.46   12.92 v _13703_/X (sky130_fd_sc_hd__or2_1)
     2    0.00                           _10923_ (net)
                  0.08    0.00   12.92 v _13704_/B (sky130_fd_sc_hd__or2_1)
                  0.15    0.52   13.44 v _13704_/X (sky130_fd_sc_hd__or2_1)
     3    0.01                           _10924_ (net)
                  0.15    0.00   13.44 v _13705_/B (sky130_fd_sc_hd__or2_1)
                  0.08    0.46   13.90 v _13705_/X (sky130_fd_sc_hd__or2_1)
     2    0.00                           _10925_ (net)
                  0.08    0.00   13.90 v _13706_/B (sky130_fd_sc_hd__or2_2)
                  0.14    0.67   14.57 v _13706_/X (sky130_fd_sc_hd__or2_2)
     3    0.01                           _10926_ (net)
                  0.14    0.00   14.57 v _13707_/B (sky130_fd_sc_hd__or2_1)
                  0.08    0.46   15.03 v _13707_/X (sky130_fd_sc_hd__or2_1)
     2    0.00                           _10927_ (net)
                  0.08    0.00   15.03 v _13708_/B (sky130_fd_sc_hd__or2_2)
                  0.14    0.67   15.70 v _13708_/X (sky130_fd_sc_hd__or2_2)
     3    0.01                           _10928_ (net)
                  0.14    0.00   15.70 v _13709_/B (sky130_fd_sc_hd__or2_1)
                  0.08    0.46   16.16 v _13709_/X (sky130_fd_sc_hd__or2_1)
     2    0.00                           _10929_ (net)
                  0.08    0.00   16.16 v _13710_/B (sky130_fd_sc_hd__or2_2)
                  0.14    0.67   16.82 v _13710_/X (sky130_fd_sc_hd__or2_2)
     3    0.01                           _10930_ (net)
                  0.14    0.00   16.82 v _13711_/B (sky130_fd_sc_hd__or2_1)
                  0.08    0.46   17.29 v _13711_/X (sky130_fd_sc_hd__or2_1)
     2    0.00                           _10931_ (net)
                  0.08    0.00   17.29 v _13712_/B (sky130_fd_sc_hd__or2_2)
                  0.14    0.67   17.95 v _13712_/X (sky130_fd_sc_hd__or2_2)
     3    0.01                           _10932_ (net)
                  0.14    0.00   17.95 v _13713_/B (sky130_fd_sc_hd__or2_1)
                  0.08    0.46   18.42 v _13713_/X (sky130_fd_sc_hd__or2_1)
     2    0.00                           _10933_ (net)
                  0.08    0.00   18.42 v _13714_/B (sky130_fd_sc_hd__or2_2)
                  0.14    0.67   19.08 v _13714_/X (sky130_fd_sc_hd__or2_2)
     3    0.01                           _10934_ (net)
                  0.14    0.00   19.08 v _13715_/B (sky130_fd_sc_hd__or2_1)
                  0.08    0.46   19.55 v _13715_/X (sky130_fd_sc_hd__or2_1)
     2    0.00                           _10935_ (net)
                  0.08    0.00   19.55 v _13716_/B (sky130_fd_sc_hd__or2_1)
                  0.13    0.50   20.05 v _13716_/X (sky130_fd_sc_hd__or2_1)
     3    0.01                           _10936_ (net)
                  0.13    0.00   20.05 v _13717_/B (sky130_fd_sc_hd__or2_1)
                  0.08    0.46   20.50 v _13717_/X (sky130_fd_sc_hd__or2_1)
     2    0.00                           _10937_ (net)
                  0.08    0.00   20.50 v _13718_/B (sky130_fd_sc_hd__or2_2)
                  0.14    0.67   21.17 v _13718_/X (sky130_fd_sc_hd__or2_2)
     3    0.01                           _10938_ (net)
                  0.14    0.00   21.17 v _13719_/B (sky130_fd_sc_hd__or2_1)
                  0.08    0.46   21.63 v _13719_/X (sky130_fd_sc_hd__or2_1)
     2    0.00                           _10939_ (net)
                  0.08    0.00   21.63 v _13720_/B (sky130_fd_sc_hd__or2_1)
                  0.15    0.52   22.15 v _13720_/X (sky130_fd_sc_hd__or2_1)
     3    0.01                           _10940_ (net)
                  0.15    0.00   22.15 v _13721_/B (sky130_fd_sc_hd__or2_1)
                  0.08    0.46   22.61 v _13721_/X (sky130_fd_sc_hd__or2_1)
     2    0.00                           _10941_ (net)
                  0.08    0.00   22.61 v _13722_/B (sky130_fd_sc_hd__or2_1)
                  0.13    0.50   23.11 v _13722_/X (sky130_fd_sc_hd__or2_1)
     3    0.01                           _10942_ (net)
                  0.13    0.00   23.11 v _13723_/B (sky130_fd_sc_hd__or2_1)
                  0.08    0.46   23.57 v _13723_/X (sky130_fd_sc_hd__or2_1)
     2    0.00                           _10943_ (net)
                  0.08    0.00   23.57 v _13724_/B (sky130_fd_sc_hd__or2_1)
                  0.13    0.50   24.07 v _13724_/X (sky130_fd_sc_hd__or2_1)
     3    0.01                           _10944_ (net)
                  0.13    0.00   24.07 v _13725_/B (sky130_fd_sc_hd__or2_1)
                  0.08    0.46   24.53 v _13725_/X (sky130_fd_sc_hd__or2_1)
     2    0.00                           _10945_ (net)
                  0.08    0.00   24.53 v _13726_/B (sky130_fd_sc_hd__or2_1)
                  0.13    0.50   25.03 v _13726_/X (sky130_fd_sc_hd__or2_1)
     3    0.01                           _10946_ (net)
                  0.13    0.00   25.03 v _13727_/B (sky130_fd_sc_hd__or2_1)
                  0.08    0.46   25.48 v _13727_/X (sky130_fd_sc_hd__or2_1)
     2    0.00                           _10947_ (net)
                  0.08    0.00   25.48 v _13728_/B (sky130_fd_sc_hd__or2_2)
                  0.14    0.67   26.15 v _13728_/X (sky130_fd_sc_hd__or2_2)
     3    0.01                           _10948_ (net)
                  0.14    0.00   26.15 v _13729_/B (sky130_fd_sc_hd__or2_1)
                  0.08    0.46   26.61 v _13729_/X (sky130_fd_sc_hd__or2_1)
     2    0.00                           _10949_ (net)
                  0.08    0.00   26.61 v _13730_/B (sky130_fd_sc_hd__or2_1)
                  0.13    0.50   27.11 v _13730_/X (sky130_fd_sc_hd__or2_1)
     3    0.01                           _10950_ (net)
                  0.13    0.00   27.11 v _13731_/B (sky130_fd_sc_hd__or2_1)
                  0.08    0.46   27.57 v _13731_/X (sky130_fd_sc_hd__or2_1)
     2    0.00                           _10951_ (net)
                  0.08    0.00   27.57 v _13732_/B (sky130_fd_sc_hd__or2_1)
                  0.13    0.50   28.07 v _13732_/X (sky130_fd_sc_hd__or2_1)
     3    0.01                           _10952_ (net)
                  0.13    0.00   28.07 v _13733_/B (sky130_fd_sc_hd__or2_1)
                  0.08    0.46   28.53 v _13733_/X (sky130_fd_sc_hd__or2_1)
     2    0.00                           _10953_ (net)
                  0.08    0.00   28.53 v _13734_/B (sky130_fd_sc_hd__or2_1)
                  0.13    0.50   29.03 v _13734_/X (sky130_fd_sc_hd__or2_1)
     3    0.01                           _10954_ (net)
                  0.13    0.00   29.03 v _13735_/B (sky130_fd_sc_hd__or2_1)
                  0.08    0.46   29.48 v _13735_/X (sky130_fd_sc_hd__or2_1)
     2    0.00                           _10955_ (net)
                  0.08    0.00   29.48 v _13736_/B (sky130_fd_sc_hd__or2_1)
                  0.13    0.50   29.98 v _13736_/X (sky130_fd_sc_hd__or2_1)
     3    0.01                           _10956_ (net)
                  0.13    0.00   29.98 v _13737_/B (sky130_fd_sc_hd__or2_1)
                  0.08    0.46   30.44 v _13737_/X (sky130_fd_sc_hd__or2_1)
     2    0.00                           _10957_ (net)
                  0.08    0.00   30.44 v _13738_/B (sky130_fd_sc_hd__or2_1)
                  0.13    0.50   30.94 v _13738_/X (sky130_fd_sc_hd__or2_1)
     3    0.01                           _10958_ (net)
                  0.13    0.00   30.94 v _13739_/B (sky130_fd_sc_hd__or2_1)
                  0.08    0.46   31.39 v _13739_/X (sky130_fd_sc_hd__or2_1)
     2    0.00                           _10959_ (net)
                  0.08    0.00   31.39 v _13740_/B (sky130_fd_sc_hd__or2_1)
                  0.13    0.50   31.89 v _13740_/X (sky130_fd_sc_hd__or2_1)
     3    0.01                           _10960_ (net)
                  0.13    0.00   31.89 v _13741_/B (sky130_fd_sc_hd__or2_1)
                  0.08    0.46   32.35 v _13741_/X (sky130_fd_sc_hd__or2_1)
     2    0.00                           _10961_ (net)
                  0.08    0.00   32.35 v _13742_/B (sky130_fd_sc_hd__or2_2)
                  0.14    0.67   33.02 v _13742_/X (sky130_fd_sc_hd__or2_2)
     3    0.01                           _10962_ (net)
                  0.14    0.00   33.02 v _13770_/C1 (sky130_fd_sc_hd__o211a_1)
                  0.06    0.22   33.24 v _13770_/X (sky130_fd_sc_hd__o211a_1)
     1    0.00                           _03918_ (net)
                  0.06    0.00   33.24 v _27752_/D (sky130_fd_sc_hd__dfxtp_1)
                                 33.24   data arrival time

                  0.00   24.73   24.73   clock clk (rise edge)
                          0.00   24.73   clock network delay (ideal)
                          0.00   24.73   clock reconvergence pessimism
                                 24.73 ^ _27752_/CLK (sky130_fd_sc_hd__dfxtp_1)
                         -0.28   24.45   library setup time
                                 24.45   data required time
-----------------------------------------------------------------------------
                                 24.45   data required time
                                -33.24   data arrival time
-----------------------------------------------------------------------------
                                 -8.79   slack (VIOLATED)


Startpoint: _27565_ (rising edge-triggered flip-flop clocked by clk)
Endpoint: _27628_ (rising edge-triggered flip-flop clocked by clk)
Path Group: clk
Path Type: max

Fanout     Cap    Slew   Delay    Time   Description
-----------------------------------------------------------------------------
                  0.00    0.00    0.00   clock clk (rise edge)
                          0.00    0.00   clock network delay (ideal)
                  0.00    0.00    0.00 ^ _27565_/CLK (sky130_fd_sc_hd__dfxtp_1)
                  0.16    0.66    0.66 ^ _27565_/Q (sky130_fd_sc_hd__dfxtp_1)
     3    0.01                           count_cycle[0] (net)
                  0.16    0.00    0.66 ^ _14096_/A (sky130_fd_sc_hd__inv_2)
                  0.07    0.13    0.79 v _14096_/Y (sky130_fd_sc_hd__inv_2)
     6    0.01                           _02559_ (net)
                  0.07    0.00    0.79 v _14100_/A (sky130_fd_sc_hd__or4_4)
                  0.14    1.01    1.80 v _14100_/X (sky130_fd_sc_hd__or4_4)
     2    0.00                           _11149_ (net)
                  0.14    0.00    1.80 v _14101_/B (sky130_fd_sc_hd__or2_1)
                  0.11    0.49    2.29 v _14101_/X (sky130_fd_sc_hd__or2_1)
     3    0.00                           _11150_ (net)
                  0.11    0.00    2.29 v _14102_/B (sky130_fd_sc_hd__or2_1)
                  0.13    0.51    2.80 v _14102_/X (sky130_fd_sc_hd__or2_1)
     3    0.01                           _11151_ (net)
                  0.13    0.00    2.80 v _14103_/B (sky130_fd_sc_hd__or2_1)
                  0.08    0.46    3.26 v _14103_/X (sky130_fd_sc_hd__or2_1)
     2    0.00                           _11152_ (net)
                  0.08    0.00    3.26 v _14104_/B (sky130_fd_sc_hd__or2_1)
                  0.15    0.52    3.78 v _14104_/X (sky130_fd_sc_hd__or2_1)
     3    0.01                           _11153_ (net)
                  0.15    0.00    3.78 v _14105_/B (sky130_fd_sc_hd__or2_1)
                  0.08    0.46    4.24 v _14105_/X (sky130_fd_sc_hd__or2_1)
     2    0.00                           _11154_ (net)
                  0.08    0.00    4.24 v _14106_/B (sky130_fd_sc_hd__or2_1)
                  0.13    0.50    4.74 v _14106_/X (sky130_fd_sc_hd__or2_1)
     3    0.01                           _11155_ (net)
                  0.13    0.00    4.74 v _14107_/B (sky130_fd_sc_hd__or2_1)
                  0.08    0.46    5.20 v _14107_/X (sky130_fd_sc_hd__or2_1)
     2    0.00                           _11156_ (net)
                  0.08    0.00    5.20 v _14108_/B (sky130_fd_sc_hd__or2_2)
                  0.14    0.67    5.87 v _14108_/X (sky130_fd_sc_hd__or2_2)
     3    0.01                           _11157_ (net)
                  0.14    0.00    5.87 v _14109_/B (sky130_fd_sc_hd__or2_1)
                  0.08    0.46    6.33 v _14109_/X (sky130_fd_sc_hd__or2_1)
     2    0.00                           _11158_ (net)
                  0.08    0.00    6.33 v _14110_/B (sky130_fd_sc_hd__or2_1)
                  0.13    0.50    6.83 v _14110_/X (sky130_fd_sc_hd__or2_1)
     3    0.01                           _11159_ (net)
                  0.13    0.00    6.83 v _14111_/B (sky130_fd_sc_hd__or2_1)
                  0.08    0.46    7.29 v _14111_/X (sky130_fd_sc_hd__or2_1)
     2    0.00                           _11160_ (net)
                  0.08    0.00    7.29 v _14112_/B (sky130_fd_sc_hd__or2_1)
                  0.13    0.50    7.79 v _14112_/X (sky130_fd_sc_hd__or2_1)
     3    0.01                           _11161_ (net)
                  0.13    0.00    7.79 v _14113_/B (sky130_fd_sc_hd__or2_1)
                  0.08    0.46    8.24 v _14113_/X (sky130_fd_sc_hd__or2_1)
     2    0.00                           _11162_ (net)
                  0.08    0.00    8.24 v _14114_/B (sky130_fd_sc_hd__or2_2)
                  0.14    0.67    8.91 v _14114_/X (sky130_fd_sc_hd__or2_2)
     3    0.01                           _11163_ (net)
                  0.14    0.00    8.91 v _14115_/B (sky130_fd_sc_hd__or2_1)
                  0.08    0.46    9.37 v _14115_/X (sky130_fd_sc_hd__or2_1)
     2    0.00                           _11164_ (net)
                  0.08    0.00    9.37 v _14116_/B (sky130_fd_sc_hd__or2_2)
                  0.14    0.67   10.04 v _14116_/X (sky130_fd_sc_hd__or2_2)
     3    0.01                           _11165_ (net)
                  0.14    0.00   10.04 v _14117_/B (sky130_fd_sc_hd__or2_1)
                  0.08    0.46   10.50 v _14117_/X (sky130_fd_sc_hd__or2_1)
     2    0.00                           _11166_ (net)
                  0.08    0.00   10.50 v _14118_/B (sky130_fd_sc_hd__or2_1)
                  0.15    0.52   11.02 v _14118_/X (sky130_fd_sc_hd__or2_1)
     3    0.01                           _11167_ (net)
                  0.15    0.00   11.02 v _14119_/B (sky130_fd_sc_hd__or2_1)
                  0.08    0.46   11.48 v _14119_/X (sky130_fd_sc_hd__or2_1)
     2    0.00                           _11168_ (net)
                  0.08    0.00   11.48 v _14120_/B (sky130_fd_sc_hd__or2_1)
                  0.15    0.52   12.00 v _14120_/X (sky130_fd_sc_hd__or2_1)
     3    0.01                           _11169_ (net)
                  0.15    0.00   12.00 v _14121_/B (sky130_fd_sc_hd__or2_1)
                  0.08    0.46   12.47 v _14121_/X (sky130_fd_sc_hd__or2_1)
     2    0.00                           _11170_ (net)
                  0.08    0.00   12.47 v _14122_/B (sky130_fd_sc_hd__or2_2)
                  0.14    0.67   13.13 v _14122_/X (sky130_fd_sc_hd__or2_2)
     3    0.01                           _11171_ (net)
                  0.14    0.00   13.13 v _14123_/B (sky130_fd_sc_hd__or2_1)
                  0.08    0.46   13.60 v _14123_/X (sky130_fd_sc_hd__or2_1)
     2    0.00                           _11172_ (net)
                  0.08    0.00   13.60 v _14124_/B (sky130_fd_sc_hd__or2_1)
                  0.13    0.50   14.10 v _14124_/X (sky130_fd_sc_hd__or2_1)
     3    0.01                           _11173_ (net)
                  0.13    0.00   14.10 v _14125_/B (sky130_fd_sc_hd__or2_1)
                  0.08    0.46   14.55 v _14125_/X (sky130_fd_sc_hd__or2_1)
     2    0.00                           _11174_ (net)
                  0.08    0.00   14.55 v _14126_/B (sky130_fd_sc_hd__or2_2)
                  0.13    0.65   15.21 v _14126_/X (sky130_fd_sc_hd__or2_2)
     3    0.01                           _11175_ (net)
                  0.13    0.00   15.21 v _14127_/B (sky130_fd_sc_hd__or2_1)
                  0.08    0.46   15.66 v _14127_/X (sky130_fd_sc_hd__or2_1)
     2    0.00                           _11176_ (net)
                  0.08    0.00   15.66 v _14128_/B (sky130_fd_sc_hd__or2_1)
                  0.15    0.52   16.18 v _14128_/X (sky130_fd_sc_hd__or2_1)
     3    0.01                           _11177_ (net)
                  0.15    0.00   16.18 v _14129_/B (sky130_fd_sc_hd__or2_1)
                  0.08    0.46   16.65 v _14129_/X (sky130_fd_sc_hd__or2_1)
     2    0.00                           _11178_ (net)
                  0.08    0.00   16.65 v _14130_/B (sky130_fd_sc_hd__or2_2)
                  0.14    0.67   17.31 v _14130_/X (sky130_fd_sc_hd__or2_2)
     3    0.01                           _11179_ (net)
                  0.14    0.00   17.31 v _14131_/B (sky130_fd_sc_hd__or2_1)
                  0.08    0.46   17.78 v _14131_/X (sky130_fd_sc_hd__or2_1)
     2    0.00                           _11180_ (net)
                  0.08    0.00   17.78 v _14132_/B (sky130_fd_sc_hd__or2_1)
                  0.13    0.50   18.28 v _14132_/X (sky130_fd_sc_hd__or2_1)
     3    0.01                           _11181_ (net)
                  0.13    0.00   18.28 v _14133_/B (sky130_fd_sc_hd__or2_1)
                  0.08    0.46   18.73 v _14133_/X (sky130_fd_sc_hd__or2_1)
     2    0.00                           _11182_ (net)
                  0.08    0.00   18.73 v _14134_/B (sky130_fd_sc_hd__or2_2)
                  0.14    0.67   19.40 v _14134_/X (sky130_fd_sc_hd__or2_2)
     3    0.01                           _11183_ (net)
                  0.14    0.00   19.40 v _14135_/B (sky130_fd_sc_hd__or2_1)
                  0.08    0.46   19.86 v _14135_/X (sky130_fd_sc_hd__or2_1)
     2    0.00                           _11184_ (net)
                  0.08    0.00   19.86 v _14136_/B (sky130_fd_sc_hd__or2_2)
                  0.14    0.67   20.53 v _14136_/X (sky130_fd_sc_hd__or2_2)
     3    0.01                           _11185_ (net)
                  0.14    0.00   20.53 v _14137_/B (sky130_fd_sc_hd__or2_1)
                  0.08    0.46   20.99 v _14137_/X (sky130_fd_sc_hd__or2_1)
     2    0.00                           _11186_ (net)
                  0.08    0.00   20.99 v _14138_/B (sky130_fd_sc_hd__or2_2)
                  0.14    0.67   21.66 v _14138_/X (sky130_fd_sc_hd__or2_2)
     3    0.01                           _11187_ (net)
                  0.14    0.00   21.66 v _14139_/B (sky130_fd_sc_hd__or2_1)
                  0.08    0.46   22.12 v _14139_/X (sky130_fd_sc_hd__or2_1)
     2    0.00                           _11188_ (net)
                  0.08    0.00   22.12 v _14140_/B (sky130_fd_sc_hd__or2_1)
                  0.13    0.50   22.62 v _14140_/X (sky130_fd_sc_hd__or2_1)
     3    0.01                           _11189_ (net)
                  0.13    0.00   22.62 v _14141_/B (sky130_fd_sc_hd__or2_1)
                  0.08    0.46   23.08 v _14141_/X (sky130_fd_sc_hd__or2_1)
     2    0.00                           _11190_ (net)
                  0.08    0.00   23.08 v _14142_/B (sky130_fd_sc_hd__or2_2)
                  0.14    0.67   23.74 v _14142_/X (sky130_fd_sc_hd__or2_2)
     3    0.01                           _11191_ (net)
                  0.14    0.00   23.74 v _14143_/B (sky130_fd_sc_hd__or2_1)
                  0.08    0.46   24.21 v _14143_/X (sky130_fd_sc_hd__or2_1)
     2    0.00                           _11192_ (net)
                  0.08    0.00   24.21 v _14144_/B (sky130_fd_sc_hd__or2_2)
                  0.14    0.67   24.87 v _14144_/X (sky130_fd_sc_hd__or2_2)
     3    0.01                           _11193_ (net)
                  0.14    0.00   24.87 v _14145_/B (sky130_fd_sc_hd__or2_1)
                  0.08    0.46   25.33 v _14145_/X (sky130_fd_sc_hd__or2_1)
     2    0.00                           _11194_ (net)
                  0.08    0.00   25.33 v _14146_/B (sky130_fd_sc_hd__or2_2)
                  0.14    0.67   26.00 v _14146_/X (sky130_fd_sc_hd__or2_2)
     3    0.01                           _11195_ (net)
                  0.14    0.00   26.00 v _14147_/B (sky130_fd_sc_hd__or2_1)
                  0.08    0.46   26.47 v _14147_/X (sky130_fd_sc_hd__or2_1)
     2    0.00                           _11196_ (net)
                  0.08    0.00   26.47 v _14148_/B (sky130_fd_sc_hd__or2_1)
                  0.15    0.52   26.98 v _14148_/X (sky130_fd_sc_hd__or2_1)
     3    0.01                           _11197_ (net)
                  0.15    0.00   26.98 v _14149_/B (sky130_fd_sc_hd__or2_1)
                  0.08    0.46   27.45 v _14149_/X (sky130_fd_sc_hd__or2_1)
     2    0.00                           _11198_ (net)
                  0.08    0.00   27.45 v _14150_/B (sky130_fd_sc_hd__or2_2)
                  0.14    0.67   28.12 v _14150_/X (sky130_fd_sc_hd__or2_2)
     3    0.01                           _11199_ (net)
                  0.14    0.00   28.12 v _14151_/B (sky130_fd_sc_hd__or2_1)
                  0.08    0.46   28.58 v _14151_/X (sky130_fd_sc_hd__or2_1)
     2    0.00                           _11200_ (net)
                  0.08    0.00   28.58 v _14152_/B (sky130_fd_sc_hd__or2_1)
                  0.13    0.50   29.08 v _14152_/X (sky130_fd_sc_hd__or2_1)
     3    0.01                           _11201_ (net)
                  0.13    0.00   29.08 v _14153_/B (sky130_fd_sc_hd__or2_1)
                  0.08    0.46   29.53 v _14153_/X (sky130_fd_sc_hd__or2_1)
     2    0.00                           _11202_ (net)
                  0.08    0.00   29.53 v _14154_/B (sky130_fd_sc_hd__or2_1)
                  0.15    0.52   30.05 v _14154_/X (sky130_fd_sc_hd__or2_1)
     3    0.01                           _11203_ (net)
                  0.15    0.00   30.05 v _14155_/B (sky130_fd_sc_hd__or2_1)
                  0.08    0.46   30.52 v _14155_/X (sky130_fd_sc_hd__or2_1)
     2    0.00                           _11204_ (net)
                  0.08    0.00   30.52 v _14156_/B (sky130_fd_sc_hd__or2_2)
                  0.14    0.67   31.18 v _14156_/X (sky130_fd_sc_hd__or2_2)
     3    0.01                           _11205_ (net)
                  0.14    0.00   31.18 v _14157_/B (sky130_fd_sc_hd__or2_1)
                  0.08    0.46   31.65 v _14157_/X (sky130_fd_sc_hd__or2_1)
     2    0.00                           _11206_ (net)
                  0.08    0.00   31.65 v _14158_/B (sky130_fd_sc_hd__or2_1)
                  0.13    0.50   32.15 v _14158_/X (sky130_fd_sc_hd__or2_1)
     3    0.01                           _11207_ (net)
                  0.13    0.00   32.15 v _14159_/B (sky130_fd_sc_hd__or2_1)
                  0.09    0.47   32.62 v _14159_/X (sky130_fd_sc_hd__or2_1)
     2    0.00                           _11208_ (net)
                  0.09    0.00   32.62 v _14162_/B2 (sky130_fd_sc_hd__o221a_1)
                  0.08    0.38   33.00 v _14162_/X (sky130_fd_sc_hd__o221a_1)
     1    0.00                           _03794_ (net)
                  0.08    0.00   33.00 v _27628_/D (sky130_fd_sc_hd__dfxtp_1)
                                 33.00   data arrival time

                  0.00   24.73   24.73   clock clk (rise edge)
                          0.00   24.73   clock network delay (ideal)
                          0.00   24.73   clock reconvergence pessimism
                                 24.73 ^ _27628_/CLK (sky130_fd_sc_hd__dfxtp_1)
                         -0.29   24.44   library setup time
                                 24.44   data required time
-----------------------------------------------------------------------------
                                 24.44   data required time
                                -33.00   data arrival time
-----------------------------------------------------------------------------
                                 -8.56   slack (VIOLATED)


Startpoint: _27565_ (rising edge-triggered flip-flop clocked by clk)
Endpoint: _27627_ (rising edge-triggered flip-flop clocked by clk)
Path Group: clk
Path Type: max

Fanout     Cap    Slew   Delay    Time   Description
-----------------------------------------------------------------------------
                  0.00    0.00    0.00   clock clk (rise edge)
                          0.00    0.00   clock network delay (ideal)
                  0.00    0.00    0.00 ^ _27565_/CLK (sky130_fd_sc_hd__dfxtp_1)
                  0.16    0.66    0.66 ^ _27565_/Q (sky130_fd_sc_hd__dfxtp_1)
     3    0.01                           count_cycle[0] (net)
                  0.16    0.00    0.66 ^ _14096_/A (sky130_fd_sc_hd__inv_2)
                  0.07    0.13    0.79 v _14096_/Y (sky130_fd_sc_hd__inv_2)
     6    0.01                           _02559_ (net)
                  0.07    0.00    0.79 v _14100_/A (sky130_fd_sc_hd__or4_4)
                  0.14    1.01    1.80 v _14100_/X (sky130_fd_sc_hd__or4_4)
     2    0.00                           _11149_ (net)
                  0.14    0.00    1.80 v _14101_/B (sky130_fd_sc_hd__or2_1)
                  0.11    0.49    2.29 v _14101_/X (sky130_fd_sc_hd__or2_1)
     3    0.00                           _11150_ (net)
                  0.11    0.00    2.29 v _14102_/B (sky130_fd_sc_hd__or2_1)
                  0.13    0.51    2.80 v _14102_/X (sky130_fd_sc_hd__or2_1)
     3    0.01                           _11151_ (net)
                  0.13    0.00    2.80 v _14103_/B (sky130_fd_sc_hd__or2_1)
                  0.08    0.46    3.26 v _14103_/X (sky130_fd_sc_hd__or2_1)
     2    0.00                           _11152_ (net)
                  0.08    0.00    3.26 v _14104_/B (sky130_fd_sc_hd__or2_1)
                  0.15    0.52    3.78 v _14104_/X (sky130_fd_sc_hd__or2_1)
     3    0.01                           _11153_ (net)
                  0.15    0.00    3.78 v _14105_/B (sky130_fd_sc_hd__or2_1)
                  0.08    0.46    4.24 v _14105_/X (sky130_fd_sc_hd__or2_1)
     2    0.00                           _11154_ (net)
                  0.08    0.00    4.24 v _14106_/B (sky130_fd_sc_hd__or2_1)
                  0.13    0.50    4.74 v _14106_/X (sky130_fd_sc_hd__or2_1)
     3    0.01                           _11155_ (net)
                  0.13    0.00    4.74 v _14107_/B (sky130_fd_sc_hd__or2_1)
                  0.08    0.46    5.20 v _14107_/X (sky130_fd_sc_hd__or2_1)
     2    0.00                           _11156_ (net)
                  0.08    0.00    5.20 v _14108_/B (sky130_fd_sc_hd__or2_2)
                  0.14    0.67    5.87 v _14108_/X (sky130_fd_sc_hd__or2_2)
     3    0.01                           _11157_ (net)
                  0.14    0.00    5.87 v _14109_/B (sky130_fd_sc_hd__or2_1)
                  0.08    0.46    6.33 v _14109_/X (sky130_fd_sc_hd__or2_1)
     2    0.00                           _11158_ (net)
                  0.08    0.00    6.33 v _14110_/B (sky130_fd_sc_hd__or2_1)
                  0.13    0.50    6.83 v _14110_/X (sky130_fd_sc_hd__or2_1)
     3    0.01                           _11159_ (net)
                  0.13    0.00    6.83 v _14111_/B (sky130_fd_sc_hd__or2_1)
                  0.08    0.46    7.29 v _14111_/X (sky130_fd_sc_hd__or2_1)
     2    0.00                           _11160_ (net)
                  0.08    0.00    7.29 v _14112_/B (sky130_fd_sc_hd__or2_1)
                  0.13    0.50    7.79 v _14112_/X (sky130_fd_sc_hd__or2_1)
     3    0.01                           _11161_ (net)
                  0.13    0.00    7.79 v _14113_/B (sky130_fd_sc_hd__or2_1)
                  0.08    0.46    8.24 v _14113_/X (sky130_fd_sc_hd__or2_1)
     2    0.00                           _11162_ (net)
                  0.08    0.00    8.24 v _14114_/B (sky130_fd_sc_hd__or2_2)
                  0.14    0.67    8.91 v _14114_/X (sky130_fd_sc_hd__or2_2)
     3    0.01                           _11163_ (net)
                  0.14    0.00    8.91 v _14115_/B (sky130_fd_sc_hd__or2_1)
                  0.08    0.46    9.37 v _14115_/X (sky130_fd_sc_hd__or2_1)
     2    0.00                           _11164_ (net)
                  0.08    0.00    9.37 v _14116_/B (sky130_fd_sc_hd__or2_2)
                  0.14    0.67   10.04 v _14116_/X (sky130_fd_sc_hd__or2_2)
     3    0.01                           _11165_ (net)
                  0.14    0.00   10.04 v _14117_/B (sky130_fd_sc_hd__or2_1)
                  0.08    0.46   10.50 v _14117_/X (sky130_fd_sc_hd__or2_1)
     2    0.00                           _11166_ (net)
                  0.08    0.00   10.50 v _14118_/B (sky130_fd_sc_hd__or2_1)
                  0.15    0.52   11.02 v _14118_/X (sky130_fd_sc_hd__or2_1)
     3    0.01                           _11167_ (net)
                  0.15    0.00   11.02 v _14119_/B (sky130_fd_sc_hd__or2_1)
                  0.08    0.46   11.48 v _14119_/X (sky130_fd_sc_hd__or2_1)
     2    0.00                           _11168_ (net)
                  0.08    0.00   11.48 v _14120_/B (sky130_fd_sc_hd__or2_1)
                  0.15    0.52   12.00 v _14120_/X (sky130_fd_sc_hd__or2_1)
     3    0.01                           _11169_ (net)
                  0.15    0.00   12.00 v _14121_/B (sky130_fd_sc_hd__or2_1)
                  0.08    0.46   12.47 v _14121_/X (sky130_fd_sc_hd__or2_1)
     2    0.00                           _11170_ (net)
                  0.08    0.00   12.47 v _14122_/B (sky130_fd_sc_hd__or2_2)
                  0.14    0.67   13.13 v _14122_/X (sky130_fd_sc_hd__or2_2)
     3    0.01                           _11171_ (net)
                  0.14    0.00   13.13 v _14123_/B (sky130_fd_sc_hd__or2_1)
                  0.08    0.46   13.60 v _14123_/X (sky130_fd_sc_hd__or2_1)
     2    0.00                           _11172_ (net)
                  0.08    0.00   13.60 v _14124_/B (sky130_fd_sc_hd__or2_1)
                  0.13    0.50   14.10 v _14124_/X (sky130_fd_sc_hd__or2_1)
     3    0.01                           _11173_ (net)
                  0.13    0.00   14.10 v _14125_/B (sky130_fd_sc_hd__or2_1)
                  0.08    0.46   14.55 v _14125_/X (sky130_fd_sc_hd__or2_1)
     2    0.00                           _11174_ (net)
                  0.08    0.00   14.55 v _14126_/B (sky130_fd_sc_hd__or2_2)
                  0.13    0.65   15.21 v _14126_/X (sky130_fd_sc_hd__or2_2)
     3    0.01                           _11175_ (net)
                  0.13    0.00   15.21 v _14127_/B (sky130_fd_sc_hd__or2_1)
                  0.08    0.46   15.66 v _14127_/X (sky130_fd_sc_hd__or2_1)
     2    0.00                           _11176_ (net)
                  0.08    0.00   15.66 v _14128_/B (sky130_fd_sc_hd__or2_1)
                  0.15    0.52   16.18 v _14128_/X (sky130_fd_sc_hd__or2_1)
     3    0.01                           _11177_ (net)
                  0.15    0.00   16.18 v _14129_/B (sky130_fd_sc_hd__or2_1)
                  0.08    0.46   16.65 v _14129_/X (sky130_fd_sc_hd__or2_1)
     2    0.00                           _11178_ (net)
                  0.08    0.00   16.65 v _14130_/B (sky130_fd_sc_hd__or2_2)
                  0.14    0.67   17.31 v _14130_/X (sky130_fd_sc_hd__or2_2)
     3    0.01                           _11179_ (net)
                  0.14    0.00   17.31 v _14131_/B (sky130_fd_sc_hd__or2_1)
                  0.08    0.46   17.78 v _14131_/X (sky130_fd_sc_hd__or2_1)
     2    0.00                           _11180_ (net)
                  0.08    0.00   17.78 v _14132_/B (sky130_fd_sc_hd__or2_1)
                  0.13    0.50   18.28 v _14132_/X (sky130_fd_sc_hd__or2_1)
     3    0.01                           _11181_ (net)
                  0.13    0.00   18.28 v _14133_/B (sky130_fd_sc_hd__or2_1)
                  0.08    0.46   18.73 v _14133_/X (sky130_fd_sc_hd__or2_1)
     2    0.00                           _11182_ (net)
                  0.08    0.00   18.73 v _14134_/B (sky130_fd_sc_hd__or2_2)
                  0.14    0.67   19.40 v _14134_/X (sky130_fd_sc_hd__or2_2)
     3    0.01                           _11183_ (net)
                  0.14    0.00   19.40 v _14135_/B (sky130_fd_sc_hd__or2_1)
                  0.08    0.46   19.86 v _14135_/X (sky130_fd_sc_hd__or2_1)
     2    0.00                           _11184_ (net)
                  0.08    0.00   19.86 v _14136_/B (sky130_fd_sc_hd__or2_2)
                  0.14    0.67   20.53 v _14136_/X (sky130_fd_sc_hd__or2_2)
     3    0.01                           _11185_ (net)
                  0.14    0.00   20.53 v _14137_/B (sky130_fd_sc_hd__or2_1)
                  0.08    0.46   20.99 v _14137_/X (sky130_fd_sc_hd__or2_1)
     2    0.00                           _11186_ (net)
                  0.08    0.00   20.99 v _14138_/B (sky130_fd_sc_hd__or2_2)
                  0.14    0.67   21.66 v _14138_/X (sky130_fd_sc_hd__or2_2)
     3    0.01                           _11187_ (net)
                  0.14    0.00   21.66 v _14139_/B (sky130_fd_sc_hd__or2_1)
                  0.08    0.46   22.12 v _14139_/X (sky130_fd_sc_hd__or2_1)
     2    0.00                           _11188_ (net)
                  0.08    0.00   22.12 v _14140_/B (sky130_fd_sc_hd__or2_1)
                  0.13    0.50   22.62 v _14140_/X (sky130_fd_sc_hd__or2_1)
     3    0.01                           _11189_ (net)
                  0.13    0.00   22.62 v _14141_/B (sky130_fd_sc_hd__or2_1)
                  0.08    0.46   23.08 v _14141_/X (sky130_fd_sc_hd__or2_1)
     2    0.00                           _11190_ (net)
                  0.08    0.00   23.08 v _14142_/B (sky130_fd_sc_hd__or2_2)
                  0.14    0.67   23.74 v _14142_/X (sky130_fd_sc_hd__or2_2)
     3    0.01                           _11191_ (net)
                  0.14    0.00   23.74 v _14143_/B (sky130_fd_sc_hd__or2_1)
                  0.08    0.46   24.21 v _14143_/X (sky130_fd_sc_hd__or2_1)
     2    0.00                           _11192_ (net)
                  0.08    0.00   24.21 v _14144_/B (sky130_fd_sc_hd__or2_2)
                  0.14    0.67   24.87 v _14144_/X (sky130_fd_sc_hd__or2_2)
     3    0.01                           _11193_ (net)
                  0.14    0.00   24.87 v _14145_/B (sky130_fd_sc_hd__or2_1)
                  0.08    0.46   25.33 v _14145_/X (sky130_fd_sc_hd__or2_1)
     2    0.00                           _11194_ (net)
                  0.08    0.00   25.33 v _14146_/B (sky130_fd_sc_hd__or2_2)
                  0.14    0.67   26.00 v _14146_/X (sky130_fd_sc_hd__or2_2)
     3    0.01                           _11195_ (net)
                  0.14    0.00   26.00 v _14147_/B (sky130_fd_sc_hd__or2_1)
                  0.08    0.46   26.47 v _14147_/X (sky130_fd_sc_hd__or2_1)
     2    0.00                           _11196_ (net)
                  0.08    0.00   26.47 v _14148_/B (sky130_fd_sc_hd__or2_1)
                  0.15    0.52   26.98 v _14148_/X (sky130_fd_sc_hd__or2_1)
     3    0.01                           _11197_ (net)
                  0.15    0.00   26.98 v _14149_/B (sky130_fd_sc_hd__or2_1)
                  0.08    0.46   27.45 v _14149_/X (sky130_fd_sc_hd__or2_1)
     2    0.00                           _11198_ (net)
                  0.08    0.00   27.45 v _14150_/B (sky130_fd_sc_hd__or2_2)
                  0.14    0.67   28.12 v _14150_/X (sky130_fd_sc_hd__or2_2)
     3    0.01                           _11199_ (net)
                  0.14    0.00   28.12 v _14151_/B (sky130_fd_sc_hd__or2_1)
                  0.08    0.46   28.58 v _14151_/X (sky130_fd_sc_hd__or2_1)
     2    0.00                           _11200_ (net)
                  0.08    0.00   28.58 v _14152_/B (sky130_fd_sc_hd__or2_1)
                  0.13    0.50   29.08 v _14152_/X (sky130_fd_sc_hd__or2_1)
     3    0.01                           _11201_ (net)
                  0.13    0.00   29.08 v _14153_/B (sky130_fd_sc_hd__or2_1)
                  0.08    0.46   29.53 v _14153_/X (sky130_fd_sc_hd__or2_1)
     2    0.00                           _11202_ (net)
                  0.08    0.00   29.53 v _14154_/B (sky130_fd_sc_hd__or2_1)
                  0.15    0.52   30.05 v _14154_/X (sky130_fd_sc_hd__or2_1)
     3    0.01                           _11203_ (net)
                  0.15    0.00   30.05 v _14155_/B (sky130_fd_sc_hd__or2_1)
                  0.08    0.46   30.52 v _14155_/X (sky130_fd_sc_hd__or2_1)
     2    0.00                           _11204_ (net)
                  0.08    0.00   30.52 v _14156_/B (sky130_fd_sc_hd__or2_2)
                  0.14    0.67   31.18 v _14156_/X (sky130_fd_sc_hd__or2_2)
     3    0.01                           _11205_ (net)
                  0.14    0.00   31.18 v _14157_/B (sky130_fd_sc_hd__or2_1)
                  0.08    0.46   31.65 v _14157_/X (sky130_fd_sc_hd__or2_1)
     2    0.00                           _11206_ (net)
                  0.08    0.00   31.65 v _14158_/B (sky130_fd_sc_hd__or2_1)
                  0.13    0.50   32.15 v _14158_/X (sky130_fd_sc_hd__or2_1)
     3    0.01                           _11207_ (net)
                  0.13    0.00   32.15 v _14163_/A2 (sky130_fd_sc_hd__a211oi_1)
                  0.25    0.36   32.51 ^ _14163_/Y (sky130_fd_sc_hd__a211oi_1)
     1    0.00                           _03793_ (net)
                  0.25    0.00   32.51 ^ _27627_/D (sky130_fd_sc_hd__dfxtp_1)
                                 32.51   data arrival time

                  0.00   24.73   24.73   clock clk (rise edge)
                          0.00   24.73   clock network delay (ideal)
                          0.00   24.73   clock reconvergence pessimism
                                 24.73 ^ _27627_/CLK (sky130_fd_sc_hd__dfxtp_1)
                         -0.19   24.54   library setup time
                                 24.54   data required time
-----------------------------------------------------------------------------
                                 24.54   data required time
                                -32.51   data arrival time
-----------------------------------------------------------------------------
                                 -7.97   slack (VIOLATED)


Startpoint: _27565_ (rising edge-triggered flip-flop clocked by clk)
Endpoint: _27626_ (rising edge-triggered flip-flop clocked by clk)
Path Group: clk
Path Type: max

Fanout     Cap    Slew   Delay    Time   Description
-----------------------------------------------------------------------------
                  0.00    0.00    0.00   clock clk (rise edge)
                          0.00    0.00   clock network delay (ideal)
                  0.00    0.00    0.00 ^ _27565_/CLK (sky130_fd_sc_hd__dfxtp_1)
                  0.16    0.66    0.66 ^ _27565_/Q (sky130_fd_sc_hd__dfxtp_1)
     3    0.01                           count_cycle[0] (net)
                  0.16    0.00    0.66 ^ _14096_/A (sky130_fd_sc_hd__inv_2)
                  0.07    0.13    0.79 v _14096_/Y (sky130_fd_sc_hd__inv_2)
     6    0.01                           _02559_ (net)
                  0.07    0.00    0.79 v _14100_/A (sky130_fd_sc_hd__or4_4)
                  0.14    1.01    1.80 v _14100_/X (sky130_fd_sc_hd__or4_4)
     2    0.00                           _11149_ (net)
                  0.14    0.00    1.80 v _14101_/B (sky130_fd_sc_hd__or2_1)
                  0.11    0.49    2.29 v _14101_/X (sky130_fd_sc_hd__or2_1)
     3    0.00                           _11150_ (net)
                  0.11    0.00    2.29 v _14102_/B (sky130_fd_sc_hd__or2_1)
                  0.13    0.51    2.80 v _14102_/X (sky130_fd_sc_hd__or2_1)
     3    0.01                           _11151_ (net)
                  0.13    0.00    2.80 v _14103_/B (sky130_fd_sc_hd__or2_1)
                  0.08    0.46    3.26 v _14103_/X (sky130_fd_sc_hd__or2_1)
     2    0.00                           _11152_ (net)
                  0.08    0.00    3.26 v _14104_/B (sky130_fd_sc_hd__or2_1)
                  0.15    0.52    3.78 v _14104_/X (sky130_fd_sc_hd__or2_1)
     3    0.01                           _11153_ (net)
                  0.15    0.00    3.78 v _14105_/B (sky130_fd_sc_hd__or2_1)
                  0.08    0.46    4.24 v _14105_/X (sky130_fd_sc_hd__or2_1)
     2    0.00                           _11154_ (net)
                  0.08    0.00    4.24 v _14106_/B (sky130_fd_sc_hd__or2_1)
                  0.13    0.50    4.74 v _14106_/X (sky130_fd_sc_hd__or2_1)
     3    0.01                           _11155_ (net)
                  0.13    0.00    4.74 v _14107_/B (sky130_fd_sc_hd__or2_1)
                  0.08    0.46    5.20 v _14107_/X (sky130_fd_sc_hd__or2_1)
     2    0.00                           _11156_ (net)
                  0.08    0.00    5.20 v _14108_/B (sky130_fd_sc_hd__or2_2)
                  0.14    0.67    5.87 v _14108_/X (sky130_fd_sc_hd__or2_2)
     3    0.01                           _11157_ (net)
                  0.14    0.00    5.87 v _14109_/B (sky130_fd_sc_hd__or2_1)
                  0.08    0.46    6.33 v _14109_/X (sky130_fd_sc_hd__or2_1)
     2    0.00                           _11158_ (net)
                  0.08    0.00    6.33 v _14110_/B (sky130_fd_sc_hd__or2_1)
                  0.13    0.50    6.83 v _14110_/X (sky130_fd_sc_hd__or2_1)
     3    0.01                           _11159_ (net)
                  0.13    0.00    6.83 v _14111_/B (sky130_fd_sc_hd__or2_1)
                  0.08    0.46    7.29 v _14111_/X (sky130_fd_sc_hd__or2_1)
     2    0.00                           _11160_ (net)
                  0.08    0.00    7.29 v _14112_/B (sky130_fd_sc_hd__or2_1)
                  0.13    0.50    7.79 v _14112_/X (sky130_fd_sc_hd__or2_1)
     3    0.01                           _11161_ (net)
                  0.13    0.00    7.79 v _14113_/B (sky130_fd_sc_hd__or2_1)
                  0.08    0.46    8.24 v _14113_/X (sky130_fd_sc_hd__or2_1)
     2    0.00                           _11162_ (net)
                  0.08    0.00    8.24 v _14114_/B (sky130_fd_sc_hd__or2_2)
                  0.14    0.67    8.91 v _14114_/X (sky130_fd_sc_hd__or2_2)
     3    0.01                           _11163_ (net)
                  0.14    0.00    8.91 v _14115_/B (sky130_fd_sc_hd__or2_1)
                  0.08    0.46    9.37 v _14115_/X (sky130_fd_sc_hd__or2_1)
     2    0.00                           _11164_ (net)
                  0.08    0.00    9.37 v _14116_/B (sky130_fd_sc_hd__or2_2)
                  0.14    0.67   10.04 v _14116_/X (sky130_fd_sc_hd__or2_2)
     3    0.01                           _11165_ (net)
                  0.14    0.00   10.04 v _14117_/B (sky130_fd_sc_hd__or2_1)
                  0.08    0.46   10.50 v _14117_/X (sky130_fd_sc_hd__or2_1)
     2    0.00                           _11166_ (net)
                  0.08    0.00   10.50 v _14118_/B (sky130_fd_sc_hd__or2_1)
                  0.15    0.52   11.02 v _14118_/X (sky130_fd_sc_hd__or2_1)
     3    0.01                           _11167_ (net)
                  0.15    0.00   11.02 v _14119_/B (sky130_fd_sc_hd__or2_1)
                  0.08    0.46   11.48 v _14119_/X (sky130_fd_sc_hd__or2_1)
     2    0.00                           _11168_ (net)
                  0.08    0.00   11.48 v _14120_/B (sky130_fd_sc_hd__or2_1)
                  0.15    0.52   12.00 v _14120_/X (sky130_fd_sc_hd__or2_1)
     3    0.01                           _11169_ (net)
                  0.15    0.00   12.00 v _14121_/B (sky130_fd_sc_hd__or2_1)
                  0.08    0.46   12.47 v _14121_/X (sky130_fd_sc_hd__or2_1)
     2    0.00                           _11170_ (net)
                  0.08    0.00   12.47 v _14122_/B (sky130_fd_sc_hd__or2_2)
                  0.14    0.67   13.13 v _14122_/X (sky130_fd_sc_hd__or2_2)
     3    0.01                           _11171_ (net)
                  0.14    0.00   13.13 v _14123_/B (sky130_fd_sc_hd__or2_1)
                  0.08    0.46   13.60 v _14123_/X (sky130_fd_sc_hd__or2_1)
     2    0.00                           _11172_ (net)
                  0.08    0.00   13.60 v _14124_/B (sky130_fd_sc_hd__or2_1)
                  0.13    0.50   14.10 v _14124_/X (sky130_fd_sc_hd__or2_1)
     3    0.01                           _11173_ (net)
                  0.13    0.00   14.10 v _14125_/B (sky130_fd_sc_hd__or2_1)
                  0.08    0.46   14.55 v _14125_/X (sky130_fd_sc_hd__or2_1)
     2    0.00                           _11174_ (net)
                  0.08    0.00   14.55 v _14126_/B (sky130_fd_sc_hd__or2_2)
                  0.13    0.65   15.21 v _14126_/X (sky130_fd_sc_hd__or2_2)
     3    0.01                           _11175_ (net)
                  0.13    0.00   15.21 v _14127_/B (sky130_fd_sc_hd__or2_1)
                  0.08    0.46   15.66 v _14127_/X (sky130_fd_sc_hd__or2_1)
     2    0.00                           _11176_ (net)
                  0.08    0.00   15.66 v _14128_/B (sky130_fd_sc_hd__or2_1)
                  0.15    0.52   16.18 v _14128_/X (sky130_fd_sc_hd__or2_1)
     3    0.01                           _11177_ (net)
                  0.15    0.00   16.18 v _14129_/B (sky130_fd_sc_hd__or2_1)
                  0.08    0.46   16.65 v _14129_/X (sky130_fd_sc_hd__or2_1)
     2    0.00                           _11178_ (net)
                  0.08    0.00   16.65 v _14130_/B (sky130_fd_sc_hd__or2_2)
                  0.14    0.67   17.31 v _14130_/X (sky130_fd_sc_hd__or2_2)
     3    0.01                           _11179_ (net)
                  0.14    0.00   17.31 v _14131_/B (sky130_fd_sc_hd__or2_1)
                  0.08    0.46   17.78 v _14131_/X (sky130_fd_sc_hd__or2_1)
     2    0.00                           _11180_ (net)
                  0.08    0.00   17.78 v _14132_/B (sky130_fd_sc_hd__or2_1)
                  0.13    0.50   18.28 v _14132_/X (sky130_fd_sc_hd__or2_1)
     3    0.01                           _11181_ (net)
                  0.13    0.00   18.28 v _14133_/B (sky130_fd_sc_hd__or2_1)
                  0.08    0.46   18.73 v _14133_/X (sky130_fd_sc_hd__or2_1)
     2    0.00                           _11182_ (net)
                  0.08    0.00   18.73 v _14134_/B (sky130_fd_sc_hd__or2_2)
                  0.14    0.67   19.40 v _14134_/X (sky130_fd_sc_hd__or2_2)
     3    0.01                           _11183_ (net)
                  0.14    0.00   19.40 v _14135_/B (sky130_fd_sc_hd__or2_1)
                  0.08    0.46   19.86 v _14135_/X (sky130_fd_sc_hd__or2_1)
     2    0.00                           _11184_ (net)
                  0.08    0.00   19.86 v _14136_/B (sky130_fd_sc_hd__or2_2)
                  0.14    0.67   20.53 v _14136_/X (sky130_fd_sc_hd__or2_2)
     3    0.01                           _11185_ (net)
                  0.14    0.00   20.53 v _14137_/B (sky130_fd_sc_hd__or2_1)
                  0.08    0.46   20.99 v _14137_/X (sky130_fd_sc_hd__or2_1)
     2    0.00                           _11186_ (net)
                  0.08    0.00   20.99 v _14138_/B (sky130_fd_sc_hd__or2_2)
                  0.14    0.67   21.66 v _14138_/X (sky130_fd_sc_hd__or2_2)
     3    0.01                           _11187_ (net)
                  0.14    0.00   21.66 v _14139_/B (sky130_fd_sc_hd__or2_1)
                  0.08    0.46   22.12 v _14139_/X (sky130_fd_sc_hd__or2_1)
     2    0.00                           _11188_ (net)
                  0.08    0.00   22.12 v _14140_/B (sky130_fd_sc_hd__or2_1)
                  0.13    0.50   22.62 v _14140_/X (sky130_fd_sc_hd__or2_1)
     3    0.01                           _11189_ (net)
                  0.13    0.00   22.62 v _14141_/B (sky130_fd_sc_hd__or2_1)
                  0.08    0.46   23.08 v _14141_/X (sky130_fd_sc_hd__or2_1)
     2    0.00                           _11190_ (net)
                  0.08    0.00   23.08 v _14142_/B (sky130_fd_sc_hd__or2_2)
                  0.14    0.67   23.74 v _14142_/X (sky130_fd_sc_hd__or2_2)
     3    0.01                           _11191_ (net)
                  0.14    0.00   23.74 v _14143_/B (sky130_fd_sc_hd__or2_1)
                  0.08    0.46   24.21 v _14143_/X (sky130_fd_sc_hd__or2_1)
     2    0.00                           _11192_ (net)
                  0.08    0.00   24.21 v _14144_/B (sky130_fd_sc_hd__or2_2)
                  0.14    0.67   24.87 v _14144_/X (sky130_fd_sc_hd__or2_2)
     3    0.01                           _11193_ (net)
                  0.14    0.00   24.87 v _14145_/B (sky130_fd_sc_hd__or2_1)
                  0.08    0.46   25.33 v _14145_/X (sky130_fd_sc_hd__or2_1)
     2    0.00                           _11194_ (net)
                  0.08    0.00   25.33 v _14146_/B (sky130_fd_sc_hd__or2_2)
                  0.14    0.67   26.00 v _14146_/X (sky130_fd_sc_hd__or2_2)
     3    0.01                           _11195_ (net)
                  0.14    0.00   26.00 v _14147_/B (sky130_fd_sc_hd__or2_1)
                  0.08    0.46   26.47 v _14147_/X (sky130_fd_sc_hd__or2_1)
     2    0.00                           _11196_ (net)
                  0.08    0.00   26.47 v _14148_/B (sky130_fd_sc_hd__or2_1)
                  0.15    0.52   26.98 v _14148_/X (sky130_fd_sc_hd__or2_1)
     3    0.01                           _11197_ (net)
                  0.15    0.00   26.98 v _14149_/B (sky130_fd_sc_hd__or2_1)
                  0.08    0.46   27.45 v _14149_/X (sky130_fd_sc_hd__or2_1)
     2    0.00                           _11198_ (net)
                  0.08    0.00   27.45 v _14150_/B (sky130_fd_sc_hd__or2_2)
                  0.14    0.67   28.12 v _14150_/X (sky130_fd_sc_hd__or2_2)
     3    0.01                           _11199_ (net)
                  0.14    0.00   28.12 v _14151_/B (sky130_fd_sc_hd__or2_1)
                  0.08    0.46   28.58 v _14151_/X (sky130_fd_sc_hd__or2_1)
     2    0.00                           _11200_ (net)
                  0.08    0.00   28.58 v _14152_/B (sky130_fd_sc_hd__or2_1)
                  0.13    0.50   29.08 v _14152_/X (sky130_fd_sc_hd__or2_1)
     3    0.01                           _11201_ (net)
                  0.13    0.00   29.08 v _14153_/B (sky130_fd_sc_hd__or2_1)
                  0.08    0.46   29.53 v _14153_/X (sky130_fd_sc_hd__or2_1)
     2    0.00                           _11202_ (net)
                  0.08    0.00   29.53 v _14154_/B (sky130_fd_sc_hd__or2_1)
                  0.15    0.52   30.05 v _14154_/X (sky130_fd_sc_hd__or2_1)
     3    0.01                           _11203_ (net)
                  0.15    0.00   30.05 v _14155_/B (sky130_fd_sc_hd__or2_1)
                  0.08    0.46   30.52 v _14155_/X (sky130_fd_sc_hd__or2_1)
     2    0.00                           _11204_ (net)
                  0.08    0.00   30.52 v _14156_/B (sky130_fd_sc_hd__or2_2)
                  0.14    0.67   31.18 v _14156_/X (sky130_fd_sc_hd__or2_2)
     3    0.01                           _11205_ (net)
                  0.14    0.00   31.18 v _14157_/B (sky130_fd_sc_hd__or2_1)
                  0.08    0.46   31.65 v _14157_/X (sky130_fd_sc_hd__or2_1)
     2    0.00                           _11206_ (net)
                  0.08    0.00   31.65 v _14158_/B (sky130_fd_sc_hd__or2_1)
                  0.13    0.50   32.15 v _14158_/X (sky130_fd_sc_hd__or2_1)
     3    0.01                           _11207_ (net)
                  0.13    0.00   32.15 v _14165_/C1 (sky130_fd_sc_hd__o211a_1)
                  0.06    0.21   32.36 v _14165_/X (sky130_fd_sc_hd__o211a_1)
     1    0.00                           _03792_ (net)
                  0.06    0.00   32.36 v _27626_/D (sky130_fd_sc_hd__dfxtp_1)
                                 32.36   data arrival time

                  0.00   24.73   24.73   clock clk (rise edge)
                          0.00   24.73   clock network delay (ideal)
                          0.00   24.73   clock reconvergence pessimism
                                 24.73 ^ _27626_/CLK (sky130_fd_sc_hd__dfxtp_1)
                         -0.28   24.45   library setup time
                                 24.45   data required time
-----------------------------------------------------------------------------
                                 24.45   data required time
                                -32.36   data arrival time
-----------------------------------------------------------------------------
                                 -7.91   slack (VIOLATED)


Startpoint: _27871_ (rising edge-triggered flip-flop clocked by clk)
Endpoint: _27751_ (rising edge-triggered flip-flop clocked by clk)
Path Group: clk
Path Type: max

Fanout     Cap    Slew   Delay    Time   Description
-----------------------------------------------------------------------------
                  0.00    0.00    0.00   clock clk (rise edge)
                          0.00    0.00   clock network delay (ideal)
                  0.00    0.00    0.00 ^ _27871_/CLK (sky130_fd_sc_hd__dfxtp_2)
                  0.20    0.72    0.72 ^ _27871_/Q (sky130_fd_sc_hd__dfxtp_2)
     6    0.02                           irq_mask[12] (net)
                  0.20    0.00    0.72 ^ _13137_/A1 (sky130_fd_sc_hd__o22ai_1)
                  0.10    0.21    0.93 v _13137_/Y (sky130_fd_sc_hd__o22ai_1)
     1    0.00                           _10539_ (net)
                  0.10    0.00    0.93 v _13138_/C1 (sky130_fd_sc_hd__a221o_1)
                  0.09    0.49    1.42 v _13138_/X (sky130_fd_sc_hd__a221o_1)
     1    0.00                           _10540_ (net)
                  0.09    0.00    1.42 v _13157_/A (sky130_fd_sc_hd__or4_4)
                  0.14    1.03    2.45 v _13157_/X (sky130_fd_sc_hd__or4_4)
     1    0.00                           _10559_ (net)
                  0.14    0.00    2.45 v _13160_/A2 (sky130_fd_sc_hd__o2111a_1)
                  0.08    0.44    2.89 v _13160_/X (sky130_fd_sc_hd__o2111a_1)
     2    0.00                           _10562_ (net)
                  0.08    0.00    2.89 v _13161_/C (sky130_fd_sc_hd__or3_1)
                  0.15    0.73    3.62 v _13161_/X (sky130_fd_sc_hd__or3_1)
     2    0.00                           _10563_ (net)
                  0.15    0.00    3.62 v _13164_/A (sky130_fd_sc_hd__or2_1)
                  0.11    0.53    4.15 v _13164_/X (sky130_fd_sc_hd__or2_1)
     2    0.00                           _10565_ (net)
                  0.11    0.00    4.15 v _13165_/C (sky130_fd_sc_hd__or3_4)
                  0.12    0.66    4.81 v _13165_/X (sky130_fd_sc_hd__or3_4)
     4    0.00                           _10566_ (net)
                  0.12    0.00    4.81 v _13690_/B (sky130_fd_sc_hd__or2_2)
                  0.15    0.69    5.50 v _13690_/X (sky130_fd_sc_hd__or2_2)
     5    0.01                           _10910_ (net)
                  0.15    0.00    5.50 v _13691_/C (sky130_fd_sc_hd__or3_2)
                  0.15    0.95    6.45 v _13691_/X (sky130_fd_sc_hd__or3_2)
     2    0.00                           _10911_ (net)
                  0.15    0.00    6.45 v _13692_/B (sky130_fd_sc_hd__or2_2)
                  0.13    0.68    7.13 v _13692_/X (sky130_fd_sc_hd__or2_2)
     3    0.01                           _10912_ (net)
                  0.13    0.00    7.13 v _13693_/B (sky130_fd_sc_hd__or2_1)
                  0.08    0.46    7.59 v _13693_/X (sky130_fd_sc_hd__or2_1)
     2    0.00                           _10913_ (net)
                  0.08    0.00    7.59 v _13694_/B (sky130_fd_sc_hd__or2_2)
                  0.14    0.67    8.26 v _13694_/X (sky130_fd_sc_hd__or2_2)
     3    0.01                           _10914_ (net)
                  0.14    0.00    8.26 v _13695_/B (sky130_fd_sc_hd__or2_1)
                  0.08    0.46    8.72 v _13695_/X (sky130_fd_sc_hd__or2_1)
     2    0.00                           _10915_ (net)
                  0.08    0.00    8.72 v _13696_/B (sky130_fd_sc_hd__or2_1)
                  0.15    0.52    9.24 v _13696_/X (sky130_fd_sc_hd__or2_1)
     3    0.01                           _10916_ (net)
                  0.15    0.00    9.24 v _13697_/B (sky130_fd_sc_hd__or2_1)
                  0.08    0.46    9.70 v _13697_/X (sky130_fd_sc_hd__or2_1)
     2    0.00                           _10917_ (net)
                  0.08    0.00    9.70 v _13698_/B (sky130_fd_sc_hd__or2_1)
                  0.13    0.50   10.20 v _13698_/X (sky130_fd_sc_hd__or2_1)
     3    0.01                           _10918_ (net)
                  0.13    0.00   10.20 v _13699_/B (sky130_fd_sc_hd__or2_1)
                  0.08    0.46   10.66 v _13699_/X (sky130_fd_sc_hd__or2_1)
     2    0.00                           _10919_ (net)
                  0.08    0.00   10.66 v _13700_/B (sky130_fd_sc_hd__or2_2)
                  0.14    0.67   11.32 v _13700_/X (sky130_fd_sc_hd__or2_2)
     3    0.01                           _10920_ (net)
                  0.14    0.00   11.32 v _13701_/B (sky130_fd_sc_hd__or2_1)
                  0.08    0.46   11.79 v _13701_/X (sky130_fd_sc_hd__or2_1)
     2    0.00                           _10921_ (net)
                  0.08    0.00   11.79 v _13702_/B (sky130_fd_sc_hd__or2_2)
                  0.14    0.67   12.45 v _13702_/X (sky130_fd_sc_hd__or2_2)
     3    0.01                           _10922_ (net)
                  0.14    0.00   12.45 v _13703_/B (sky130_fd_sc_hd__or2_1)
                  0.08    0.46   12.92 v _13703_/X (sky130_fd_sc_hd__or2_1)
     2    0.00                           _10923_ (net)
                  0.08    0.00   12.92 v _13704_/B (sky130_fd_sc_hd__or2_1)
                  0.15    0.52   13.44 v _13704_/X (sky130_fd_sc_hd__or2_1)
     3    0.01                           _10924_ (net)
                  0.15    0.00   13.44 v _13705_/B (sky130_fd_sc_hd__or2_1)
                  0.08    0.46   13.90 v _13705_/X (sky130_fd_sc_hd__or2_1)
     2    0.00                           _10925_ (net)
                  0.08    0.00   13.90 v _13706_/B (sky130_fd_sc_hd__or2_2)
                  0.14    0.67   14.57 v _13706_/X (sky130_fd_sc_hd__or2_2)
     3    0.01                           _10926_ (net)
                  0.14    0.00   14.57 v _13707_/B (sky130_fd_sc_hd__or2_1)
                  0.08    0.46   15.03 v _13707_/X (sky130_fd_sc_hd__or2_1)
     2    0.00                           _10927_ (net)
                  0.08    0.00   15.03 v _13708_/B (sky130_fd_sc_hd__or2_2)
                  0.14    0.67   15.70 v _13708_/X (sky130_fd_sc_hd__or2_2)
     3    0.01                           _10928_ (net)
                  0.14    0.00   15.70 v _13709_/B (sky130_fd_sc_hd__or2_1)
                  0.08    0.46   16.16 v _13709_/X (sky130_fd_sc_hd__or2_1)
     2    0.00                           _10929_ (net)
                  0.08    0.00   16.16 v _13710_/B (sky130_fd_sc_hd__or2_2)
                  0.14    0.67   16.82 v _13710_/X (sky130_fd_sc_hd__or2_2)
     3    0.01                           _10930_ (net)
                  0.14    0.00   16.82 v _13711_/B (sky130_fd_sc_hd__or2_1)
                  0.08    0.46   17.29 v _13711_/X (sky130_fd_sc_hd__or2_1)
     2    0.00                           _10931_ (net)
                  0.08    0.00   17.29 v _13712_/B (sky130_fd_sc_hd__or2_2)
                  0.14    0.67   17.95 v _13712_/X (sky130_fd_sc_hd__or2_2)
     3    0.01                           _10932_ (net)
                  0.14    0.00   17.95 v _13713_/B (sky130_fd_sc_hd__or2_1)
                  0.08    0.46   18.42 v _13713_/X (sky130_fd_sc_hd__or2_1)
     2    0.00                           _10933_ (net)
                  0.08    0.00   18.42 v _13714_/B (sky130_fd_sc_hd__or2_2)
                  0.14    0.67   19.08 v _13714_/X (sky130_fd_sc_hd__or2_2)
     3    0.01                           _10934_ (net)
                  0.14    0.00   19.08 v _13715_/B (sky130_fd_sc_hd__or2_1)
                  0.08    0.46   19.55 v _13715_/X (sky130_fd_sc_hd__or2_1)
     2    0.00                           _10935_ (net)
                  0.08    0.00   19.55 v _13716_/B (sky130_fd_sc_hd__or2_1)
                  0.13    0.50   20.05 v _13716_/X (sky130_fd_sc_hd__or2_1)
     3    0.01                           _10936_ (net)
                  0.13    0.00   20.05 v _13717_/B (sky130_fd_sc_hd__or2_1)
                  0.08    0.46   20.50 v _13717_/X (sky130_fd_sc_hd__or2_1)
     2    0.00                           _10937_ (net)
                  0.08    0.00   20.50 v _13718_/B (sky130_fd_sc_hd__or2_2)
                  0.14    0.67   21.17 v _13718_/X (sky130_fd_sc_hd__or2_2)
     3    0.01                           _10938_ (net)
                  0.14    0.00   21.17 v _13719_/B (sky130_fd_sc_hd__or2_1)
                  0.08    0.46   21.63 v _13719_/X (sky130_fd_sc_hd__or2_1)
     2    0.00                           _10939_ (net)
                  0.08    0.00   21.63 v _13720_/B (sky130_fd_sc_hd__or2_1)
                  0.15    0.52   22.15 v _13720_/X (sky130_fd_sc_hd__or2_1)
     3    0.01                           _10940_ (net)
                  0.15    0.00   22.15 v _13721_/B (sky130_fd_sc_hd__or2_1)
                  0.08    0.46   22.61 v _13721_/X (sky130_fd_sc_hd__or2_1)
     2    0.00                           _10941_ (net)
                  0.08    0.00   22.61 v _13722_/B (sky130_fd_sc_hd__or2_1)
                  0.13    0.50   23.11 v _13722_/X (sky130_fd_sc_hd__or2_1)
     3    0.01                           _10942_ (net)
                  0.13    0.00   23.11 v _13723_/B (sky130_fd_sc_hd__or2_1)
                  0.08    0.46   23.57 v _13723_/X (sky130_fd_sc_hd__or2_1)
     2    0.00                           _10943_ (net)
                  0.08    0.00   23.57 v _13724_/B (sky130_fd_sc_hd__or2_1)
                  0.13    0.50   24.07 v _13724_/X (sky130_fd_sc_hd__or2_1)
     3    0.01                           _10944_ (net)
                  0.13    0.00   24.07 v _13725_/B (sky130_fd_sc_hd__or2_1)
                  0.08    0.46   24.53 v _13725_/X (sky130_fd_sc_hd__or2_1)
     2    0.00                           _10945_ (net)
                  0.08    0.00   24.53 v _13726_/B (sky130_fd_sc_hd__or2_1)
                  0.13    0.50   25.03 v _13726_/X (sky130_fd_sc_hd__or2_1)
     3    0.01                           _10946_ (net)
                  0.13    0.00   25.03 v _13727_/B (sky130_fd_sc_hd__or2_1)
                  0.08    0.46   25.48 v _13727_/X (sky130_fd_sc_hd__or2_1)
     2    0.00                           _10947_ (net)
                  0.08    0.00   25.48 v _13728_/B (sky130_fd_sc_hd__or2_2)
                  0.14    0.67   26.15 v _13728_/X (sky130_fd_sc_hd__or2_2)
     3    0.01                           _10948_ (net)
                  0.14    0.00   26.15 v _13729_/B (sky130_fd_sc_hd__or2_1)
                  0.08    0.46   26.61 v _13729_/X (sky130_fd_sc_hd__or2_1)
     2    0.00                           _10949_ (net)
                  0.08    0.00   26.61 v _13730_/B (sky130_fd_sc_hd__or2_1)
                  0.13    0.50   27.11 v _13730_/X (sky130_fd_sc_hd__or2_1)
     3    0.01                           _10950_ (net)
                  0.13    0.00   27.11 v _13731_/B (sky130_fd_sc_hd__or2_1)
                  0.08    0.46   27.57 v _13731_/X (sky130_fd_sc_hd__or2_1)
     2    0.00                           _10951_ (net)
                  0.08    0.00   27.57 v _13732_/B (sky130_fd_sc_hd__or2_1)
                  0.13    0.50   28.07 v _13732_/X (sky130_fd_sc_hd__or2_1)
     3    0.01                           _10952_ (net)
                  0.13    0.00   28.07 v _13733_/B (sky130_fd_sc_hd__or2_1)
                  0.08    0.46   28.53 v _13733_/X (sky130_fd_sc_hd__or2_1)
     2    0.00                           _10953_ (net)
                  0.08    0.00   28.53 v _13734_/B (sky130_fd_sc_hd__or2_1)
                  0.13    0.50   29.03 v _13734_/X (sky130_fd_sc_hd__or2_1)
     3    0.01                           _10954_ (net)
                  0.13    0.00   29.03 v _13735_/B (sky130_fd_sc_hd__or2_1)
                  0.08    0.46   29.48 v _13735_/X (sky130_fd_sc_hd__or2_1)
     2    0.00                           _10955_ (net)
                  0.08    0.00   29.48 v _13736_/B (sky130_fd_sc_hd__or2_1)
                  0.13    0.50   29.98 v _13736_/X (sky130_fd_sc_hd__or2_1)
     3    0.01                           _10956_ (net)
                  0.13    0.00   29.98 v _13737_/B (sky130_fd_sc_hd__or2_1)
                  0.08    0.46   30.44 v _13737_/X (sky130_fd_sc_hd__or2_1)
     2    0.00                           _10957_ (net)
                  0.08    0.00   30.44 v _13738_/B (sky130_fd_sc_hd__or2_1)
                  0.13    0.50   30.94 v _13738_/X (sky130_fd_sc_hd__or2_1)
     3    0.01                           _10958_ (net)
                  0.13    0.00   30.94 v _13739_/B (sky130_fd_sc_hd__or2_1)
                  0.08    0.46   31.39 v _13739_/X (sky130_fd_sc_hd__or2_1)
     2    0.00                           _10959_ (net)
                  0.08    0.00   31.39 v _13740_/B (sky130_fd_sc_hd__or2_1)
                  0.13    0.50   31.89 v _13740_/X (sky130_fd_sc_hd__or2_1)
     3    0.01                           _10960_ (net)
                  0.13    0.00   31.89 v _13772_/A2 (sky130_fd_sc_hd__a211oi_1)
                  0.25    0.36   32.26 ^ _13772_/Y (sky130_fd_sc_hd__a211oi_1)
     1    0.00                           _03917_ (net)
                  0.25    0.00   32.26 ^ _27751_/D (sky130_fd_sc_hd__dfxtp_1)
                                 32.26   data arrival time

                  0.00   24.73   24.73   clock clk (rise edge)
                          0.00   24.73   clock network delay (ideal)
                          0.00   24.73   clock reconvergence pessimism
                                 24.73 ^ _27751_/CLK (sky130_fd_sc_hd__dfxtp_1)
                         -0.19   24.54   library setup time
                                 24.54   data required time
-----------------------------------------------------------------------------
                                 24.54   data required time
                                -32.26   data arrival time
-----------------------------------------------------------------------------
                                 -7.72   slack (VIOLATED)


Startpoint: _27871_ (rising edge-triggered flip-flop clocked by clk)
Endpoint: _27750_ (rising edge-triggered flip-flop clocked by clk)
Path Group: clk
Path Type: max

Fanout     Cap    Slew   Delay    Time   Description
-----------------------------------------------------------------------------
                  0.00    0.00    0.00   clock clk (rise edge)
                          0.00    0.00   clock network delay (ideal)
                  0.00    0.00    0.00 ^ _27871_/CLK (sky130_fd_sc_hd__dfxtp_2)
                  0.20    0.72    0.72 ^ _27871_/Q (sky130_fd_sc_hd__dfxtp_2)
     6    0.02                           irq_mask[12] (net)
                  0.20    0.00    0.72 ^ _13137_/A1 (sky130_fd_sc_hd__o22ai_1)
                  0.10    0.21    0.93 v _13137_/Y (sky130_fd_sc_hd__o22ai_1)
     1    0.00                           _10539_ (net)
                  0.10    0.00    0.93 v _13138_/C1 (sky130_fd_sc_hd__a221o_1)
                  0.09    0.49    1.42 v _13138_/X (sky130_fd_sc_hd__a221o_1)
     1    0.00                           _10540_ (net)
                  0.09    0.00    1.42 v _13157_/A (sky130_fd_sc_hd__or4_4)
                  0.14    1.03    2.45 v _13157_/X (sky130_fd_sc_hd__or4_4)
     1    0.00                           _10559_ (net)
                  0.14    0.00    2.45 v _13160_/A2 (sky130_fd_sc_hd__o2111a_1)
                  0.08    0.44    2.89 v _13160_/X (sky130_fd_sc_hd__o2111a_1)
     2    0.00                           _10562_ (net)
                  0.08    0.00    2.89 v _13161_/C (sky130_fd_sc_hd__or3_1)
                  0.15    0.73    3.62 v _13161_/X (sky130_fd_sc_hd__or3_1)
     2    0.00                           _10563_ (net)
                  0.15    0.00    3.62 v _13164_/A (sky130_fd_sc_hd__or2_1)
                  0.11    0.53    4.15 v _13164_/X (sky130_fd_sc_hd__or2_1)
     2    0.00                           _10565_ (net)
                  0.11    0.00    4.15 v _13165_/C (sky130_fd_sc_hd__or3_4)
                  0.12    0.66    4.81 v _13165_/X (sky130_fd_sc_hd__or3_4)
     4    0.00                           _10566_ (net)
                  0.12    0.00    4.81 v _13690_/B (sky130_fd_sc_hd__or2_2)
                  0.15    0.69    5.50 v _13690_/X (sky130_fd_sc_hd__or2_2)
     5    0.01                           _10910_ (net)
                  0.15    0.00    5.50 v _13691_/C (sky130_fd_sc_hd__or3_2)
                  0.15    0.95    6.45 v _13691_/X (sky130_fd_sc_hd__or3_2)
     2    0.00                           _10911_ (net)
                  0.15    0.00    6.45 v _13692_/B (sky130_fd_sc_hd__or2_2)
                  0.13    0.68    7.13 v _13692_/X (sky130_fd_sc_hd__or2_2)
     3    0.01                           _10912_ (net)
                  0.13    0.00    7.13 v _13693_/B (sky130_fd_sc_hd__or2_1)
                  0.08    0.46    7.59 v _13693_/X (sky130_fd_sc_hd__or2_1)
     2    0.00                           _10913_ (net)
                  0.08    0.00    7.59 v _13694_/B (sky130_fd_sc_hd__or2_2)
                  0.14    0.67    8.26 v _13694_/X (sky130_fd_sc_hd__or2_2)
     3    0.01                           _10914_ (net)
                  0.14    0.00    8.26 v _13695_/B (sky130_fd_sc_hd__or2_1)
                  0.08    0.46    8.72 v _13695_/X (sky130_fd_sc_hd__or2_1)
     2    0.00                           _10915_ (net)
                  0.08    0.00    8.72 v _13696_/B (sky130_fd_sc_hd__or2_1)
                  0.15    0.52    9.24 v _13696_/X (sky130_fd_sc_hd__or2_1)
     3    0.01                           _10916_ (net)
                  0.15    0.00    9.24 v _13697_/B (sky130_fd_sc_hd__or2_1)
                  0.08    0.46    9.70 v _13697_/X (sky130_fd_sc_hd__or2_1)
     2    0.00                           _10917_ (net)
                  0.08    0.00    9.70 v _13698_/B (sky130_fd_sc_hd__or2_1)
                  0.13    0.50   10.20 v _13698_/X (sky130_fd_sc_hd__or2_1)
     3    0.01                           _10918_ (net)
                  0.13    0.00   10.20 v _13699_/B (sky130_fd_sc_hd__or2_1)
                  0.08    0.46   10.66 v _13699_/X (sky130_fd_sc_hd__or2_1)
     2    0.00                           _10919_ (net)
                  0.08    0.00   10.66 v _13700_/B (sky130_fd_sc_hd__or2_2)
                  0.14    0.67   11.32 v _13700_/X (sky130_fd_sc_hd__or2_2)
     3    0.01                           _10920_ (net)
                  0.14    0.00   11.32 v _13701_/B (sky130_fd_sc_hd__or2_1)
                  0.08    0.46   11.79 v _13701_/X (sky130_fd_sc_hd__or2_1)
     2    0.00                           _10921_ (net)
                  0.08    0.00   11.79 v _13702_/B (sky130_fd_sc_hd__or2_2)
                  0.14    0.67   12.45 v _13702_/X (sky130_fd_sc_hd__or2_2)
     3    0.01                           _10922_ (net)
                  0.14    0.00   12.45 v _13703_/B (sky130_fd_sc_hd__or2_1)
                  0.08    0.46   12.92 v _13703_/X (sky130_fd_sc_hd__or2_1)
     2    0.00                           _10923_ (net)
                  0.08    0.00   12.92 v _13704_/B (sky130_fd_sc_hd__or2_1)
                  0.15    0.52   13.44 v _13704_/X (sky130_fd_sc_hd__or2_1)
     3    0.01                           _10924_ (net)
                  0.15    0.00   13.44 v _13705_/B (sky130_fd_sc_hd__or2_1)
                  0.08    0.46   13.90 v _13705_/X (sky130_fd_sc_hd__or2_1)
     2    0.00                           _10925_ (net)
                  0.08    0.00   13.90 v _13706_/B (sky130_fd_sc_hd__or2_2)
                  0.14    0.67   14.57 v _13706_/X (sky130_fd_sc_hd__or2_2)
     3    0.01                           _10926_ (net)
                  0.14    0.00   14.57 v _13707_/B (sky130_fd_sc_hd__or2_1)
                  0.08    0.46   15.03 v _13707_/X (sky130_fd_sc_hd__or2_1)
     2    0.00                           _10927_ (net)
                  0.08    0.00   15.03 v _13708_/B (sky130_fd_sc_hd__or2_2)
                  0.14    0.67   15.70 v _13708_/X (sky130_fd_sc_hd__or2_2)
     3    0.01                           _10928_ (net)
                  0.14    0.00   15.70 v _13709_/B (sky130_fd_sc_hd__or2_1)
                  0.08    0.46   16.16 v _13709_/X (sky130_fd_sc_hd__or2_1)
     2    0.00                           _10929_ (net)
                  0.08    0.00   16.16 v _13710_/B (sky130_fd_sc_hd__or2_2)
                  0.14    0.67   16.82 v _13710_/X (sky130_fd_sc_hd__or2_2)
     3    0.01                           _10930_ (net)
                  0.14    0.00   16.82 v _13711_/B (sky130_fd_sc_hd__or2_1)
                  0.08    0.46   17.29 v _13711_/X (sky130_fd_sc_hd__or2_1)
     2    0.00                           _10931_ (net)
                  0.08    0.00   17.29 v _13712_/B (sky130_fd_sc_hd__or2_2)
                  0.14    0.67   17.95 v _13712_/X (sky130_fd_sc_hd__or2_2)
     3    0.01                           _10932_ (net)
                  0.14    0.00   17.95 v _13713_/B (sky130_fd_sc_hd__or2_1)
                  0.08    0.46   18.42 v _13713_/X (sky130_fd_sc_hd__or2_1)
     2    0.00                           _10933_ (net)
                  0.08    0.00   18.42 v _13714_/B (sky130_fd_sc_hd__or2_2)
                  0.14    0.67   19.08 v _13714_/X (sky130_fd_sc_hd__or2_2)
     3    0.01                           _10934_ (net)
                  0.14    0.00   19.08 v _13715_/B (sky130_fd_sc_hd__or2_1)
                  0.08    0.46   19.55 v _13715_/X (sky130_fd_sc_hd__or2_1)
     2    0.00                           _10935_ (net)
                  0.08    0.00   19.55 v _13716_/B (sky130_fd_sc_hd__or2_1)
                  0.13    0.50   20.05 v _13716_/X (sky130_fd_sc_hd__or2_1)
     3    0.01                           _10936_ (net)
                  0.13    0.00   20.05 v _13717_/B (sky130_fd_sc_hd__or2_1)
                  0.08    0.46   20.50 v _13717_/X (sky130_fd_sc_hd__or2_1)
     2    0.00                           _10937_ (net)
                  0.08    0.00   20.50 v _13718_/B (sky130_fd_sc_hd__or2_2)
                  0.14    0.67   21.17 v _13718_/X (sky130_fd_sc_hd__or2_2)
     3    0.01                           _10938_ (net)
                  0.14    0.00   21.17 v _13719_/B (sky130_fd_sc_hd__or2_1)
                  0.08    0.46   21.63 v _13719_/X (sky130_fd_sc_hd__or2_1)
     2    0.00                           _10939_ (net)
                  0.08    0.00   21.63 v _13720_/B (sky130_fd_sc_hd__or2_1)
                  0.15    0.52   22.15 v _13720_/X (sky130_fd_sc_hd__or2_1)
     3    0.01                           _10940_ (net)
                  0.15    0.00   22.15 v _13721_/B (sky130_fd_sc_hd__or2_1)
                  0.08    0.46   22.61 v _13721_/X (sky130_fd_sc_hd__or2_1)
     2    0.00                           _10941_ (net)
                  0.08    0.00   22.61 v _13722_/B (sky130_fd_sc_hd__or2_1)
                  0.13    0.50   23.11 v _13722_/X (sky130_fd_sc_hd__or2_1)
     3    0.01                           _10942_ (net)
                  0.13    0.00   23.11 v _13723_/B (sky130_fd_sc_hd__or2_1)
                  0.08    0.46   23.57 v _13723_/X (sky130_fd_sc_hd__or2_1)
     2    0.00                           _10943_ (net)
                  0.08    0.00   23.57 v _13724_/B (sky130_fd_sc_hd__or2_1)
                  0.13    0.50   24.07 v _13724_/X (sky130_fd_sc_hd__or2_1)
     3    0.01                           _10944_ (net)
                  0.13    0.00   24.07 v _13725_/B (sky130_fd_sc_hd__or2_1)
                  0.08    0.46   24.53 v _13725_/X (sky130_fd_sc_hd__or2_1)
     2    0.00                           _10945_ (net)
                  0.08    0.00   24.53 v _13726_/B (sky130_fd_sc_hd__or2_1)
                  0.13    0.50   25.03 v _13726_/X (sky130_fd_sc_hd__or2_1)
     3    0.01                           _10946_ (net)
                  0.13    0.00   25.03 v _13727_/B (sky130_fd_sc_hd__or2_1)
                  0.08    0.46   25.48 v _13727_/X (sky130_fd_sc_hd__or2_1)
     2    0.00                           _10947_ (net)
                  0.08    0.00   25.48 v _13728_/B (sky130_fd_sc_hd__or2_2)
                  0.14    0.67   26.15 v _13728_/X (sky130_fd_sc_hd__or2_2)
     3    0.01                           _10948_ (net)
                  0.14    0.00   26.15 v _13729_/B (sky130_fd_sc_hd__or2_1)
                  0.08    0.46   26.61 v _13729_/X (sky130_fd_sc_hd__or2_1)
     2    0.00                           _10949_ (net)
                  0.08    0.00   26.61 v _13730_/B (sky130_fd_sc_hd__or2_1)
                  0.13    0.50   27.11 v _13730_/X (sky130_fd_sc_hd__or2_1)
     3    0.01                           _10950_ (net)
                  0.13    0.00   27.11 v _13731_/B (sky130_fd_sc_hd__or2_1)
                  0.08    0.46   27.57 v _13731_/X (sky130_fd_sc_hd__or2_1)
     2    0.00                           _10951_ (net)
                  0.08    0.00   27.57 v _13732_/B (sky130_fd_sc_hd__or2_1)
                  0.13    0.50   28.07 v _13732_/X (sky130_fd_sc_hd__or2_1)
     3    0.01                           _10952_ (net)
                  0.13    0.00   28.07 v _13733_/B (sky130_fd_sc_hd__or2_1)
                  0.08    0.46   28.53 v _13733_/X (sky130_fd_sc_hd__or2_1)
     2    0.00                           _10953_ (net)
                  0.08    0.00   28.53 v _13734_/B (sky130_fd_sc_hd__or2_1)
                  0.13    0.50   29.03 v _13734_/X (sky130_fd_sc_hd__or2_1)
     3    0.01                           _10954_ (net)
                  0.13    0.00   29.03 v _13735_/B (sky130_fd_sc_hd__or2_1)
                  0.08    0.46   29.48 v _13735_/X (sky130_fd_sc_hd__or2_1)
     2    0.00                           _10955_ (net)
                  0.08    0.00   29.48 v _13736_/B (sky130_fd_sc_hd__or2_1)
                  0.13    0.50   29.98 v _13736_/X (sky130_fd_sc_hd__or2_1)
     3    0.01                           _10956_ (net)
                  0.13    0.00   29.98 v _13737_/B (sky130_fd_sc_hd__or2_1)
                  0.08    0.46   30.44 v _13737_/X (sky130_fd_sc_hd__or2_1)
     2    0.00                           _10957_ (net)
                  0.08    0.00   30.44 v _13738_/B (sky130_fd_sc_hd__or2_1)
                  0.13    0.50   30.94 v _13738_/X (sky130_fd_sc_hd__or2_1)
     3    0.01                           _10958_ (net)
                  0.13    0.00   30.94 v _13739_/B (sky130_fd_sc_hd__or2_1)
                  0.08    0.46   31.39 v _13739_/X (sky130_fd_sc_hd__or2_1)
     2    0.00                           _10959_ (net)
                  0.08    0.00   31.39 v _13740_/B (sky130_fd_sc_hd__or2_1)
                  0.13    0.50   31.89 v _13740_/X (sky130_fd_sc_hd__or2_1)
     3    0.01                           _10960_ (net)
                  0.13    0.00   31.89 v _13775_/C1 (sky130_fd_sc_hd__o211a_1)
                  0.06    0.21   32.11 v _13775_/X (sky130_fd_sc_hd__o211a_1)
     1    0.00                           _03916_ (net)
                  0.06    0.00   32.11 v _27750_/D (sky130_fd_sc_hd__dfxtp_1)
                                 32.11   data arrival time

                  0.00   24.73   24.73   clock clk (rise edge)
                          0.00   24.73   clock network delay (ideal)
                          0.00   24.73   clock reconvergence pessimism
                                 24.73 ^ _27750_/CLK (sky130_fd_sc_hd__dfxtp_1)
                         -0.28   24.45   library setup time
                                 24.45   data required time
-----------------------------------------------------------------------------
                                 24.45   data required time
                                -32.11   data arrival time
-----------------------------------------------------------------------------
                                 -7.66   slack (VIOLATED)


Startpoint: _27565_ (rising edge-triggered flip-flop clocked by clk)
Endpoint: _27625_ (rising edge-triggered flip-flop clocked by clk)
Path Group: clk
Path Type: max

Fanout     Cap    Slew   Delay    Time   Description
-----------------------------------------------------------------------------
                  0.00    0.00    0.00   clock clk (rise edge)
                          0.00    0.00   clock network delay (ideal)
                  0.00    0.00    0.00 ^ _27565_/CLK (sky130_fd_sc_hd__dfxtp_1)
                  0.16    0.66    0.66 ^ _27565_/Q (sky130_fd_sc_hd__dfxtp_1)
     3    0.01                           count_cycle[0] (net)
                  0.16    0.00    0.66 ^ _14096_/A (sky130_fd_sc_hd__inv_2)
                  0.07    0.13    0.79 v _14096_/Y (sky130_fd_sc_hd__inv_2)
     6    0.01                           _02559_ (net)
                  0.07    0.00    0.79 v _14100_/A (sky130_fd_sc_hd__or4_4)
                  0.14    1.01    1.80 v _14100_/X (sky130_fd_sc_hd__or4_4)
     2    0.00                           _11149_ (net)
                  0.14    0.00    1.80 v _14101_/B (sky130_fd_sc_hd__or2_1)
                  0.11    0.49    2.29 v _14101_/X (sky130_fd_sc_hd__or2_1)
     3    0.00                           _11150_ (net)
                  0.11    0.00    2.29 v _14102_/B (sky130_fd_sc_hd__or2_1)
                  0.13    0.51    2.80 v _14102_/X (sky130_fd_sc_hd__or2_1)
     3    0.01                           _11151_ (net)
                  0.13    0.00    2.80 v _14103_/B (sky130_fd_sc_hd__or2_1)
                  0.08    0.46    3.26 v _14103_/X (sky130_fd_sc_hd__or2_1)
     2    0.00                           _11152_ (net)
                  0.08    0.00    3.26 v _14104_/B (sky130_fd_sc_hd__or2_1)
                  0.15    0.52    3.78 v _14104_/X (sky130_fd_sc_hd__or2_1)
     3    0.01                           _11153_ (net)
                  0.15    0.00    3.78 v _14105_/B (sky130_fd_sc_hd__or2_1)
                  0.08    0.46    4.24 v _14105_/X (sky130_fd_sc_hd__or2_1)
     2    0.00                           _11154_ (net)
                  0.08    0.00    4.24 v _14106_/B (sky130_fd_sc_hd__or2_1)
                  0.13    0.50    4.74 v _14106_/X (sky130_fd_sc_hd__or2_1)
     3    0.01                           _11155_ (net)
                  0.13    0.00    4.74 v _14107_/B (sky130_fd_sc_hd__or2_1)
                  0.08    0.46    5.20 v _14107_/X (sky130_fd_sc_hd__or2_1)
     2    0.00                           _11156_ (net)
                  0.08    0.00    5.20 v _14108_/B (sky130_fd_sc_hd__or2_2)
                  0.14    0.67    5.87 v _14108_/X (sky130_fd_sc_hd__or2_2)
     3    0.01                           _11157_ (net)
                  0.14    0.00    5.87 v _14109_/B (sky130_fd_sc_hd__or2_1)
                  0.08    0.46    6.33 v _14109_/X (sky130_fd_sc_hd__or2_1)
     2    0.00                           _11158_ (net)
                  0.08    0.00    6.33 v _14110_/B (sky130_fd_sc_hd__or2_1)
                  0.13    0.50    6.83 v _14110_/X (sky130_fd_sc_hd__or2_1)
     3    0.01                           _11159_ (net)
                  0.13    0.00    6.83 v _14111_/B (sky130_fd_sc_hd__or2_1)
                  0.08    0.46    7.29 v _14111_/X (sky130_fd_sc_hd__or2_1)
     2    0.00                           _11160_ (net)
                  0.08    0.00    7.29 v _14112_/B (sky130_fd_sc_hd__or2_1)
                  0.13    0.50    7.79 v _14112_/X (sky130_fd_sc_hd__or2_1)
     3    0.01                           _11161_ (net)
                  0.13    0.00    7.79 v _14113_/B (sky130_fd_sc_hd__or2_1)
                  0.08    0.46    8.24 v _14113_/X (sky130_fd_sc_hd__or2_1)
     2    0.00                           _11162_ (net)
                  0.08    0.00    8.24 v _14114_/B (sky130_fd_sc_hd__or2_2)
                  0.14    0.67    8.91 v _14114_/X (sky130_fd_sc_hd__or2_2)
     3    0.01                           _11163_ (net)
                  0.14    0.00    8.91 v _14115_/B (sky130_fd_sc_hd__or2_1)
                  0.08    0.46    9.37 v _14115_/X (sky130_fd_sc_hd__or2_1)
     2    0.00                           _11164_ (net)
                  0.08    0.00    9.37 v _14116_/B (sky130_fd_sc_hd__or2_2)
                  0.14    0.67   10.04 v _14116_/X (sky130_fd_sc_hd__or2_2)
     3    0.01                           _11165_ (net)
                  0.14    0.00   10.04 v _14117_/B (sky130_fd_sc_hd__or2_1)
                  0.08    0.46   10.50 v _14117_/X (sky130_fd_sc_hd__or2_1)
     2    0.00                           _11166_ (net)
                  0.08    0.00   10.50 v _14118_/B (sky130_fd_sc_hd__or2_1)
                  0.15    0.52   11.02 v _14118_/X (sky130_fd_sc_hd__or2_1)
     3    0.01                           _11167_ (net)
                  0.15    0.00   11.02 v _14119_/B (sky130_fd_sc_hd__or2_1)
                  0.08    0.46   11.48 v _14119_/X (sky130_fd_sc_hd__or2_1)
     2    0.00                           _11168_ (net)
                  0.08    0.00   11.48 v _14120_/B (sky130_fd_sc_hd__or2_1)
                  0.15    0.52   12.00 v _14120_/X (sky130_fd_sc_hd__or2_1)
     3    0.01                           _11169_ (net)
                  0.15    0.00   12.00 v _14121_/B (sky130_fd_sc_hd__or2_1)
                  0.08    0.46   12.47 v _14121_/X (sky130_fd_sc_hd__or2_1)
     2    0.00                           _11170_ (net)
                  0.08    0.00   12.47 v _14122_/B (sky130_fd_sc_hd__or2_2)
                  0.14    0.67   13.13 v _14122_/X (sky130_fd_sc_hd__or2_2)
     3    0.01                           _11171_ (net)
                  0.14    0.00   13.13 v _14123_/B (sky130_fd_sc_hd__or2_1)
                  0.08    0.46   13.60 v _14123_/X (sky130_fd_sc_hd__or2_1)
     2    0.00                           _11172_ (net)
                  0.08    0.00   13.60 v _14124_/B (sky130_fd_sc_hd__or2_1)
                  0.13    0.50   14.10 v _14124_/X (sky130_fd_sc_hd__or2_1)
     3    0.01                           _11173_ (net)
                  0.13    0.00   14.10 v _14125_/B (sky130_fd_sc_hd__or2_1)
                  0.08    0.46   14.55 v _14125_/X (sky130_fd_sc_hd__or2_1)
     2    0.00                           _11174_ (net)
                  0.08    0.00   14.55 v _14126_/B (sky130_fd_sc_hd__or2_2)
                  0.13    0.65   15.21 v _14126_/X (sky130_fd_sc_hd__or2_2)
     3    0.01                           _11175_ (net)
                  0.13    0.00   15.21 v _14127_/B (sky130_fd_sc_hd__or2_1)
                  0.08    0.46   15.66 v _14127_/X (sky130_fd_sc_hd__or2_1)
     2    0.00                           _11176_ (net)
                  0.08    0.00   15.66 v _14128_/B (sky130_fd_sc_hd__or2_1)
                  0.15    0.52   16.18 v _14128_/X (sky130_fd_sc_hd__or2_1)
     3    0.01                           _11177_ (net)
                  0.15    0.00   16.18 v _14129_/B (sky130_fd_sc_hd__or2_1)
                  0.08    0.46   16.65 v _14129_/X (sky130_fd_sc_hd__or2_1)
     2    0.00                           _11178_ (net)
                  0.08    0.00   16.65 v _14130_/B (sky130_fd_sc_hd__or2_2)
                  0.14    0.67   17.31 v _14130_/X (sky130_fd_sc_hd__or2_2)
     3    0.01                           _11179_ (net)
                  0.14    0.00   17.31 v _14131_/B (sky130_fd_sc_hd__or2_1)
                  0.08    0.46   17.78 v _14131_/X (sky130_fd_sc_hd__or2_1)
     2    0.00                           _11180_ (net)
                  0.08    0.00   17.78 v _14132_/B (sky130_fd_sc_hd__or2_1)
                  0.13    0.50   18.28 v _14132_/X (sky130_fd_sc_hd__or2_1)
     3    0.01                           _11181_ (net)
                  0.13    0.00   18.28 v _14133_/B (sky130_fd_sc_hd__or2_1)
                  0.08    0.46   18.73 v _14133_/X (sky130_fd_sc_hd__or2_1)
     2    0.00                           _11182_ (net)
                  0.08    0.00   18.73 v _14134_/B (sky130_fd_sc_hd__or2_2)
                  0.14    0.67   19.40 v _14134_/X (sky130_fd_sc_hd__or2_2)
     3    0.01                           _11183_ (net)
                  0.14    0.00   19.40 v _14135_/B (sky130_fd_sc_hd__or2_1)
                  0.08    0.46   19.86 v _14135_/X (sky130_fd_sc_hd__or2_1)
     2    0.00                           _11184_ (net)
                  0.08    0.00   19.86 v _14136_/B (sky130_fd_sc_hd__or2_2)
                  0.14    0.67   20.53 v _14136_/X (sky130_fd_sc_hd__or2_2)
     3    0.01                           _11185_ (net)
                  0.14    0.00   20.53 v _14137_/B (sky130_fd_sc_hd__or2_1)
                  0.08    0.46   20.99 v _14137_/X (sky130_fd_sc_hd__or2_1)
     2    0.00                           _11186_ (net)
                  0.08    0.00   20.99 v _14138_/B (sky130_fd_sc_hd__or2_2)
                  0.14    0.67   21.66 v _14138_/X (sky130_fd_sc_hd__or2_2)
     3    0.01                           _11187_ (net)
                  0.14    0.00   21.66 v _14139_/B (sky130_fd_sc_hd__or2_1)
                  0.08    0.46   22.12 v _14139_/X (sky130_fd_sc_hd__or2_1)
     2    0.00                           _11188_ (net)
                  0.08    0.00   22.12 v _14140_/B (sky130_fd_sc_hd__or2_1)
                  0.13    0.50   22.62 v _14140_/X (sky130_fd_sc_hd__or2_1)
     3    0.01                           _11189_ (net)
                  0.13    0.00   22.62 v _14141_/B (sky130_fd_sc_hd__or2_1)
                  0.08    0.46   23.08 v _14141_/X (sky130_fd_sc_hd__or2_1)
     2    0.00                           _11190_ (net)
                  0.08    0.00   23.08 v _14142_/B (sky130_fd_sc_hd__or2_2)
                  0.14    0.67   23.74 v _14142_/X (sky130_fd_sc_hd__or2_2)
     3    0.01                           _11191_ (net)
                  0.14    0.00   23.74 v _14143_/B (sky130_fd_sc_hd__or2_1)
                  0.08    0.46   24.21 v _14143_/X (sky130_fd_sc_hd__or2_1)
     2    0.00                           _11192_ (net)
                  0.08    0.00   24.21 v _14144_/B (sky130_fd_sc_hd__or2_2)
                  0.14    0.67   24.87 v _14144_/X (sky130_fd_sc_hd__or2_2)
     3    0.01                           _11193_ (net)
                  0.14    0.00   24.87 v _14145_/B (sky130_fd_sc_hd__or2_1)
                  0.08    0.46   25.33 v _14145_/X (sky130_fd_sc_hd__or2_1)
     2    0.00                           _11194_ (net)
                  0.08    0.00   25.33 v _14146_/B (sky130_fd_sc_hd__or2_2)
                  0.14    0.67   26.00 v _14146_/X (sky130_fd_sc_hd__or2_2)
     3    0.01                           _11195_ (net)
                  0.14    0.00   26.00 v _14147_/B (sky130_fd_sc_hd__or2_1)
                  0.08    0.46   26.47 v _14147_/X (sky130_fd_sc_hd__or2_1)
     2    0.00                           _11196_ (net)
                  0.08    0.00   26.47 v _14148_/B (sky130_fd_sc_hd__or2_1)
                  0.15    0.52   26.98 v _14148_/X (sky130_fd_sc_hd__or2_1)
     3    0.01                           _11197_ (net)
                  0.15    0.00   26.98 v _14149_/B (sky130_fd_sc_hd__or2_1)
                  0.08    0.46   27.45 v _14149_/X (sky130_fd_sc_hd__or2_1)
     2    0.00                           _11198_ (net)
                  0.08    0.00   27.45 v _14150_/B (sky130_fd_sc_hd__or2_2)
                  0.14    0.67   28.12 v _14150_/X (sky130_fd_sc_hd__or2_2)
     3    0.01                           _11199_ (net)
                  0.14    0.00   28.12 v _14151_/B (sky130_fd_sc_hd__or2_1)
                  0.08    0.46   28.58 v _14151_/X (sky130_fd_sc_hd__or2_1)
     2    0.00                           _11200_ (net)
                  0.08    0.00   28.58 v _14152_/B (sky130_fd_sc_hd__or2_1)
                  0.13    0.50   29.08 v _14152_/X (sky130_fd_sc_hd__or2_1)
     3    0.01                           _11201_ (net)
                  0.13    0.00   29.08 v _14153_/B (sky130_fd_sc_hd__or2_1)
                  0.08    0.46   29.53 v _14153_/X (sky130_fd_sc_hd__or2_1)
     2    0.00                           _11202_ (net)
                  0.08    0.00   29.53 v _14154_/B (sky130_fd_sc_hd__or2_1)
                  0.15    0.52   30.05 v _14154_/X (sky130_fd_sc_hd__or2_1)
     3    0.01                           _11203_ (net)
                  0.15    0.00   30.05 v _14155_/B (sky130_fd_sc_hd__or2_1)
                  0.08    0.46   30.52 v _14155_/X (sky130_fd_sc_hd__or2_1)
     2    0.00                           _11204_ (net)
                  0.08    0.00   30.52 v _14156_/B (sky130_fd_sc_hd__or2_2)
                  0.14    0.67   31.18 v _14156_/X (sky130_fd_sc_hd__or2_2)
     3    0.01                           _11205_ (net)
                  0.14    0.00   31.18 v _14166_/A2 (sky130_fd_sc_hd__a211oi_2)
                  0.20    0.35   31.53 ^ _14166_/Y (sky130_fd_sc_hd__a211oi_2)
     1    0.00                           _03791_ (net)
                  0.20    0.00   31.53 ^ _27625_/D (sky130_fd_sc_hd__dfxtp_1)
                                 31.53   data arrival time

                  0.00   24.73   24.73   clock clk (rise edge)
                          0.00   24.73   clock network delay (ideal)
                          0.00   24.73   clock reconvergence pessimism
                                 24.73 ^ _27625_/CLK (sky130_fd_sc_hd__dfxtp_1)
                         -0.17   24.56   library setup time
                                 24.56   data required time
-----------------------------------------------------------------------------
                                 24.56   data required time
                                -31.53   data arrival time
-----------------------------------------------------------------------------
                                 -6.98   slack (VIOLATED)


Startpoint: _27565_ (rising edge-triggered flip-flop clocked by clk)
Endpoint: _27624_ (rising edge-triggered flip-flop clocked by clk)
Path Group: clk
Path Type: max

Fanout     Cap    Slew   Delay    Time   Description
-----------------------------------------------------------------------------
                  0.00    0.00    0.00   clock clk (rise edge)
                          0.00    0.00   clock network delay (ideal)
                  0.00    0.00    0.00 ^ _27565_/CLK (sky130_fd_sc_hd__dfxtp_1)
                  0.16    0.66    0.66 ^ _27565_/Q (sky130_fd_sc_hd__dfxtp_1)
     3    0.01                           count_cycle[0] (net)
                  0.16    0.00    0.66 ^ _14096_/A (sky130_fd_sc_hd__inv_2)
                  0.07    0.13    0.79 v _14096_/Y (sky130_fd_sc_hd__inv_2)
     6    0.01                           _02559_ (net)
                  0.07    0.00    0.79 v _14100_/A (sky130_fd_sc_hd__or4_4)
                  0.14    1.01    1.80 v _14100_/X (sky130_fd_sc_hd__or4_4)
     2    0.00                           _11149_ (net)
                  0.14    0.00    1.80 v _14101_/B (sky130_fd_sc_hd__or2_1)
                  0.11    0.49    2.29 v _14101_/X (sky130_fd_sc_hd__or2_1)
     3    0.00                           _11150_ (net)
                  0.11    0.00    2.29 v _14102_/B (sky130_fd_sc_hd__or2_1)
                  0.13    0.51    2.80 v _14102_/X (sky130_fd_sc_hd__or2_1)
     3    0.01                           _11151_ (net)
                  0.13    0.00    2.80 v _14103_/B (sky130_fd_sc_hd__or2_1)
                  0.08    0.46    3.26 v _14103_/X (sky130_fd_sc_hd__or2_1)
     2    0.00                           _11152_ (net)
                  0.08    0.00    3.26 v _14104_/B (sky130_fd_sc_hd__or2_1)
                  0.15    0.52    3.78 v _14104_/X (sky130_fd_sc_hd__or2_1)
     3    0.01                           _11153_ (net)
                  0.15    0.00    3.78 v _14105_/B (sky130_fd_sc_hd__or2_1)
                  0.08    0.46    4.24 v _14105_/X (sky130_fd_sc_hd__or2_1)
     2    0.00                           _11154_ (net)
                  0.08    0.00    4.24 v _14106_/B (sky130_fd_sc_hd__or2_1)
                  0.13    0.50    4.74 v _14106_/X (sky130_fd_sc_hd__or2_1)
     3    0.01                           _11155_ (net)
                  0.13    0.00    4.74 v _14107_/B (sky130_fd_sc_hd__or2_1)
                  0.08    0.46    5.20 v _14107_/X (sky130_fd_sc_hd__or2_1)
     2    0.00                           _11156_ (net)
                  0.08    0.00    5.20 v _14108_/B (sky130_fd_sc_hd__or2_2)
                  0.14    0.67    5.87 v _14108_/X (sky130_fd_sc_hd__or2_2)
     3    0.01                           _11157_ (net)
                  0.14    0.00    5.87 v _14109_/B (sky130_fd_sc_hd__or2_1)
                  0.08    0.46    6.33 v _14109_/X (sky130_fd_sc_hd__or2_1)
     2    0.00                           _11158_ (net)
                  0.08    0.00    6.33 v _14110_/B (sky130_fd_sc_hd__or2_1)
                  0.13    0.50    6.83 v _14110_/X (sky130_fd_sc_hd__or2_1)
     3    0.01                           _11159_ (net)
                  0.13    0.00    6.83 v _14111_/B (sky130_fd_sc_hd__or2_1)
                  0.08    0.46    7.29 v _14111_/X (sky130_fd_sc_hd__or2_1)
     2    0.00                           _11160_ (net)
                  0.08    0.00    7.29 v _14112_/B (sky130_fd_sc_hd__or2_1)
                  0.13    0.50    7.79 v _14112_/X (sky130_fd_sc_hd__or2_1)
     3    0.01                           _11161_ (net)
                  0.13    0.00    7.79 v _14113_/B (sky130_fd_sc_hd__or2_1)
                  0.08    0.46    8.24 v _14113_/X (sky130_fd_sc_hd__or2_1)
     2    0.00                           _11162_ (net)
                  0.08    0.00    8.24 v _14114_/B (sky130_fd_sc_hd__or2_2)
                  0.14    0.67    8.91 v _14114_/X (sky130_fd_sc_hd__or2_2)
     3    0.01                           _11163_ (net)
                  0.14    0.00    8.91 v _14115_/B (sky130_fd_sc_hd__or2_1)
                  0.08    0.46    9.37 v _14115_/X (sky130_fd_sc_hd__or2_1)
     2    0.00                           _11164_ (net)
                  0.08    0.00    9.37 v _14116_/B (sky130_fd_sc_hd__or2_2)
                  0.14    0.67   10.04 v _14116_/X (sky130_fd_sc_hd__or2_2)
     3    0.01                           _11165_ (net)
                  0.14    0.00   10.04 v _14117_/B (sky130_fd_sc_hd__or2_1)
                  0.08    0.46   10.50 v _14117_/X (sky130_fd_sc_hd__or2_1)
     2    0.00                           _11166_ (net)
                  0.08    0.00   10.50 v _14118_/B (sky130_fd_sc_hd__or2_1)
                  0.15    0.52   11.02 v _14118_/X (sky130_fd_sc_hd__or2_1)
     3    0.01                           _11167_ (net)
                  0.15    0.00   11.02 v _14119_/B (sky130_fd_sc_hd__or2_1)
                  0.08    0.46   11.48 v _14119_/X (sky130_fd_sc_hd__or2_1)
     2    0.00                           _11168_ (net)
                  0.08    0.00   11.48 v _14120_/B (sky130_fd_sc_hd__or2_1)
                  0.15    0.52   12.00 v _14120_/X (sky130_fd_sc_hd__or2_1)
     3    0.01                           _11169_ (net)
                  0.15    0.00   12.00 v _14121_/B (sky130_fd_sc_hd__or2_1)
                  0.08    0.46   12.47 v _14121_/X (sky130_fd_sc_hd__or2_1)
     2    0.00                           _11170_ (net)
                  0.08    0.00   12.47 v _14122_/B (sky130_fd_sc_hd__or2_2)
                  0.14    0.67   13.13 v _14122_/X (sky130_fd_sc_hd__or2_2)
     3    0.01                           _11171_ (net)
                  0.14    0.00   13.13 v _14123_/B (sky130_fd_sc_hd__or2_1)
                  0.08    0.46   13.60 v _14123_/X (sky130_fd_sc_hd__or2_1)
     2    0.00                           _11172_ (net)
                  0.08    0.00   13.60 v _14124_/B (sky130_fd_sc_hd__or2_1)
                  0.13    0.50   14.10 v _14124_/X (sky130_fd_sc_hd__or2_1)
     3    0.01                           _11173_ (net)
                  0.13    0.00   14.10 v _14125_/B (sky130_fd_sc_hd__or2_1)
                  0.08    0.46   14.55 v _14125_/X (sky130_fd_sc_hd__or2_1)
     2    0.00                           _11174_ (net)
                  0.08    0.00   14.55 v _14126_/B (sky130_fd_sc_hd__or2_2)
                  0.13    0.65   15.21 v _14126_/X (sky130_fd_sc_hd__or2_2)
     3    0.01                           _11175_ (net)
                  0.13    0.00   15.21 v _14127_/B (sky130_fd_sc_hd__or2_1)
                  0.08    0.46   15.66 v _14127_/X (sky130_fd_sc_hd__or2_1)
     2    0.00                           _11176_ (net)
                  0.08    0.00   15.66 v _14128_/B (sky130_fd_sc_hd__or2_1)
                  0.15    0.52   16.18 v _14128_/X (sky130_fd_sc_hd__or2_1)
     3    0.01                           _11177_ (net)
                  0.15    0.00   16.18 v _14129_/B (sky130_fd_sc_hd__or2_1)
                  0.08    0.46   16.65 v _14129_/X (sky130_fd_sc_hd__or2_1)
     2    0.00                           _11178_ (net)
                  0.08    0.00   16.65 v _14130_/B (sky130_fd_sc_hd__or2_2)
                  0.14    0.67   17.31 v _14130_/X (sky130_fd_sc_hd__or2_2)
     3    0.01                           _11179_ (net)
                  0.14    0.00   17.31 v _14131_/B (sky130_fd_sc_hd__or2_1)
                  0.08    0.46   17.78 v _14131_/X (sky130_fd_sc_hd__or2_1)
     2    0.00                           _11180_ (net)
                  0.08    0.00   17.78 v _14132_/B (sky130_fd_sc_hd__or2_1)
                  0.13    0.50   18.28 v _14132_/X (sky130_fd_sc_hd__or2_1)
     3    0.01                           _11181_ (net)
                  0.13    0.00   18.28 v _14133_/B (sky130_fd_sc_hd__or2_1)
                  0.08    0.46   18.73 v _14133_/X (sky130_fd_sc_hd__or2_1)
     2    0.00                           _11182_ (net)
                  0.08    0.00   18.73 v _14134_/B (sky130_fd_sc_hd__or2_2)
                  0.14    0.67   19.40 v _14134_/X (sky130_fd_sc_hd__or2_2)
     3    0.01                           _11183_ (net)
                  0.14    0.00   19.40 v _14135_/B (sky130_fd_sc_hd__or2_1)
                  0.08    0.46   19.86 v _14135_/X (sky130_fd_sc_hd__or2_1)
     2    0.00                           _11184_ (net)
                  0.08    0.00   19.86 v _14136_/B (sky130_fd_sc_hd__or2_2)
                  0.14    0.67   20.53 v _14136_/X (sky130_fd_sc_hd__or2_2)
     3    0.01                           _11185_ (net)
                  0.14    0.00   20.53 v _14137_/B (sky130_fd_sc_hd__or2_1)
                  0.08    0.46   20.99 v _14137_/X (sky130_fd_sc_hd__or2_1)
     2    0.00                           _11186_ (net)
                  0.08    0.00   20.99 v _14138_/B (sky130_fd_sc_hd__or2_2)
                  0.14    0.67   21.66 v _14138_/X (sky130_fd_sc_hd__or2_2)
     3    0.01                           _11187_ (net)
                  0.14    0.00   21.66 v _14139_/B (sky130_fd_sc_hd__or2_1)
                  0.08    0.46   22.12 v _14139_/X (sky130_fd_sc_hd__or2_1)
     2    0.00                           _11188_ (net)
                  0.08    0.00   22.12 v _14140_/B (sky130_fd_sc_hd__or2_1)
                  0.13    0.50   22.62 v _14140_/X (sky130_fd_sc_hd__or2_1)
     3    0.01                           _11189_ (net)
                  0.13    0.00   22.62 v _14141_/B (sky130_fd_sc_hd__or2_1)
                  0.08    0.46   23.08 v _14141_/X (sky130_fd_sc_hd__or2_1)
     2    0.00                           _11190_ (net)
                  0.08    0.00   23.08 v _14142_/B (sky130_fd_sc_hd__or2_2)
                  0.14    0.67   23.74 v _14142_/X (sky130_fd_sc_hd__or2_2)
     3    0.01                           _11191_ (net)
                  0.14    0.00   23.74 v _14143_/B (sky130_fd_sc_hd__or2_1)
                  0.08    0.46   24.21 v _14143_/X (sky130_fd_sc_hd__or2_1)
     2    0.00                           _11192_ (net)
                  0.08    0.00   24.21 v _14144_/B (sky130_fd_sc_hd__or2_2)
                  0.14    0.67   24.87 v _14144_/X (sky130_fd_sc_hd__or2_2)
     3    0.01                           _11193_ (net)
                  0.14    0.00   24.87 v _14145_/B (sky130_fd_sc_hd__or2_1)
                  0.08    0.46   25.33 v _14145_/X (sky130_fd_sc_hd__or2_1)
     2    0.00                           _11194_ (net)
                  0.08    0.00   25.33 v _14146_/B (sky130_fd_sc_hd__or2_2)
                  0.14    0.67   26.00 v _14146_/X (sky130_fd_sc_hd__or2_2)
     3    0.01                           _11195_ (net)
                  0.14    0.00   26.00 v _14147_/B (sky130_fd_sc_hd__or2_1)
                  0.08    0.46   26.47 v _14147_/X (sky130_fd_sc_hd__or2_1)
     2    0.00                           _11196_ (net)
                  0.08    0.00   26.47 v _14148_/B (sky130_fd_sc_hd__or2_1)
                  0.15    0.52   26.98 v _14148_/X (sky130_fd_sc_hd__or2_1)
     3    0.01                           _11197_ (net)
                  0.15    0.00   26.98 v _14149_/B (sky130_fd_sc_hd__or2_1)
                  0.08    0.46   27.45 v _14149_/X (sky130_fd_sc_hd__or2_1)
     2    0.00                           _11198_ (net)
                  0.08    0.00   27.45 v _14150_/B (sky130_fd_sc_hd__or2_2)
                  0.14    0.67   28.12 v _14150_/X (sky130_fd_sc_hd__or2_2)
     3    0.01                           _11199_ (net)
                  0.14    0.00   28.12 v _14151_/B (sky130_fd_sc_hd__or2_1)
                  0.08    0.46   28.58 v _14151_/X (sky130_fd_sc_hd__or2_1)
     2    0.00                           _11200_ (net)
                  0.08    0.00   28.58 v _14152_/B (sky130_fd_sc_hd__or2_1)
                  0.13    0.50   29.08 v _14152_/X (sky130_fd_sc_hd__or2_1)
     3    0.01                           _11201_ (net)
                  0.13    0.00   29.08 v _14153_/B (sky130_fd_sc_hd__or2_1)
                  0.08    0.46   29.53 v _14153_/X (sky130_fd_sc_hd__or2_1)
     2    0.00                           _11202_ (net)
                  0.08    0.00   29.53 v _14154_/B (sky130_fd_sc_hd__or2_1)
                  0.15    0.52   30.05 v _14154_/X (sky130_fd_sc_hd__or2_1)
     3    0.01                           _11203_ (net)
                  0.15    0.00   30.05 v _14155_/B (sky130_fd_sc_hd__or2_1)
                  0.08    0.46   30.52 v _14155_/X (sky130_fd_sc_hd__or2_1)
     2    0.00                           _11204_ (net)
                  0.08    0.00   30.52 v _14156_/B (sky130_fd_sc_hd__or2_2)
                  0.14    0.67   31.18 v _14156_/X (sky130_fd_sc_hd__or2_2)
     3    0.01                           _11205_ (net)
                  0.14    0.00   31.18 v _14168_/C1 (sky130_fd_sc_hd__o211a_1)
                  0.06    0.22   31.40 v _14168_/X (sky130_fd_sc_hd__o211a_1)
     1    0.00                           _03790_ (net)
                  0.06    0.00   31.40 v _27624_/D (sky130_fd_sc_hd__dfxtp_1)
                                 31.40   data arrival time

                  0.00   24.73   24.73   clock clk (rise edge)
                          0.00   24.73   clock network delay (ideal)
                          0.00   24.73   clock reconvergence pessimism
                                 24.73 ^ _27624_/CLK (sky130_fd_sc_hd__dfxtp_1)
                         -0.28   24.45   library setup time
                                 24.45   data required time
-----------------------------------------------------------------------------
                                 24.45   data required time
                                -31.40   data arrival time
-----------------------------------------------------------------------------
                                 -6.96   slack (VIOLATED)


Startpoint: _27871_ (rising edge-triggered flip-flop clocked by clk)
Endpoint: _27749_ (rising edge-triggered flip-flop clocked by clk)
Path Group: clk
Path Type: max

Fanout     Cap    Slew   Delay    Time   Description
-----------------------------------------------------------------------------
                  0.00    0.00    0.00   clock clk (rise edge)
                          0.00    0.00   clock network delay (ideal)
                  0.00    0.00    0.00 ^ _27871_/CLK (sky130_fd_sc_hd__dfxtp_2)
                  0.20    0.72    0.72 ^ _27871_/Q (sky130_fd_sc_hd__dfxtp_2)
     6    0.02                           irq_mask[12] (net)
                  0.20    0.00    0.72 ^ _13137_/A1 (sky130_fd_sc_hd__o22ai_1)
                  0.10    0.21    0.93 v _13137_/Y (sky130_fd_sc_hd__o22ai_1)
     1    0.00                           _10539_ (net)
                  0.10    0.00    0.93 v _13138_/C1 (sky130_fd_sc_hd__a221o_1)
                  0.09    0.49    1.42 v _13138_/X (sky130_fd_sc_hd__a221o_1)
     1    0.00                           _10540_ (net)
                  0.09    0.00    1.42 v _13157_/A (sky130_fd_sc_hd__or4_4)
                  0.14    1.03    2.45 v _13157_/X (sky130_fd_sc_hd__or4_4)
     1    0.00                           _10559_ (net)
                  0.14    0.00    2.45 v _13160_/A2 (sky130_fd_sc_hd__o2111a_1)
                  0.08    0.44    2.89 v _13160_/X (sky130_fd_sc_hd__o2111a_1)
     2    0.00                           _10562_ (net)
                  0.08    0.00    2.89 v _13161_/C (sky130_fd_sc_hd__or3_1)
                  0.15    0.73    3.62 v _13161_/X (sky130_fd_sc_hd__or3_1)
     2    0.00                           _10563_ (net)
                  0.15    0.00    3.62 v _13164_/A (sky130_fd_sc_hd__or2_1)
                  0.11    0.53    4.15 v _13164_/X (sky130_fd_sc_hd__or2_1)
     2    0.00                           _10565_ (net)
                  0.11    0.00    4.15 v _13165_/C (sky130_fd_sc_hd__or3_4)
                  0.12    0.66    4.81 v _13165_/X (sky130_fd_sc_hd__or3_4)
     4    0.00                           _10566_ (net)
                  0.12    0.00    4.81 v _13690_/B (sky130_fd_sc_hd__or2_2)
                  0.15    0.69    5.50 v _13690_/X (sky130_fd_sc_hd__or2_2)
     5    0.01                           _10910_ (net)
                  0.15    0.00    5.50 v _13691_/C (sky130_fd_sc_hd__or3_2)
                  0.15    0.95    6.45 v _13691_/X (sky130_fd_sc_hd__or3_2)
     2    0.00                           _10911_ (net)
                  0.15    0.00    6.45 v _13692_/B (sky130_fd_sc_hd__or2_2)
                  0.13    0.68    7.13 v _13692_/X (sky130_fd_sc_hd__or2_2)
     3    0.01                           _10912_ (net)
                  0.13    0.00    7.13 v _13693_/B (sky130_fd_sc_hd__or2_1)
                  0.08    0.46    7.59 v _13693_/X (sky130_fd_sc_hd__or2_1)
     2    0.00                           _10913_ (net)
                  0.08    0.00    7.59 v _13694_/B (sky130_fd_sc_hd__or2_2)
                  0.14    0.67    8.26 v _13694_/X (sky130_fd_sc_hd__or2_2)
     3    0.01                           _10914_ (net)
                  0.14    0.00    8.26 v _13695_/B (sky130_fd_sc_hd__or2_1)
                  0.08    0.46    8.72 v _13695_/X (sky130_fd_sc_hd__or2_1)
     2    0.00                           _10915_ (net)
                  0.08    0.00    8.72 v _13696_/B (sky130_fd_sc_hd__or2_1)
                  0.15    0.52    9.24 v _13696_/X (sky130_fd_sc_hd__or2_1)
     3    0.01                           _10916_ (net)
                  0.15    0.00    9.24 v _13697_/B (sky130_fd_sc_hd__or2_1)
                  0.08    0.46    9.70 v _13697_/X (sky130_fd_sc_hd__or2_1)
     2    0.00                           _10917_ (net)
                  0.08    0.00    9.70 v _13698_/B (sky130_fd_sc_hd__or2_1)
                  0.13    0.50   10.20 v _13698_/X (sky130_fd_sc_hd__or2_1)
     3    0.01                           _10918_ (net)
                  0.13    0.00   10.20 v _13699_/B (sky130_fd_sc_hd__or2_1)
                  0.08    0.46   10.66 v _13699_/X (sky130_fd_sc_hd__or2_1)
     2    0.00                           _10919_ (net)
                  0.08    0.00   10.66 v _13700_/B (sky130_fd_sc_hd__or2_2)
                  0.14    0.67   11.32 v _13700_/X (sky130_fd_sc_hd__or2_2)
     3    0.01                           _10920_ (net)
                  0.14    0.00   11.32 v _13701_/B (sky130_fd_sc_hd__or2_1)
                  0.08    0.46   11.79 v _13701_/X (sky130_fd_sc_hd__or2_1)
     2    0.00                           _10921_ (net)
                  0.08    0.00   11.79 v _13702_/B (sky130_fd_sc_hd__or2_2)
                  0.14    0.67   12.45 v _13702_/X (sky130_fd_sc_hd__or2_2)
     3    0.01                           _10922_ (net)
                  0.14    0.00   12.45 v _13703_/B (sky130_fd_sc_hd__or2_1)
                  0.08    0.46   12.92 v _13703_/X (sky130_fd_sc_hd__or2_1)
     2    0.00                           _10923_ (net)
                  0.08    0.00   12.92 v _13704_/B (sky130_fd_sc_hd__or2_1)
                  0.15    0.52   13.44 v _13704_/X (sky130_fd_sc_hd__or2_1)
     3    0.01                           _10924_ (net)
                  0.15    0.00   13.44 v _13705_/B (sky130_fd_sc_hd__or2_1)
                  0.08    0.46   13.90 v _13705_/X (sky130_fd_sc_hd__or2_1)
     2    0.00                           _10925_ (net)
                  0.08    0.00   13.90 v _13706_/B (sky130_fd_sc_hd__or2_2)
                  0.14    0.67   14.57 v _13706_/X (sky130_fd_sc_hd__or2_2)
     3    0.01                           _10926_ (net)
                  0.14    0.00   14.57 v _13707_/B (sky130_fd_sc_hd__or2_1)
                  0.08    0.46   15.03 v _13707_/X (sky130_fd_sc_hd__or2_1)
     2    0.00                           _10927_ (net)
                  0.08    0.00   15.03 v _13708_/B (sky130_fd_sc_hd__or2_2)
                  0.14    0.67   15.70 v _13708_/X (sky130_fd_sc_hd__or2_2)
     3    0.01                           _10928_ (net)
                  0.14    0.00   15.70 v _13709_/B (sky130_fd_sc_hd__or2_1)
                  0.08    0.46   16.16 v _13709_/X (sky130_fd_sc_hd__or2_1)
     2    0.00                           _10929_ (net)
                  0.08    0.00   16.16 v _13710_/B (sky130_fd_sc_hd__or2_2)
                  0.14    0.67   16.82 v _13710_/X (sky130_fd_sc_hd__or2_2)
     3    0.01                           _10930_ (net)
                  0.14    0.00   16.82 v _13711_/B (sky130_fd_sc_hd__or2_1)
                  0.08    0.46   17.29 v _13711_/X (sky130_fd_sc_hd__or2_1)
     2    0.00                           _10931_ (net)
                  0.08    0.00   17.29 v _13712_/B (sky130_fd_sc_hd__or2_2)
                  0.14    0.67   17.95 v _13712_/X (sky130_fd_sc_hd__or2_2)
     3    0.01                           _10932_ (net)
                  0.14    0.00   17.95 v _13713_/B (sky130_fd_sc_hd__or2_1)
                  0.08    0.46   18.42 v _13713_/X (sky130_fd_sc_hd__or2_1)
     2    0.00                           _10933_ (net)
                  0.08    0.00   18.42 v _13714_/B (sky130_fd_sc_hd__or2_2)
                  0.14    0.67   19.08 v _13714_/X (sky130_fd_sc_hd__or2_2)
     3    0.01                           _10934_ (net)
                  0.14    0.00   19.08 v _13715_/B (sky130_fd_sc_hd__or2_1)
                  0.08    0.46   19.55 v _13715_/X (sky130_fd_sc_hd__or2_1)
     2    0.00                           _10935_ (net)
                  0.08    0.00   19.55 v _13716_/B (sky130_fd_sc_hd__or2_1)
                  0.13    0.50   20.05 v _13716_/X (sky130_fd_sc_hd__or2_1)
     3    0.01                           _10936_ (net)
                  0.13    0.00   20.05 v _13717_/B (sky130_fd_sc_hd__or2_1)
                  0.08    0.46   20.50 v _13717_/X (sky130_fd_sc_hd__or2_1)
     2    0.00                           _10937_ (net)
                  0.08    0.00   20.50 v _13718_/B (sky130_fd_sc_hd__or2_2)
                  0.14    0.67   21.17 v _13718_/X (sky130_fd_sc_hd__or2_2)
     3    0.01                           _10938_ (net)
                  0.14    0.00   21.17 v _13719_/B (sky130_fd_sc_hd__or2_1)
                  0.08    0.46   21.63 v _13719_/X (sky130_fd_sc_hd__or2_1)
     2    0.00                           _10939_ (net)
                  0.08    0.00   21.63 v _13720_/B (sky130_fd_sc_hd__or2_1)
                  0.15    0.52   22.15 v _13720_/X (sky130_fd_sc_hd__or2_1)
     3    0.01                           _10940_ (net)
                  0.15    0.00   22.15 v _13721_/B (sky130_fd_sc_hd__or2_1)
                  0.08    0.46   22.61 v _13721_/X (sky130_fd_sc_hd__or2_1)
     2    0.00                           _10941_ (net)
                  0.08    0.00   22.61 v _13722_/B (sky130_fd_sc_hd__or2_1)
                  0.13    0.50   23.11 v _13722_/X (sky130_fd_sc_hd__or2_1)
     3    0.01                           _10942_ (net)
                  0.13    0.00   23.11 v _13723_/B (sky130_fd_sc_hd__or2_1)
                  0.08    0.46   23.57 v _13723_/X (sky130_fd_sc_hd__or2_1)
     2    0.00                           _10943_ (net)
                  0.08    0.00   23.57 v _13724_/B (sky130_fd_sc_hd__or2_1)
                  0.13    0.50   24.07 v _13724_/X (sky130_fd_sc_hd__or2_1)
     3    0.01                           _10944_ (net)
                  0.13    0.00   24.07 v _13725_/B (sky130_fd_sc_hd__or2_1)
                  0.08    0.46   24.53 v _13725_/X (sky130_fd_sc_hd__or2_1)
     2    0.00                           _10945_ (net)
                  0.08    0.00   24.53 v _13726_/B (sky130_fd_sc_hd__or2_1)
                  0.13    0.50   25.03 v _13726_/X (sky130_fd_sc_hd__or2_1)
     3    0.01                           _10946_ (net)
                  0.13    0.00   25.03 v _13727_/B (sky130_fd_sc_hd__or2_1)
                  0.08    0.46   25.48 v _13727_/X (sky130_fd_sc_hd__or2_1)
     2    0.00                           _10947_ (net)
                  0.08    0.00   25.48 v _13728_/B (sky130_fd_sc_hd__or2_2)
                  0.14    0.67   26.15 v _13728_/X (sky130_fd_sc_hd__or2_2)
     3    0.01                           _10948_ (net)
                  0.14    0.00   26.15 v _13729_/B (sky130_fd_sc_hd__or2_1)
                  0.08    0.46   26.61 v _13729_/X (sky130_fd_sc_hd__or2_1)
     2    0.00                           _10949_ (net)
                  0.08    0.00   26.61 v _13730_/B (sky130_fd_sc_hd__or2_1)
                  0.13    0.50   27.11 v _13730_/X (sky130_fd_sc_hd__or2_1)
     3    0.01                           _10950_ (net)
                  0.13    0.00   27.11 v _13731_/B (sky130_fd_sc_hd__or2_1)
                  0.08    0.46   27.57 v _13731_/X (sky130_fd_sc_hd__or2_1)
     2    0.00                           _10951_ (net)
                  0.08    0.00   27.57 v _13732_/B (sky130_fd_sc_hd__or2_1)
                  0.13    0.50   28.07 v _13732_/X (sky130_fd_sc_hd__or2_1)
     3    0.01                           _10952_ (net)
                  0.13    0.00   28.07 v _13733_/B (sky130_fd_sc_hd__or2_1)
                  0.08    0.46   28.53 v _13733_/X (sky130_fd_sc_hd__or2_1)
     2    0.00                           _10953_ (net)
                  0.08    0.00   28.53 v _13734_/B (sky130_fd_sc_hd__or2_1)
                  0.13    0.50   29.03 v _13734_/X (sky130_fd_sc_hd__or2_1)
     3    0.01                           _10954_ (net)
                  0.13    0.00   29.03 v _13735_/B (sky130_fd_sc_hd__or2_1)
                  0.08    0.46   29.48 v _13735_/X (sky130_fd_sc_hd__or2_1)
     2    0.00                           _10955_ (net)
                  0.08    0.00   29.48 v _13736_/B (sky130_fd_sc_hd__or2_1)
                  0.13    0.50   29.98 v _13736_/X (sky130_fd_sc_hd__or2_1)
     3    0.01                           _10956_ (net)
                  0.13    0.00   29.98 v _13737_/B (sky130_fd_sc_hd__or2_1)
                  0.08    0.46   30.44 v _13737_/X (sky130_fd_sc_hd__or2_1)
     2    0.00                           _10957_ (net)
                  0.08    0.00   30.44 v _13738_/B (sky130_fd_sc_hd__or2_1)
                  0.13    0.50   30.94 v _13738_/X (sky130_fd_sc_hd__or2_1)
     3    0.01                           _10958_ (net)
                  0.13    0.00   30.94 v _13776_/A2 (sky130_fd_sc_hd__a211oi_1)
                  0.25    0.36   31.30 ^ _13776_/Y (sky130_fd_sc_hd__a211oi_1)
     1    0.00                           _03915_ (net)
                  0.25    0.00   31.30 ^ _27749_/D (sky130_fd_sc_hd__dfxtp_1)
                                 31.30   data arrival time

                  0.00   24.73   24.73   clock clk (rise edge)
                          0.00   24.73   clock network delay (ideal)
                          0.00   24.73   clock reconvergence pessimism
                                 24.73 ^ _27749_/CLK (sky130_fd_sc_hd__dfxtp_1)
                         -0.19   24.54   library setup time
                                 24.54   data required time
-----------------------------------------------------------------------------
                                 24.54   data required time
                                -31.30   data arrival time
-----------------------------------------------------------------------------
                                 -6.76   slack (VIOLATED)


Startpoint: _27871_ (rising edge-triggered flip-flop clocked by clk)
Endpoint: _27748_ (rising edge-triggered flip-flop clocked by clk)
Path Group: clk
Path Type: max

Fanout     Cap    Slew   Delay    Time   Description
-----------------------------------------------------------------------------
                  0.00    0.00    0.00   clock clk (rise edge)
                          0.00    0.00   clock network delay (ideal)
                  0.00    0.00    0.00 ^ _27871_/CLK (sky130_fd_sc_hd__dfxtp_2)
                  0.20    0.72    0.72 ^ _27871_/Q (sky130_fd_sc_hd__dfxtp_2)
     6    0.02                           irq_mask[12] (net)
                  0.20    0.00    0.72 ^ _13137_/A1 (sky130_fd_sc_hd__o22ai_1)
                  0.10    0.21    0.93 v _13137_/Y (sky130_fd_sc_hd__o22ai_1)
     1    0.00                           _10539_ (net)
                  0.10    0.00    0.93 v _13138_/C1 (sky130_fd_sc_hd__a221o_1)
                  0.09    0.49    1.42 v _13138_/X (sky130_fd_sc_hd__a221o_1)
     1    0.00                           _10540_ (net)
                  0.09    0.00    1.42 v _13157_/A (sky130_fd_sc_hd__or4_4)
                  0.14    1.03    2.45 v _13157_/X (sky130_fd_sc_hd__or4_4)
     1    0.00                           _10559_ (net)
                  0.14    0.00    2.45 v _13160_/A2 (sky130_fd_sc_hd__o2111a_1)
                  0.08    0.44    2.89 v _13160_/X (sky130_fd_sc_hd__o2111a_1)
     2    0.00                           _10562_ (net)
                  0.08    0.00    2.89 v _13161_/C (sky130_fd_sc_hd__or3_1)
                  0.15    0.73    3.62 v _13161_/X (sky130_fd_sc_hd__or3_1)
     2    0.00                           _10563_ (net)
                  0.15    0.00    3.62 v _13164_/A (sky130_fd_sc_hd__or2_1)
                  0.11    0.53    4.15 v _13164_/X (sky130_fd_sc_hd__or2_1)
     2    0.00                           _10565_ (net)
                  0.11    0.00    4.15 v _13165_/C (sky130_fd_sc_hd__or3_4)
                  0.12    0.66    4.81 v _13165_/X (sky130_fd_sc_hd__or3_4)
     4    0.00                           _10566_ (net)
                  0.12    0.00    4.81 v _13690_/B (sky130_fd_sc_hd__or2_2)
                  0.15    0.69    5.50 v _13690_/X (sky130_fd_sc_hd__or2_2)
     5    0.01                           _10910_ (net)
                  0.15    0.00    5.50 v _13691_/C (sky130_fd_sc_hd__or3_2)
                  0.15    0.95    6.45 v _13691_/X (sky130_fd_sc_hd__or3_2)
     2    0.00                           _10911_ (net)
                  0.15    0.00    6.45 v _13692_/B (sky130_fd_sc_hd__or2_2)
                  0.13    0.68    7.13 v _13692_/X (sky130_fd_sc_hd__or2_2)
     3    0.01                           _10912_ (net)
                  0.13    0.00    7.13 v _13693_/B (sky130_fd_sc_hd__or2_1)
                  0.08    0.46    7.59 v _13693_/X (sky130_fd_sc_hd__or2_1)
     2    0.00                           _10913_ (net)
                  0.08    0.00    7.59 v _13694_/B (sky130_fd_sc_hd__or2_2)
                  0.14    0.67    8.26 v _13694_/X (sky130_fd_sc_hd__or2_2)
     3    0.01                           _10914_ (net)
                  0.14    0.00    8.26 v _13695_/B (sky130_fd_sc_hd__or2_1)
                  0.08    0.46    8.72 v _13695_/X (sky130_fd_sc_hd__or2_1)
     2    0.00                           _10915_ (net)
                  0.08    0.00    8.72 v _13696_/B (sky130_fd_sc_hd__or2_1)
                  0.15    0.52    9.24 v _13696_/X (sky130_fd_sc_hd__or2_1)
     3    0.01                           _10916_ (net)
                  0.15    0.00    9.24 v _13697_/B (sky130_fd_sc_hd__or2_1)
                  0.08    0.46    9.70 v _13697_/X (sky130_fd_sc_hd__or2_1)
     2    0.00                           _10917_ (net)
                  0.08    0.00    9.70 v _13698_/B (sky130_fd_sc_hd__or2_1)
                  0.13    0.50   10.20 v _13698_/X (sky130_fd_sc_hd__or2_1)
     3    0.01                           _10918_ (net)
                  0.13    0.00   10.20 v _13699_/B (sky130_fd_sc_hd__or2_1)
                  0.08    0.46   10.66 v _13699_/X (sky130_fd_sc_hd__or2_1)
     2    0.00                           _10919_ (net)
                  0.08    0.00   10.66 v _13700_/B (sky130_fd_sc_hd__or2_2)
                  0.14    0.67   11.32 v _13700_/X (sky130_fd_sc_hd__or2_2)
     3    0.01                           _10920_ (net)
                  0.14    0.00   11.32 v _13701_/B (sky130_fd_sc_hd__or2_1)
                  0.08    0.46   11.79 v _13701_/X (sky130_fd_sc_hd__or2_1)
     2    0.00                           _10921_ (net)
                  0.08    0.00   11.79 v _13702_/B (sky130_fd_sc_hd__or2_2)
                  0.14    0.67   12.45 v _13702_/X (sky130_fd_sc_hd__or2_2)
     3    0.01                           _10922_ (net)
                  0.14    0.00   12.45 v _13703_/B (sky130_fd_sc_hd__or2_1)
                  0.08    0.46   12.92 v _13703_/X (sky130_fd_sc_hd__or2_1)
     2    0.00                           _10923_ (net)
                  0.08    0.00   12.92 v _13704_/B (sky130_fd_sc_hd__or2_1)
                  0.15    0.52   13.44 v _13704_/X (sky130_fd_sc_hd__or2_1)
     3    0.01                           _10924_ (net)
                  0.15    0.00   13.44 v _13705_/B (sky130_fd_sc_hd__or2_1)
                  0.08    0.46   13.90 v _13705_/X (sky130_fd_sc_hd__or2_1)
     2    0.00                           _10925_ (net)
                  0.08    0.00   13.90 v _13706_/B (sky130_fd_sc_hd__or2_2)
                  0.14    0.67   14.57 v _13706_/X (sky130_fd_sc_hd__or2_2)
     3    0.01                           _10926_ (net)
                  0.14    0.00   14.57 v _13707_/B (sky130_fd_sc_hd__or2_1)
                  0.08    0.46   15.03 v _13707_/X (sky130_fd_sc_hd__or2_1)
     2    0.00                           _10927_ (net)
                  0.08    0.00   15.03 v _13708_/B (sky130_fd_sc_hd__or2_2)
                  0.14    0.67   15.70 v _13708_/X (sky130_fd_sc_hd__or2_2)
     3    0.01                           _10928_ (net)
                  0.14    0.00   15.70 v _13709_/B (sky130_fd_sc_hd__or2_1)
                  0.08    0.46   16.16 v _13709_/X (sky130_fd_sc_hd__or2_1)
     2    0.00                           _10929_ (net)
                  0.08    0.00   16.16 v _13710_/B (sky130_fd_sc_hd__or2_2)
                  0.14    0.67   16.82 v _13710_/X (sky130_fd_sc_hd__or2_2)
     3    0.01                           _10930_ (net)
                  0.14    0.00   16.82 v _13711_/B (sky130_fd_sc_hd__or2_1)
                  0.08    0.46   17.29 v _13711_/X (sky130_fd_sc_hd__or2_1)
     2    0.00                           _10931_ (net)
                  0.08    0.00   17.29 v _13712_/B (sky130_fd_sc_hd__or2_2)
                  0.14    0.67   17.95 v _13712_/X (sky130_fd_sc_hd__or2_2)
     3    0.01                           _10932_ (net)
                  0.14    0.00   17.95 v _13713_/B (sky130_fd_sc_hd__or2_1)
                  0.08    0.46   18.42 v _13713_/X (sky130_fd_sc_hd__or2_1)
     2    0.00                           _10933_ (net)
                  0.08    0.00   18.42 v _13714_/B (sky130_fd_sc_hd__or2_2)
                  0.14    0.67   19.08 v _13714_/X (sky130_fd_sc_hd__or2_2)
     3    0.01                           _10934_ (net)
                  0.14    0.00   19.08 v _13715_/B (sky130_fd_sc_hd__or2_1)
                  0.08    0.46   19.55 v _13715_/X (sky130_fd_sc_hd__or2_1)
     2    0.00                           _10935_ (net)
                  0.08    0.00   19.55 v _13716_/B (sky130_fd_sc_hd__or2_1)
                  0.13    0.50   20.05 v _13716_/X (sky130_fd_sc_hd__or2_1)
     3    0.01                           _10936_ (net)
                  0.13    0.00   20.05 v _13717_/B (sky130_fd_sc_hd__or2_1)
                  0.08    0.46   20.50 v _13717_/X (sky130_fd_sc_hd__or2_1)
     2    0.00                           _10937_ (net)
                  0.08    0.00   20.50 v _13718_/B (sky130_fd_sc_hd__or2_2)
                  0.14    0.67   21.17 v _13718_/X (sky130_fd_sc_hd__or2_2)
     3    0.01                           _10938_ (net)
                  0.14    0.00   21.17 v _13719_/B (sky130_fd_sc_hd__or2_1)
                  0.08    0.46   21.63 v _13719_/X (sky130_fd_sc_hd__or2_1)
     2    0.00                           _10939_ (net)
                  0.08    0.00   21.63 v _13720_/B (sky130_fd_sc_hd__or2_1)
                  0.15    0.52   22.15 v _13720_/X (sky130_fd_sc_hd__or2_1)
     3    0.01                           _10940_ (net)
                  0.15    0.00   22.15 v _13721_/B (sky130_fd_sc_hd__or2_1)
                  0.08    0.46   22.61 v _13721_/X (sky130_fd_sc_hd__or2_1)
     2    0.00                           _10941_ (net)
                  0.08    0.00   22.61 v _13722_/B (sky130_fd_sc_hd__or2_1)
                  0.13    0.50   23.11 v _13722_/X (sky130_fd_sc_hd__or2_1)
     3    0.01                           _10942_ (net)
                  0.13    0.00   23.11 v _13723_/B (sky130_fd_sc_hd__or2_1)
                  0.08    0.46   23.57 v _13723_/X (sky130_fd_sc_hd__or2_1)
     2    0.00                           _10943_ (net)
                  0.08    0.00   23.57 v _13724_/B (sky130_fd_sc_hd__or2_1)
                  0.13    0.50   24.07 v _13724_/X (sky130_fd_sc_hd__or2_1)
     3    0.01                           _10944_ (net)
                  0.13    0.00   24.07 v _13725_/B (sky130_fd_sc_hd__or2_1)
                  0.08    0.46   24.53 v _13725_/X (sky130_fd_sc_hd__or2_1)
     2    0.00                           _10945_ (net)
                  0.08    0.00   24.53 v _13726_/B (sky130_fd_sc_hd__or2_1)
                  0.13    0.50   25.03 v _13726_/X (sky130_fd_sc_hd__or2_1)
     3    0.01                           _10946_ (net)
                  0.13    0.00   25.03 v _13727_/B (sky130_fd_sc_hd__or2_1)
                  0.08    0.46   25.48 v _13727_/X (sky130_fd_sc_hd__or2_1)
     2    0.00                           _10947_ (net)
                  0.08    0.00   25.48 v _13728_/B (sky130_fd_sc_hd__or2_2)
                  0.14    0.67   26.15 v _13728_/X (sky130_fd_sc_hd__or2_2)
     3    0.01                           _10948_ (net)
                  0.14    0.00   26.15 v _13729_/B (sky130_fd_sc_hd__or2_1)
                  0.08    0.46   26.61 v _13729_/X (sky130_fd_sc_hd__or2_1)
     2    0.00                           _10949_ (net)
                  0.08    0.00   26.61 v _13730_/B (sky130_fd_sc_hd__or2_1)
                  0.13    0.50   27.11 v _13730_/X (sky130_fd_sc_hd__or2_1)
     3    0.01                           _10950_ (net)
                  0.13    0.00   27.11 v _13731_/B (sky130_fd_sc_hd__or2_1)
                  0.08    0.46   27.57 v _13731_/X (sky130_fd_sc_hd__or2_1)
     2    0.00                           _10951_ (net)
                  0.08    0.00   27.57 v _13732_/B (sky130_fd_sc_hd__or2_1)
                  0.13    0.50   28.07 v _13732_/X (sky130_fd_sc_hd__or2_1)
     3    0.01                           _10952_ (net)
                  0.13    0.00   28.07 v _13733_/B (sky130_fd_sc_hd__or2_1)
                  0.08    0.46   28.53 v _13733_/X (sky130_fd_sc_hd__or2_1)
     2    0.00                           _10953_ (net)
                  0.08    0.00   28.53 v _13734_/B (sky130_fd_sc_hd__or2_1)
                  0.13    0.50   29.03 v _13734_/X (sky130_fd_sc_hd__or2_1)
     3    0.01                           _10954_ (net)
                  0.13    0.00   29.03 v _13735_/B (sky130_fd_sc_hd__or2_1)
                  0.08    0.46   29.48 v _13735_/X (sky130_fd_sc_hd__or2_1)
     2    0.00                           _10955_ (net)
                  0.08    0.00   29.48 v _13736_/B (sky130_fd_sc_hd__or2_1)
                  0.13    0.50   29.98 v _13736_/X (sky130_fd_sc_hd__or2_1)
     3    0.01                           _10956_ (net)
                  0.13    0.00   29.98 v _13737_/B (sky130_fd_sc_hd__or2_1)
                  0.08    0.46   30.44 v _13737_/X (sky130_fd_sc_hd__or2_1)
     2    0.00                           _10957_ (net)
                  0.08    0.00   30.44 v _13738_/B (sky130_fd_sc_hd__or2_1)
                  0.13    0.50   30.94 v _13738_/X (sky130_fd_sc_hd__or2_1)
     3    0.01                           _10958_ (net)
                  0.13    0.00   30.94 v _13778_/C1 (sky130_fd_sc_hd__o211a_1)
                  0.06    0.21   31.15 v _13778_/X (sky130_fd_sc_hd__o211a_1)
     1    0.00                           _03914_ (net)
                  0.06    0.00   31.15 v _27748_/D (sky130_fd_sc_hd__dfxtp_1)
                                 31.15   data arrival time

                  0.00   24.73   24.73   clock clk (rise edge)
                          0.00   24.73   clock network delay (ideal)
                          0.00   24.73   clock reconvergence pessimism
                                 24.73 ^ _27748_/CLK (sky130_fd_sc_hd__dfxtp_1)
                         -0.28   24.45   library setup time
                                 24.45   data required time
-----------------------------------------------------------------------------
                                 24.45   data required time
                                -31.15   data arrival time
-----------------------------------------------------------------------------
                                 -6.70   slack (VIOLATED)


Startpoint: _27565_ (rising edge-triggered flip-flop clocked by clk)
Endpoint: _27623_ (rising edge-triggered flip-flop clocked by clk)
Path Group: clk
Path Type: max

Fanout     Cap    Slew   Delay    Time   Description
-----------------------------------------------------------------------------
                  0.00    0.00    0.00   clock clk (rise edge)
                          0.00    0.00   clock network delay (ideal)
                  0.00    0.00    0.00 ^ _27565_/CLK (sky130_fd_sc_hd__dfxtp_1)
                  0.16    0.66    0.66 ^ _27565_/Q (sky130_fd_sc_hd__dfxtp_1)
     3    0.01                           count_cycle[0] (net)
                  0.16    0.00    0.66 ^ _14096_/A (sky130_fd_sc_hd__inv_2)
                  0.07    0.13    0.79 v _14096_/Y (sky130_fd_sc_hd__inv_2)
     6    0.01                           _02559_ (net)
                  0.07    0.00    0.79 v _14100_/A (sky130_fd_sc_hd__or4_4)
                  0.14    1.01    1.80 v _14100_/X (sky130_fd_sc_hd__or4_4)
     2    0.00                           _11149_ (net)
                  0.14    0.00    1.80 v _14101_/B (sky130_fd_sc_hd__or2_1)
                  0.11    0.49    2.29 v _14101_/X (sky130_fd_sc_hd__or2_1)
     3    0.00                           _11150_ (net)
                  0.11    0.00    2.29 v _14102_/B (sky130_fd_sc_hd__or2_1)
                  0.13    0.51    2.80 v _14102_/X (sky130_fd_sc_hd__or2_1)
     3    0.01                           _11151_ (net)
                  0.13    0.00    2.80 v _14103_/B (sky130_fd_sc_hd__or2_1)
                  0.08    0.46    3.26 v _14103_/X (sky130_fd_sc_hd__or2_1)
     2    0.00                           _11152_ (net)
                  0.08    0.00    3.26 v _14104_/B (sky130_fd_sc_hd__or2_1)
                  0.15    0.52    3.78 v _14104_/X (sky130_fd_sc_hd__or2_1)
     3    0.01                           _11153_ (net)
                  0.15    0.00    3.78 v _14105_/B (sky130_fd_sc_hd__or2_1)
                  0.08    0.46    4.24 v _14105_/X (sky130_fd_sc_hd__or2_1)
     2    0.00                           _11154_ (net)
                  0.08    0.00    4.24 v _14106_/B (sky130_fd_sc_hd__or2_1)
                  0.13    0.50    4.74 v _14106_/X (sky130_fd_sc_hd__or2_1)
     3    0.01                           _11155_ (net)
                  0.13    0.00    4.74 v _14107_/B (sky130_fd_sc_hd__or2_1)
                  0.08    0.46    5.20 v _14107_/X (sky130_fd_sc_hd__or2_1)
     2    0.00                           _11156_ (net)
                  0.08    0.00    5.20 v _14108_/B (sky130_fd_sc_hd__or2_2)
                  0.14    0.67    5.87 v _14108_/X (sky130_fd_sc_hd__or2_2)
     3    0.01                           _11157_ (net)
                  0.14    0.00    5.87 v _14109_/B (sky130_fd_sc_hd__or2_1)
                  0.08    0.46    6.33 v _14109_/X (sky130_fd_sc_hd__or2_1)
     2    0.00                           _11158_ (net)
                  0.08    0.00    6.33 v _14110_/B (sky130_fd_sc_hd__or2_1)
                  0.13    0.50    6.83 v _14110_/X (sky130_fd_sc_hd__or2_1)
     3    0.01                           _11159_ (net)
                  0.13    0.00    6.83 v _14111_/B (sky130_fd_sc_hd__or2_1)
                  0.08    0.46    7.29 v _14111_/X (sky130_fd_sc_hd__or2_1)
     2    0.00                           _11160_ (net)
                  0.08    0.00    7.29 v _14112_/B (sky130_fd_sc_hd__or2_1)
                  0.13    0.50    7.79 v _14112_/X (sky130_fd_sc_hd__or2_1)
     3    0.01                           _11161_ (net)
                  0.13    0.00    7.79 v _14113_/B (sky130_fd_sc_hd__or2_1)
                  0.08    0.46    8.24 v _14113_/X (sky130_fd_sc_hd__or2_1)
     2    0.00                           _11162_ (net)
                  0.08    0.00    8.24 v _14114_/B (sky130_fd_sc_hd__or2_2)
                  0.14    0.67    8.91 v _14114_/X (sky130_fd_sc_hd__or2_2)
     3    0.01                           _11163_ (net)
                  0.14    0.00    8.91 v _14115_/B (sky130_fd_sc_hd__or2_1)
                  0.08    0.46    9.37 v _14115_/X (sky130_fd_sc_hd__or2_1)
     2    0.00                           _11164_ (net)
                  0.08    0.00    9.37 v _14116_/B (sky130_fd_sc_hd__or2_2)
                  0.14    0.67   10.04 v _14116_/X (sky130_fd_sc_hd__or2_2)
     3    0.01                           _11165_ (net)
                  0.14    0.00   10.04 v _14117_/B (sky130_fd_sc_hd__or2_1)
                  0.08    0.46   10.50 v _14117_/X (sky130_fd_sc_hd__or2_1)
     2    0.00                           _11166_ (net)
                  0.08    0.00   10.50 v _14118_/B (sky130_fd_sc_hd__or2_1)
                  0.15    0.52   11.02 v _14118_/X (sky130_fd_sc_hd__or2_1)
     3    0.01                           _11167_ (net)
                  0.15    0.00   11.02 v _14119_/B (sky130_fd_sc_hd__or2_1)
                  0.08    0.46   11.48 v _14119_/X (sky130_fd_sc_hd__or2_1)
     2    0.00                           _11168_ (net)
                  0.08    0.00   11.48 v _14120_/B (sky130_fd_sc_hd__or2_1)
                  0.15    0.52   12.00 v _14120_/X (sky130_fd_sc_hd__or2_1)
     3    0.01                           _11169_ (net)
                  0.15    0.00   12.00 v _14121_/B (sky130_fd_sc_hd__or2_1)
                  0.08    0.46   12.47 v _14121_/X (sky130_fd_sc_hd__or2_1)
     2    0.00                           _11170_ (net)
                  0.08    0.00   12.47 v _14122_/B (sky130_fd_sc_hd__or2_2)
                  0.14    0.67   13.13 v _14122_/X (sky130_fd_sc_hd__or2_2)
     3    0.01                           _11171_ (net)
                  0.14    0.00   13.13 v _14123_/B (sky130_fd_sc_hd__or2_1)
                  0.08    0.46   13.60 v _14123_/X (sky130_fd_sc_hd__or2_1)
     2    0.00                           _11172_ (net)
                  0.08    0.00   13.60 v _14124_/B (sky130_fd_sc_hd__or2_1)
                  0.13    0.50   14.10 v _14124_/X (sky130_fd_sc_hd__or2_1)
     3    0.01                           _11173_ (net)
                  0.13    0.00   14.10 v _14125_/B (sky130_fd_sc_hd__or2_1)
                  0.08    0.46   14.55 v _14125_/X (sky130_fd_sc_hd__or2_1)
     2    0.00                           _11174_ (net)
                  0.08    0.00   14.55 v _14126_/B (sky130_fd_sc_hd__or2_2)
                  0.13    0.65   15.21 v _14126_/X (sky130_fd_sc_hd__or2_2)
     3    0.01                           _11175_ (net)
                  0.13    0.00   15.21 v _14127_/B (sky130_fd_sc_hd__or2_1)
                  0.08    0.46   15.66 v _14127_/X (sky130_fd_sc_hd__or2_1)
     2    0.00                           _11176_ (net)
                  0.08    0.00   15.66 v _14128_/B (sky130_fd_sc_hd__or2_1)
                  0.15    0.52   16.18 v _14128_/X (sky130_fd_sc_hd__or2_1)
     3    0.01                           _11177_ (net)
                  0.15    0.00   16.18 v _14129_/B (sky130_fd_sc_hd__or2_1)
                  0.08    0.46   16.65 v _14129_/X (sky130_fd_sc_hd__or2_1)
     2    0.00                           _11178_ (net)
                  0.08    0.00   16.65 v _14130_/B (sky130_fd_sc_hd__or2_2)
                  0.14    0.67   17.31 v _14130_/X (sky130_fd_sc_hd__or2_2)
     3    0.01                           _11179_ (net)
                  0.14    0.00   17.31 v _14131_/B (sky130_fd_sc_hd__or2_1)
                  0.08    0.46   17.78 v _14131_/X (sky130_fd_sc_hd__or2_1)
     2    0.00                           _11180_ (net)
                  0.08    0.00   17.78 v _14132_/B (sky130_fd_sc_hd__or2_1)
                  0.13    0.50   18.28 v _14132_/X (sky130_fd_sc_hd__or2_1)
     3    0.01                           _11181_ (net)
                  0.13    0.00   18.28 v _14133_/B (sky130_fd_sc_hd__or2_1)
                  0.08    0.46   18.73 v _14133_/X (sky130_fd_sc_hd__or2_1)
     2    0.00                           _11182_ (net)
                  0.08    0.00   18.73 v _14134_/B (sky130_fd_sc_hd__or2_2)
                  0.14    0.67   19.40 v _14134_/X (sky130_fd_sc_hd__or2_2)
     3    0.01                           _11183_ (net)
                  0.14    0.00   19.40 v _14135_/B (sky130_fd_sc_hd__or2_1)
                  0.08    0.46   19.86 v _14135_/X (sky130_fd_sc_hd__or2_1)
     2    0.00                           _11184_ (net)
                  0.08    0.00   19.86 v _14136_/B (sky130_fd_sc_hd__or2_2)
                  0.14    0.67   20.53 v _14136_/X (sky130_fd_sc_hd__or2_2)
     3    0.01                           _11185_ (net)
                  0.14    0.00   20.53 v _14137_/B (sky130_fd_sc_hd__or2_1)
                  0.08    0.46   20.99 v _14137_/X (sky130_fd_sc_hd__or2_1)
     2    0.00                           _11186_ (net)
                  0.08    0.00   20.99 v _14138_/B (sky130_fd_sc_hd__or2_2)
                  0.14    0.67   21.66 v _14138_/X (sky130_fd_sc_hd__or2_2)
     3    0.01                           _11187_ (net)
                  0.14    0.00   21.66 v _14139_/B (sky130_fd_sc_hd__or2_1)
                  0.08    0.46   22.12 v _14139_/X (sky130_fd_sc_hd__or2_1)
     2    0.00                           _11188_ (net)
                  0.08    0.00   22.12 v _14140_/B (sky130_fd_sc_hd__or2_1)
                  0.13    0.50   22.62 v _14140_/X (sky130_fd_sc_hd__or2_1)
     3    0.01                           _11189_ (net)
                  0.13    0.00   22.62 v _14141_/B (sky130_fd_sc_hd__or2_1)
                  0.08    0.46   23.08 v _14141_/X (sky130_fd_sc_hd__or2_1)
     2    0.00                           _11190_ (net)
                  0.08    0.00   23.08 v _14142_/B (sky130_fd_sc_hd__or2_2)
                  0.14    0.67   23.74 v _14142_/X (sky130_fd_sc_hd__or2_2)
     3    0.01                           _11191_ (net)
                  0.14    0.00   23.74 v _14143_/B (sky130_fd_sc_hd__or2_1)
                  0.08    0.46   24.21 v _14143_/X (sky130_fd_sc_hd__or2_1)
     2    0.00                           _11192_ (net)
                  0.08    0.00   24.21 v _14144_/B (sky130_fd_sc_hd__or2_2)
                  0.14    0.67   24.87 v _14144_/X (sky130_fd_sc_hd__or2_2)
     3    0.01                           _11193_ (net)
                  0.14    0.00   24.87 v _14145_/B (sky130_fd_sc_hd__or2_1)
                  0.08    0.46   25.33 v _14145_/X (sky130_fd_sc_hd__or2_1)
     2    0.00                           _11194_ (net)
                  0.08    0.00   25.33 v _14146_/B (sky130_fd_sc_hd__or2_2)
                  0.14    0.67   26.00 v _14146_/X (sky130_fd_sc_hd__or2_2)
     3    0.01                           _11195_ (net)
                  0.14    0.00   26.00 v _14147_/B (sky130_fd_sc_hd__or2_1)
                  0.08    0.46   26.47 v _14147_/X (sky130_fd_sc_hd__or2_1)
     2    0.00                           _11196_ (net)
                  0.08    0.00   26.47 v _14148_/B (sky130_fd_sc_hd__or2_1)
                  0.15    0.52   26.98 v _14148_/X (sky130_fd_sc_hd__or2_1)
     3    0.01                           _11197_ (net)
                  0.15    0.00   26.98 v _14149_/B (sky130_fd_sc_hd__or2_1)
                  0.08    0.46   27.45 v _14149_/X (sky130_fd_sc_hd__or2_1)
     2    0.00                           _11198_ (net)
                  0.08    0.00   27.45 v _14150_/B (sky130_fd_sc_hd__or2_2)
                  0.14    0.67   28.12 v _14150_/X (sky130_fd_sc_hd__or2_2)
     3    0.01                           _11199_ (net)
                  0.14    0.00   28.12 v _14151_/B (sky130_fd_sc_hd__or2_1)
                  0.08    0.46   28.58 v _14151_/X (sky130_fd_sc_hd__or2_1)
     2    0.00                           _11200_ (net)
                  0.08    0.00   28.58 v _14152_/B (sky130_fd_sc_hd__or2_1)
                  0.13    0.50   29.08 v _14152_/X (sky130_fd_sc_hd__or2_1)
     3    0.01                           _11201_ (net)
                  0.13    0.00   29.08 v _14153_/B (sky130_fd_sc_hd__or2_1)
                  0.08    0.46   29.53 v _14153_/X (sky130_fd_sc_hd__or2_1)
     2    0.00                           _11202_ (net)
                  0.08    0.00   29.53 v _14154_/B (sky130_fd_sc_hd__or2_1)
                  0.15    0.52   30.05 v _14154_/X (sky130_fd_sc_hd__or2_1)
     3    0.01                           _11203_ (net)
                  0.15    0.00   30.05 v _14169_/A2 (sky130_fd_sc_hd__a211oi_2)
                  0.20    0.35   30.40 ^ _14169_/Y (sky130_fd_sc_hd__a211oi_2)
     1    0.00                           _03789_ (net)
                  0.20    0.00   30.40 ^ _27623_/D (sky130_fd_sc_hd__dfxtp_1)
                                 30.40   data arrival time

                  0.00   24.73   24.73   clock clk (rise edge)
                          0.00   24.73   clock network delay (ideal)
                          0.00   24.73   clock reconvergence pessimism
                                 24.73 ^ _27623_/CLK (sky130_fd_sc_hd__dfxtp_1)
                         -0.17   24.56   library setup time
                                 24.56   data required time
-----------------------------------------------------------------------------
                                 24.56   data required time
                                -30.40   data arrival time
-----------------------------------------------------------------------------
                                 -5.85   slack (VIOLATED)


Startpoint: _27565_ (rising edge-triggered flip-flop clocked by clk)
Endpoint: _27622_ (rising edge-triggered flip-flop clocked by clk)
Path Group: clk
Path Type: max

Fanout     Cap    Slew   Delay    Time   Description
-----------------------------------------------------------------------------
                  0.00    0.00    0.00   clock clk (rise edge)
                          0.00    0.00   clock network delay (ideal)
                  0.00    0.00    0.00 ^ _27565_/CLK (sky130_fd_sc_hd__dfxtp_1)
                  0.16    0.66    0.66 ^ _27565_/Q (sky130_fd_sc_hd__dfxtp_1)
     3    0.01                           count_cycle[0] (net)
                  0.16    0.00    0.66 ^ _14096_/A (sky130_fd_sc_hd__inv_2)
                  0.07    0.13    0.79 v _14096_/Y (sky130_fd_sc_hd__inv_2)
     6    0.01                           _02559_ (net)
                  0.07    0.00    0.79 v _14100_/A (sky130_fd_sc_hd__or4_4)
                  0.14    1.01    1.80 v _14100_/X (sky130_fd_sc_hd__or4_4)
     2    0.00                           _11149_ (net)
                  0.14    0.00    1.80 v _14101_/B (sky130_fd_sc_hd__or2_1)
                  0.11    0.49    2.29 v _14101_/X (sky130_fd_sc_hd__or2_1)
     3    0.00                           _11150_ (net)
                  0.11    0.00    2.29 v _14102_/B (sky130_fd_sc_hd__or2_1)
                  0.13    0.51    2.80 v _14102_/X (sky130_fd_sc_hd__or2_1)
     3    0.01                           _11151_ (net)
                  0.13    0.00    2.80 v _14103_/B (sky130_fd_sc_hd__or2_1)
                  0.08    0.46    3.26 v _14103_/X (sky130_fd_sc_hd__or2_1)
     2    0.00                           _11152_ (net)
                  0.08    0.00    3.26 v _14104_/B (sky130_fd_sc_hd__or2_1)
                  0.15    0.52    3.78 v _14104_/X (sky130_fd_sc_hd__or2_1)
     3    0.01                           _11153_ (net)
                  0.15    0.00    3.78 v _14105_/B (sky130_fd_sc_hd__or2_1)
                  0.08    0.46    4.24 v _14105_/X (sky130_fd_sc_hd__or2_1)
     2    0.00                           _11154_ (net)
                  0.08    0.00    4.24 v _14106_/B (sky130_fd_sc_hd__or2_1)
                  0.13    0.50    4.74 v _14106_/X (sky130_fd_sc_hd__or2_1)
     3    0.01                           _11155_ (net)
                  0.13    0.00    4.74 v _14107_/B (sky130_fd_sc_hd__or2_1)
                  0.08    0.46    5.20 v _14107_/X (sky130_fd_sc_hd__or2_1)
     2    0.00                           _11156_ (net)
                  0.08    0.00    5.20 v _14108_/B (sky130_fd_sc_hd__or2_2)
                  0.14    0.67    5.87 v _14108_/X (sky130_fd_sc_hd__or2_2)
     3    0.01                           _11157_ (net)
                  0.14    0.00    5.87 v _14109_/B (sky130_fd_sc_hd__or2_1)
                  0.08    0.46    6.33 v _14109_/X (sky130_fd_sc_hd__or2_1)
     2    0.00                           _11158_ (net)
                  0.08    0.00    6.33 v _14110_/B (sky130_fd_sc_hd__or2_1)
                  0.13    0.50    6.83 v _14110_/X (sky130_fd_sc_hd__or2_1)
     3    0.01                           _11159_ (net)
                  0.13    0.00    6.83 v _14111_/B (sky130_fd_sc_hd__or2_1)
                  0.08    0.46    7.29 v _14111_/X (sky130_fd_sc_hd__or2_1)
     2    0.00                           _11160_ (net)
                  0.08    0.00    7.29 v _14112_/B (sky130_fd_sc_hd__or2_1)
                  0.13    0.50    7.79 v _14112_/X (sky130_fd_sc_hd__or2_1)
     3    0.01                           _11161_ (net)
                  0.13    0.00    7.79 v _14113_/B (sky130_fd_sc_hd__or2_1)
                  0.08    0.46    8.24 v _14113_/X (sky130_fd_sc_hd__or2_1)
     2    0.00                           _11162_ (net)
                  0.08    0.00    8.24 v _14114_/B (sky130_fd_sc_hd__or2_2)
                  0.14    0.67    8.91 v _14114_/X (sky130_fd_sc_hd__or2_2)
     3    0.01                           _11163_ (net)
                  0.14    0.00    8.91 v _14115_/B (sky130_fd_sc_hd__or2_1)
                  0.08    0.46    9.37 v _14115_/X (sky130_fd_sc_hd__or2_1)
     2    0.00                           _11164_ (net)
                  0.08    0.00    9.37 v _14116_/B (sky130_fd_sc_hd__or2_2)
                  0.14    0.67   10.04 v _14116_/X (sky130_fd_sc_hd__or2_2)
     3    0.01                           _11165_ (net)
                  0.14    0.00   10.04 v _14117_/B (sky130_fd_sc_hd__or2_1)
                  0.08    0.46   10.50 v _14117_/X (sky130_fd_sc_hd__or2_1)
     2    0.00                           _11166_ (net)
                  0.08    0.00   10.50 v _14118_/B (sky130_fd_sc_hd__or2_1)
                  0.15    0.52   11.02 v _14118_/X (sky130_fd_sc_hd__or2_1)
     3    0.01                           _11167_ (net)
                  0.15    0.00   11.02 v _14119_/B (sky130_fd_sc_hd__or2_1)
                  0.08    0.46   11.48 v _14119_/X (sky130_fd_sc_hd__or2_1)
     2    0.00                           _11168_ (net)
                  0.08    0.00   11.48 v _14120_/B (sky130_fd_sc_hd__or2_1)
                  0.15    0.52   12.00 v _14120_/X (sky130_fd_sc_hd__or2_1)
     3    0.01                           _11169_ (net)
                  0.15    0.00   12.00 v _14121_/B (sky130_fd_sc_hd__or2_1)
                  0.08    0.46   12.47 v _14121_/X (sky130_fd_sc_hd__or2_1)
     2    0.00                           _11170_ (net)
                  0.08    0.00   12.47 v _14122_/B (sky130_fd_sc_hd__or2_2)
                  0.14    0.67   13.13 v _14122_/X (sky130_fd_sc_hd__or2_2)
     3    0.01                           _11171_ (net)
                  0.14    0.00   13.13 v _14123_/B (sky130_fd_sc_hd__or2_1)
                  0.08    0.46   13.60 v _14123_/X (sky130_fd_sc_hd__or2_1)
     2    0.00                           _11172_ (net)
                  0.08    0.00   13.60 v _14124_/B (sky130_fd_sc_hd__or2_1)
                  0.13    0.50   14.10 v _14124_/X (sky130_fd_sc_hd__or2_1)
     3    0.01                           _11173_ (net)
                  0.13    0.00   14.10 v _14125_/B (sky130_fd_sc_hd__or2_1)
                  0.08    0.46   14.55 v _14125_/X (sky130_fd_sc_hd__or2_1)
     2    0.00                           _11174_ (net)
                  0.08    0.00   14.55 v _14126_/B (sky130_fd_sc_hd__or2_2)
                  0.13    0.65   15.21 v _14126_/X (sky130_fd_sc_hd__or2_2)
     3    0.01                           _11175_ (net)
                  0.13    0.00   15.21 v _14127_/B (sky130_fd_sc_hd__or2_1)
                  0.08    0.46   15.66 v _14127_/X (sky130_fd_sc_hd__or2_1)
     2    0.00                           _11176_ (net)
                  0.08    0.00   15.66 v _14128_/B (sky130_fd_sc_hd__or2_1)
                  0.15    0.52   16.18 v _14128_/X (sky130_fd_sc_hd__or2_1)
     3    0.01                           _11177_ (net)
                  0.15    0.00   16.18 v _14129_/B (sky130_fd_sc_hd__or2_1)
                  0.08    0.46   16.65 v _14129_/X (sky130_fd_sc_hd__or2_1)
     2    0.00                           _11178_ (net)
                  0.08    0.00   16.65 v _14130_/B (sky130_fd_sc_hd__or2_2)
                  0.14    0.67   17.31 v _14130_/X (sky130_fd_sc_hd__or2_2)
     3    0.01                           _11179_ (net)
                  0.14    0.00   17.31 v _14131_/B (sky130_fd_sc_hd__or2_1)
                  0.08    0.46   17.78 v _14131_/X (sky130_fd_sc_hd__or2_1)
     2    0.00                           _11180_ (net)
                  0.08    0.00   17.78 v _14132_/B (sky130_fd_sc_hd__or2_1)
                  0.13    0.50   18.28 v _14132_/X (sky130_fd_sc_hd__or2_1)
     3    0.01                           _11181_ (net)
                  0.13    0.00   18.28 v _14133_/B (sky130_fd_sc_hd__or2_1)
                  0.08    0.46   18.73 v _14133_/X (sky130_fd_sc_hd__or2_1)
     2    0.00                           _11182_ (net)
                  0.08    0.00   18.73 v _14134_/B (sky130_fd_sc_hd__or2_2)
                  0.14    0.67   19.40 v _14134_/X (sky130_fd_sc_hd__or2_2)
     3    0.01                           _11183_ (net)
                  0.14    0.00   19.40 v _14135_/B (sky130_fd_sc_hd__or2_1)
                  0.08    0.46   19.86 v _14135_/X (sky130_fd_sc_hd__or2_1)
     2    0.00                           _11184_ (net)
                  0.08    0.00   19.86 v _14136_/B (sky130_fd_sc_hd__or2_2)
                  0.14    0.67   20.53 v _14136_/X (sky130_fd_sc_hd__or2_2)
     3    0.01                           _11185_ (net)
                  0.14    0.00   20.53 v _14137_/B (sky130_fd_sc_hd__or2_1)
                  0.08    0.46   20.99 v _14137_/X (sky130_fd_sc_hd__or2_1)
     2    0.00                           _11186_ (net)
                  0.08    0.00   20.99 v _14138_/B (sky130_fd_sc_hd__or2_2)
                  0.14    0.67   21.66 v _14138_/X (sky130_fd_sc_hd__or2_2)
     3    0.01                           _11187_ (net)
                  0.14    0.00   21.66 v _14139_/B (sky130_fd_sc_hd__or2_1)
                  0.08    0.46   22.12 v _14139_/X (sky130_fd_sc_hd__or2_1)
     2    0.00                           _11188_ (net)
                  0.08    0.00   22.12 v _14140_/B (sky130_fd_sc_hd__or2_1)
                  0.13    0.50   22.62 v _14140_/X (sky130_fd_sc_hd__or2_1)
     3    0.01                           _11189_ (net)
                  0.13    0.00   22.62 v _14141_/B (sky130_fd_sc_hd__or2_1)
                  0.08    0.46   23.08 v _14141_/X (sky130_fd_sc_hd__or2_1)
     2    0.00                           _11190_ (net)
                  0.08    0.00   23.08 v _14142_/B (sky130_fd_sc_hd__or2_2)
                  0.14    0.67   23.74 v _14142_/X (sky130_fd_sc_hd__or2_2)
     3    0.01                           _11191_ (net)
                  0.14    0.00   23.74 v _14143_/B (sky130_fd_sc_hd__or2_1)
                  0.08    0.46   24.21 v _14143_/X (sky130_fd_sc_hd__or2_1)
     2    0.00                           _11192_ (net)
                  0.08    0.00   24.21 v _14144_/B (sky130_fd_sc_hd__or2_2)
                  0.14    0.67   24.87 v _14144_/X (sky130_fd_sc_hd__or2_2)
     3    0.01                           _11193_ (net)
                  0.14    0.00   24.87 v _14145_/B (sky130_fd_sc_hd__or2_1)
                  0.08    0.46   25.33 v _14145_/X (sky130_fd_sc_hd__or2_1)
     2    0.00                           _11194_ (net)
                  0.08    0.00   25.33 v _14146_/B (sky130_fd_sc_hd__or2_2)
                  0.14    0.67   26.00 v _14146_/X (sky130_fd_sc_hd__or2_2)
     3    0.01                           _11195_ (net)
                  0.14    0.00   26.00 v _14147_/B (sky130_fd_sc_hd__or2_1)
                  0.08    0.46   26.47 v _14147_/X (sky130_fd_sc_hd__or2_1)
     2    0.00                           _11196_ (net)
                  0.08    0.00   26.47 v _14148_/B (sky130_fd_sc_hd__or2_1)
                  0.15    0.52   26.98 v _14148_/X (sky130_fd_sc_hd__or2_1)
     3    0.01                           _11197_ (net)
                  0.15    0.00   26.98 v _14149_/B (sky130_fd_sc_hd__or2_1)
                  0.08    0.46   27.45 v _14149_/X (sky130_fd_sc_hd__or2_1)
     2    0.00                           _11198_ (net)
                  0.08    0.00   27.45 v _14150_/B (sky130_fd_sc_hd__or2_2)
                  0.14    0.67   28.12 v _14150_/X (sky130_fd_sc_hd__or2_2)
     3    0.01                           _11199_ (net)
                  0.14    0.00   28.12 v _14151_/B (sky130_fd_sc_hd__or2_1)
                  0.08    0.46   28.58 v _14151_/X (sky130_fd_sc_hd__or2_1)
     2    0.00                           _11200_ (net)
                  0.08    0.00   28.58 v _14152_/B (sky130_fd_sc_hd__or2_1)
                  0.13    0.50   29.08 v _14152_/X (sky130_fd_sc_hd__or2_1)
     3    0.01                           _11201_ (net)
                  0.13    0.00   29.08 v _14153_/B (sky130_fd_sc_hd__or2_1)
                  0.08    0.46   29.53 v _14153_/X (sky130_fd_sc_hd__or2_1)
     2    0.00                           _11202_ (net)
                  0.08    0.00   29.53 v _14154_/B (sky130_fd_sc_hd__or2_1)
                  0.15    0.52   30.05 v _14154_/X (sky130_fd_sc_hd__or2_1)
     3    0.01                           _11203_ (net)
                  0.15    0.00   30.05 v _14171_/C1 (sky130_fd_sc_hd__o211a_1)
                  0.06    0.22   30.27 v _14171_/X (sky130_fd_sc_hd__o211a_1)
     1    0.00                           _03788_ (net)
                  0.06    0.00   30.27 v _27622_/D (sky130_fd_sc_hd__dfxtp_1)
                                 30.27   data arrival time

                  0.00   24.73   24.73   clock clk (rise edge)
                          0.00   24.73   clock network delay (ideal)
                          0.00   24.73   clock reconvergence pessimism
                                 24.73 ^ _27622_/CLK (sky130_fd_sc_hd__dfxtp_1)
                         -0.28   24.45   library setup time
                                 24.45   data required time
-----------------------------------------------------------------------------
                                 24.45   data required time
                                -30.27   data arrival time
-----------------------------------------------------------------------------
                                 -5.83   slack (VIOLATED)


Startpoint: _27871_ (rising edge-triggered flip-flop clocked by clk)
Endpoint: _27747_ (rising edge-triggered flip-flop clocked by clk)
Path Group: clk
Path Type: max

Fanout     Cap    Slew   Delay    Time   Description
-----------------------------------------------------------------------------
                  0.00    0.00    0.00   clock clk (rise edge)
                          0.00    0.00   clock network delay (ideal)
                  0.00    0.00    0.00 ^ _27871_/CLK (sky130_fd_sc_hd__dfxtp_2)
                  0.20    0.72    0.72 ^ _27871_/Q (sky130_fd_sc_hd__dfxtp_2)
     6    0.02                           irq_mask[12] (net)
                  0.20    0.00    0.72 ^ _13137_/A1 (sky130_fd_sc_hd__o22ai_1)
                  0.10    0.21    0.93 v _13137_/Y (sky130_fd_sc_hd__o22ai_1)
     1    0.00                           _10539_ (net)
                  0.10    0.00    0.93 v _13138_/C1 (sky130_fd_sc_hd__a221o_1)
                  0.09    0.49    1.42 v _13138_/X (sky130_fd_sc_hd__a221o_1)
     1    0.00                           _10540_ (net)
                  0.09    0.00    1.42 v _13157_/A (sky130_fd_sc_hd__or4_4)
                  0.14    1.03    2.45 v _13157_/X (sky130_fd_sc_hd__or4_4)
     1    0.00                           _10559_ (net)
                  0.14    0.00    2.45 v _13160_/A2 (sky130_fd_sc_hd__o2111a_1)
                  0.08    0.44    2.89 v _13160_/X (sky130_fd_sc_hd__o2111a_1)
     2    0.00                           _10562_ (net)
                  0.08    0.00    2.89 v _13161_/C (sky130_fd_sc_hd__or3_1)
                  0.15    0.73    3.62 v _13161_/X (sky130_fd_sc_hd__or3_1)
     2    0.00                           _10563_ (net)
                  0.15    0.00    3.62 v _13164_/A (sky130_fd_sc_hd__or2_1)
                  0.11    0.53    4.15 v _13164_/X (sky130_fd_sc_hd__or2_1)
     2    0.00                           _10565_ (net)
                  0.11    0.00    4.15 v _13165_/C (sky130_fd_sc_hd__or3_4)
                  0.12    0.66    4.81 v _13165_/X (sky130_fd_sc_hd__or3_4)
     4    0.00                           _10566_ (net)
                  0.12    0.00    4.81 v _13690_/B (sky130_fd_sc_hd__or2_2)
                  0.15    0.69    5.50 v _13690_/X (sky130_fd_sc_hd__or2_2)
     5    0.01                           _10910_ (net)
                  0.15    0.00    5.50 v _13691_/C (sky130_fd_sc_hd__or3_2)
                  0.15    0.95    6.45 v _13691_/X (sky130_fd_sc_hd__or3_2)
     2    0.00                           _10911_ (net)
                  0.15    0.00    6.45 v _13692_/B (sky130_fd_sc_hd__or2_2)
                  0.13    0.68    7.13 v _13692_/X (sky130_fd_sc_hd__or2_2)
     3    0.01                           _10912_ (net)
                  0.13    0.00    7.13 v _13693_/B (sky130_fd_sc_hd__or2_1)
                  0.08    0.46    7.59 v _13693_/X (sky130_fd_sc_hd__or2_1)
     2    0.00                           _10913_ (net)
                  0.08    0.00    7.59 v _13694_/B (sky130_fd_sc_hd__or2_2)
                  0.14    0.67    8.26 v _13694_/X (sky130_fd_sc_hd__or2_2)
     3    0.01                           _10914_ (net)
                  0.14    0.00    8.26 v _13695_/B (sky130_fd_sc_hd__or2_1)
                  0.08    0.46    8.72 v _13695_/X (sky130_fd_sc_hd__or2_1)
     2    0.00                           _10915_ (net)
                  0.08    0.00    8.72 v _13696_/B (sky130_fd_sc_hd__or2_1)
                  0.15    0.52    9.24 v _13696_/X (sky130_fd_sc_hd__or2_1)
     3    0.01                           _10916_ (net)
                  0.15    0.00    9.24 v _13697_/B (sky130_fd_sc_hd__or2_1)
                  0.08    0.46    9.70 v _13697_/X (sky130_fd_sc_hd__or2_1)
     2    0.00                           _10917_ (net)
                  0.08    0.00    9.70 v _13698_/B (sky130_fd_sc_hd__or2_1)
                  0.13    0.50   10.20 v _13698_/X (sky130_fd_sc_hd__or2_1)
     3    0.01                           _10918_ (net)
                  0.13    0.00   10.20 v _13699_/B (sky130_fd_sc_hd__or2_1)
                  0.08    0.46   10.66 v _13699_/X (sky130_fd_sc_hd__or2_1)
     2    0.00                           _10919_ (net)
                  0.08    0.00   10.66 v _13700_/B (sky130_fd_sc_hd__or2_2)
                  0.14    0.67   11.32 v _13700_/X (sky130_fd_sc_hd__or2_2)
     3    0.01                           _10920_ (net)
                  0.14    0.00   11.32 v _13701_/B (sky130_fd_sc_hd__or2_1)
                  0.08    0.46   11.79 v _13701_/X (sky130_fd_sc_hd__or2_1)
     2    0.00                           _10921_ (net)
                  0.08    0.00   11.79 v _13702_/B (sky130_fd_sc_hd__or2_2)
                  0.14    0.67   12.45 v _13702_/X (sky130_fd_sc_hd__or2_2)
     3    0.01                           _10922_ (net)
                  0.14    0.00   12.45 v _13703_/B (sky130_fd_sc_hd__or2_1)
                  0.08    0.46   12.92 v _13703_/X (sky130_fd_sc_hd__or2_1)
     2    0.00                           _10923_ (net)
                  0.08    0.00   12.92 v _13704_/B (sky130_fd_sc_hd__or2_1)
                  0.15    0.52   13.44 v _13704_/X (sky130_fd_sc_hd__or2_1)
     3    0.01                           _10924_ (net)
                  0.15    0.00   13.44 v _13705_/B (sky130_fd_sc_hd__or2_1)
                  0.08    0.46   13.90 v _13705_/X (sky130_fd_sc_hd__or2_1)
     2    0.00                           _10925_ (net)
                  0.08    0.00   13.90 v _13706_/B (sky130_fd_sc_hd__or2_2)
                  0.14    0.67   14.57 v _13706_/X (sky130_fd_sc_hd__or2_2)
     3    0.01                           _10926_ (net)
                  0.14    0.00   14.57 v _13707_/B (sky130_fd_sc_hd__or2_1)
                  0.08    0.46   15.03 v _13707_/X (sky130_fd_sc_hd__or2_1)
     2    0.00                           _10927_ (net)
                  0.08    0.00   15.03 v _13708_/B (sky130_fd_sc_hd__or2_2)
                  0.14    0.67   15.70 v _13708_/X (sky130_fd_sc_hd__or2_2)
     3    0.01                           _10928_ (net)
                  0.14    0.00   15.70 v _13709_/B (sky130_fd_sc_hd__or2_1)
                  0.08    0.46   16.16 v _13709_/X (sky130_fd_sc_hd__or2_1)
     2    0.00                           _10929_ (net)
                  0.08    0.00   16.16 v _13710_/B (sky130_fd_sc_hd__or2_2)
                  0.14    0.67   16.82 v _13710_/X (sky130_fd_sc_hd__or2_2)
     3    0.01                           _10930_ (net)
                  0.14    0.00   16.82 v _13711_/B (sky130_fd_sc_hd__or2_1)
                  0.08    0.46   17.29 v _13711_/X (sky130_fd_sc_hd__or2_1)
     2    0.00                           _10931_ (net)
                  0.08    0.00   17.29 v _13712_/B (sky130_fd_sc_hd__or2_2)
                  0.14    0.67   17.95 v _13712_/X (sky130_fd_sc_hd__or2_2)
     3    0.01                           _10932_ (net)
                  0.14    0.00   17.95 v _13713_/B (sky130_fd_sc_hd__or2_1)
                  0.08    0.46   18.42 v _13713_/X (sky130_fd_sc_hd__or2_1)
     2    0.00                           _10933_ (net)
                  0.08    0.00   18.42 v _13714_/B (sky130_fd_sc_hd__or2_2)
                  0.14    0.67   19.08 v _13714_/X (sky130_fd_sc_hd__or2_2)
     3    0.01                           _10934_ (net)
                  0.14    0.00   19.08 v _13715_/B (sky130_fd_sc_hd__or2_1)
                  0.08    0.46   19.55 v _13715_/X (sky130_fd_sc_hd__or2_1)
     2    0.00                           _10935_ (net)
                  0.08    0.00   19.55 v _13716_/B (sky130_fd_sc_hd__or2_1)
                  0.13    0.50   20.05 v _13716_/X (sky130_fd_sc_hd__or2_1)
     3    0.01                           _10936_ (net)
                  0.13    0.00   20.05 v _13717_/B (sky130_fd_sc_hd__or2_1)
                  0.08    0.46   20.50 v _13717_/X (sky130_fd_sc_hd__or2_1)
     2    0.00                           _10937_ (net)
                  0.08    0.00   20.50 v _13718_/B (sky130_fd_sc_hd__or2_2)
                  0.14    0.67   21.17 v _13718_/X (sky130_fd_sc_hd__or2_2)
     3    0.01                           _10938_ (net)
                  0.14    0.00   21.17 v _13719_/B (sky130_fd_sc_hd__or2_1)
                  0.08    0.46   21.63 v _13719_/X (sky130_fd_sc_hd__or2_1)
     2    0.00                           _10939_ (net)
                  0.08    0.00   21.63 v _13720_/B (sky130_fd_sc_hd__or2_1)
                  0.15    0.52   22.15 v _13720_/X (sky130_fd_sc_hd__or2_1)
     3    0.01                           _10940_ (net)
                  0.15    0.00   22.15 v _13721_/B (sky130_fd_sc_hd__or2_1)
                  0.08    0.46   22.61 v _13721_/X (sky130_fd_sc_hd__or2_1)
     2    0.00                           _10941_ (net)
                  0.08    0.00   22.61 v _13722_/B (sky130_fd_sc_hd__or2_1)
                  0.13    0.50   23.11 v _13722_/X (sky130_fd_sc_hd__or2_1)
     3    0.01                           _10942_ (net)
                  0.13    0.00   23.11 v _13723_/B (sky130_fd_sc_hd__or2_1)
                  0.08    0.46   23.57 v _13723_/X (sky130_fd_sc_hd__or2_1)
     2    0.00                           _10943_ (net)
                  0.08    0.00   23.57 v _13724_/B (sky130_fd_sc_hd__or2_1)
                  0.13    0.50   24.07 v _13724_/X (sky130_fd_sc_hd__or2_1)
     3    0.01                           _10944_ (net)
                  0.13    0.00   24.07 v _13725_/B (sky130_fd_sc_hd__or2_1)
                  0.08    0.46   24.53 v _13725_/X (sky130_fd_sc_hd__or2_1)
     2    0.00                           _10945_ (net)
                  0.08    0.00   24.53 v _13726_/B (sky130_fd_sc_hd__or2_1)
                  0.13    0.50   25.03 v _13726_/X (sky130_fd_sc_hd__or2_1)
     3    0.01                           _10946_ (net)
                  0.13    0.00   25.03 v _13727_/B (sky130_fd_sc_hd__or2_1)
                  0.08    0.46   25.48 v _13727_/X (sky130_fd_sc_hd__or2_1)
     2    0.00                           _10947_ (net)
                  0.08    0.00   25.48 v _13728_/B (sky130_fd_sc_hd__or2_2)
                  0.14    0.67   26.15 v _13728_/X (sky130_fd_sc_hd__or2_2)
     3    0.01                           _10948_ (net)
                  0.14    0.00   26.15 v _13729_/B (sky130_fd_sc_hd__or2_1)
                  0.08    0.46   26.61 v _13729_/X (sky130_fd_sc_hd__or2_1)
     2    0.00                           _10949_ (net)
                  0.08    0.00   26.61 v _13730_/B (sky130_fd_sc_hd__or2_1)
                  0.13    0.50   27.11 v _13730_/X (sky130_fd_sc_hd__or2_1)
     3    0.01                           _10950_ (net)
                  0.13    0.00   27.11 v _13731_/B (sky130_fd_sc_hd__or2_1)
                  0.08    0.46   27.57 v _13731_/X (sky130_fd_sc_hd__or2_1)
     2    0.00                           _10951_ (net)
                  0.08    0.00   27.57 v _13732_/B (sky130_fd_sc_hd__or2_1)
                  0.13    0.50   28.07 v _13732_/X (sky130_fd_sc_hd__or2_1)
     3    0.01                           _10952_ (net)
                  0.13    0.00   28.07 v _13733_/B (sky130_fd_sc_hd__or2_1)
                  0.08    0.46   28.53 v _13733_/X (sky130_fd_sc_hd__or2_1)
     2    0.00                           _10953_ (net)
                  0.08    0.00   28.53 v _13734_/B (sky130_fd_sc_hd__or2_1)
                  0.13    0.50   29.03 v _13734_/X (sky130_fd_sc_hd__or2_1)
     3    0.01                           _10954_ (net)
                  0.13    0.00   29.03 v _13735_/B (sky130_fd_sc_hd__or2_1)
                  0.08    0.46   29.48 v _13735_/X (sky130_fd_sc_hd__or2_1)
     2    0.00                           _10955_ (net)
                  0.08    0.00   29.48 v _13736_/B (sky130_fd_sc_hd__or2_1)
                  0.13    0.50   29.98 v _13736_/X (sky130_fd_sc_hd__or2_1)
     3    0.01                           _10956_ (net)
                  0.13    0.00   29.98 v _13779_/A2 (sky130_fd_sc_hd__a211oi_1)
                  0.25    0.36   30.35 ^ _13779_/Y (sky130_fd_sc_hd__a211oi_1)
     1    0.00                           _03913_ (net)
                  0.25    0.00   30.35 ^ _27747_/D (sky130_fd_sc_hd__dfxtp_1)
                                 30.35   data arrival time

                  0.00   24.73   24.73   clock clk (rise edge)
                          0.00   24.73   clock network delay (ideal)
                          0.00   24.73   clock reconvergence pessimism
                                 24.73 ^ _27747_/CLK (sky130_fd_sc_hd__dfxtp_1)
                         -0.19   24.54   library setup time
                                 24.54   data required time
-----------------------------------------------------------------------------
                                 24.54   data required time
                                -30.35   data arrival time
-----------------------------------------------------------------------------
                                 -5.80   slack (VIOLATED)


Startpoint: _27871_ (rising edge-triggered flip-flop clocked by clk)
Endpoint: _27746_ (rising edge-triggered flip-flop clocked by clk)
Path Group: clk
Path Type: max

Fanout     Cap    Slew   Delay    Time   Description
-----------------------------------------------------------------------------
                  0.00    0.00    0.00   clock clk (rise edge)
                          0.00    0.00   clock network delay (ideal)
                  0.00    0.00    0.00 ^ _27871_/CLK (sky130_fd_sc_hd__dfxtp_2)
                  0.20    0.72    0.72 ^ _27871_/Q (sky130_fd_sc_hd__dfxtp_2)
     6    0.02                           irq_mask[12] (net)
                  0.20    0.00    0.72 ^ _13137_/A1 (sky130_fd_sc_hd__o22ai_1)
                  0.10    0.21    0.93 v _13137_/Y (sky130_fd_sc_hd__o22ai_1)
     1    0.00                           _10539_ (net)
                  0.10    0.00    0.93 v _13138_/C1 (sky130_fd_sc_hd__a221o_1)
                  0.09    0.49    1.42 v _13138_/X (sky130_fd_sc_hd__a221o_1)
     1    0.00                           _10540_ (net)
                  0.09    0.00    1.42 v _13157_/A (sky130_fd_sc_hd__or4_4)
                  0.14    1.03    2.45 v _13157_/X (sky130_fd_sc_hd__or4_4)
     1    0.00                           _10559_ (net)
                  0.14    0.00    2.45 v _13160_/A2 (sky130_fd_sc_hd__o2111a_1)
                  0.08    0.44    2.89 v _13160_/X (sky130_fd_sc_hd__o2111a_1)
     2    0.00                           _10562_ (net)
                  0.08    0.00    2.89 v _13161_/C (sky130_fd_sc_hd__or3_1)
                  0.15    0.73    3.62 v _13161_/X (sky130_fd_sc_hd__or3_1)
     2    0.00                           _10563_ (net)
                  0.15    0.00    3.62 v _13164_/A (sky130_fd_sc_hd__or2_1)
                  0.11    0.53    4.15 v _13164_/X (sky130_fd_sc_hd__or2_1)
     2    0.00                           _10565_ (net)
                  0.11    0.00    4.15 v _13165_/C (sky130_fd_sc_hd__or3_4)
                  0.12    0.66    4.81 v _13165_/X (sky130_fd_sc_hd__or3_4)
     4    0.00                           _10566_ (net)
                  0.12    0.00    4.81 v _13690_/B (sky130_fd_sc_hd__or2_2)
                  0.15    0.69    5.50 v _13690_/X (sky130_fd_sc_hd__or2_2)
     5    0.01                           _10910_ (net)
                  0.15    0.00    5.50 v _13691_/C (sky130_fd_sc_hd__or3_2)
                  0.15    0.95    6.45 v _13691_/X (sky130_fd_sc_hd__or3_2)
     2    0.00                           _10911_ (net)
                  0.15    0.00    6.45 v _13692_/B (sky130_fd_sc_hd__or2_2)
                  0.13    0.68    7.13 v _13692_/X (sky130_fd_sc_hd__or2_2)
     3    0.01                           _10912_ (net)
                  0.13    0.00    7.13 v _13693_/B (sky130_fd_sc_hd__or2_1)
                  0.08    0.46    7.59 v _13693_/X (sky130_fd_sc_hd__or2_1)
     2    0.00                           _10913_ (net)
                  0.08    0.00    7.59 v _13694_/B (sky130_fd_sc_hd__or2_2)
                  0.14    0.67    8.26 v _13694_/X (sky130_fd_sc_hd__or2_2)
     3    0.01                           _10914_ (net)
                  0.14    0.00    8.26 v _13695_/B (sky130_fd_sc_hd__or2_1)
                  0.08    0.46    8.72 v _13695_/X (sky130_fd_sc_hd__or2_1)
     2    0.00                           _10915_ (net)
                  0.08    0.00    8.72 v _13696_/B (sky130_fd_sc_hd__or2_1)
                  0.15    0.52    9.24 v _13696_/X (sky130_fd_sc_hd__or2_1)
     3    0.01                           _10916_ (net)
                  0.15    0.00    9.24 v _13697_/B (sky130_fd_sc_hd__or2_1)
                  0.08    0.46    9.70 v _13697_/X (sky130_fd_sc_hd__or2_1)
     2    0.00                           _10917_ (net)
                  0.08    0.00    9.70 v _13698_/B (sky130_fd_sc_hd__or2_1)
                  0.13    0.50   10.20 v _13698_/X (sky130_fd_sc_hd__or2_1)
     3    0.01                           _10918_ (net)
                  0.13    0.00   10.20 v _13699_/B (sky130_fd_sc_hd__or2_1)
                  0.08    0.46   10.66 v _13699_/X (sky130_fd_sc_hd__or2_1)
     2    0.00                           _10919_ (net)
                  0.08    0.00   10.66 v _13700_/B (sky130_fd_sc_hd__or2_2)
                  0.14    0.67   11.32 v _13700_/X (sky130_fd_sc_hd__or2_2)
     3    0.01                           _10920_ (net)
                  0.14    0.00   11.32 v _13701_/B (sky130_fd_sc_hd__or2_1)
                  0.08    0.46   11.79 v _13701_/X (sky130_fd_sc_hd__or2_1)
     2    0.00                           _10921_ (net)
                  0.08    0.00   11.79 v _13702_/B (sky130_fd_sc_hd__or2_2)
                  0.14    0.67   12.45 v _13702_/X (sky130_fd_sc_hd__or2_2)
     3    0.01                           _10922_ (net)
                  0.14    0.00   12.45 v _13703_/B (sky130_fd_sc_hd__or2_1)
                  0.08    0.46   12.92 v _13703_/X (sky130_fd_sc_hd__or2_1)
     2    0.00                           _10923_ (net)
                  0.08    0.00   12.92 v _13704_/B (sky130_fd_sc_hd__or2_1)
                  0.15    0.52   13.44 v _13704_/X (sky130_fd_sc_hd__or2_1)
     3    0.01                           _10924_ (net)
                  0.15    0.00   13.44 v _13705_/B (sky130_fd_sc_hd__or2_1)
                  0.08    0.46   13.90 v _13705_/X (sky130_fd_sc_hd__or2_1)
     2    0.00                           _10925_ (net)
                  0.08    0.00   13.90 v _13706_/B (sky130_fd_sc_hd__or2_2)
                  0.14    0.67   14.57 v _13706_/X (sky130_fd_sc_hd__or2_2)
     3    0.01                           _10926_ (net)
                  0.14    0.00   14.57 v _13707_/B (sky130_fd_sc_hd__or2_1)
                  0.08    0.46   15.03 v _13707_/X (sky130_fd_sc_hd__or2_1)
     2    0.00                           _10927_ (net)
                  0.08    0.00   15.03 v _13708_/B (sky130_fd_sc_hd__or2_2)
                  0.14    0.67   15.70 v _13708_/X (sky130_fd_sc_hd__or2_2)
     3    0.01                           _10928_ (net)
                  0.14    0.00   15.70 v _13709_/B (sky130_fd_sc_hd__or2_1)
                  0.08    0.46   16.16 v _13709_/X (sky130_fd_sc_hd__or2_1)
     2    0.00                           _10929_ (net)
                  0.08    0.00   16.16 v _13710_/B (sky130_fd_sc_hd__or2_2)
                  0.14    0.67   16.82 v _13710_/X (sky130_fd_sc_hd__or2_2)
     3    0.01                           _10930_ (net)
                  0.14    0.00   16.82 v _13711_/B (sky130_fd_sc_hd__or2_1)
                  0.08    0.46   17.29 v _13711_/X (sky130_fd_sc_hd__or2_1)
     2    0.00                           _10931_ (net)
                  0.08    0.00   17.29 v _13712_/B (sky130_fd_sc_hd__or2_2)
                  0.14    0.67   17.95 v _13712_/X (sky130_fd_sc_hd__or2_2)
     3    0.01                           _10932_ (net)
                  0.14    0.00   17.95 v _13713_/B (sky130_fd_sc_hd__or2_1)
                  0.08    0.46   18.42 v _13713_/X (sky130_fd_sc_hd__or2_1)
     2    0.00                           _10933_ (net)
                  0.08    0.00   18.42 v _13714_/B (sky130_fd_sc_hd__or2_2)
                  0.14    0.67   19.08 v _13714_/X (sky130_fd_sc_hd__or2_2)
     3    0.01                           _10934_ (net)
                  0.14    0.00   19.08 v _13715_/B (sky130_fd_sc_hd__or2_1)
                  0.08    0.46   19.55 v _13715_/X (sky130_fd_sc_hd__or2_1)
     2    0.00                           _10935_ (net)
                  0.08    0.00   19.55 v _13716_/B (sky130_fd_sc_hd__or2_1)
                  0.13    0.50   20.05 v _13716_/X (sky130_fd_sc_hd__or2_1)
     3    0.01                           _10936_ (net)
                  0.13    0.00   20.05 v _13717_/B (sky130_fd_sc_hd__or2_1)
                  0.08    0.46   20.50 v _13717_/X (sky130_fd_sc_hd__or2_1)
     2    0.00                           _10937_ (net)
                  0.08    0.00   20.50 v _13718_/B (sky130_fd_sc_hd__or2_2)
                  0.14    0.67   21.17 v _13718_/X (sky130_fd_sc_hd__or2_2)
     3    0.01                           _10938_ (net)
                  0.14    0.00   21.17 v _13719_/B (sky130_fd_sc_hd__or2_1)
                  0.08    0.46   21.63 v _13719_/X (sky130_fd_sc_hd__or2_1)
     2    0.00                           _10939_ (net)
                  0.08    0.00   21.63 v _13720_/B (sky130_fd_sc_hd__or2_1)
                  0.15    0.52   22.15 v _13720_/X (sky130_fd_sc_hd__or2_1)
     3    0.01                           _10940_ (net)
                  0.15    0.00   22.15 v _13721_/B (sky130_fd_sc_hd__or2_1)
                  0.08    0.46   22.61 v _13721_/X (sky130_fd_sc_hd__or2_1)
     2    0.00                           _10941_ (net)
                  0.08    0.00   22.61 v _13722_/B (sky130_fd_sc_hd__or2_1)
                  0.13    0.50   23.11 v _13722_/X (sky130_fd_sc_hd__or2_1)
     3    0.01                           _10942_ (net)
                  0.13    0.00   23.11 v _13723_/B (sky130_fd_sc_hd__or2_1)
                  0.08    0.46   23.57 v _13723_/X (sky130_fd_sc_hd__or2_1)
     2    0.00                           _10943_ (net)
                  0.08    0.00   23.57 v _13724_/B (sky130_fd_sc_hd__or2_1)
                  0.13    0.50   24.07 v _13724_/X (sky130_fd_sc_hd__or2_1)
     3    0.01                           _10944_ (net)
                  0.13    0.00   24.07 v _13725_/B (sky130_fd_sc_hd__or2_1)
                  0.08    0.46   24.53 v _13725_/X (sky130_fd_sc_hd__or2_1)
     2    0.00                           _10945_ (net)
                  0.08    0.00   24.53 v _13726_/B (sky130_fd_sc_hd__or2_1)
                  0.13    0.50   25.03 v _13726_/X (sky130_fd_sc_hd__or2_1)
     3    0.01                           _10946_ (net)
                  0.13    0.00   25.03 v _13727_/B (sky130_fd_sc_hd__or2_1)
                  0.08    0.46   25.48 v _13727_/X (sky130_fd_sc_hd__or2_1)
     2    0.00                           _10947_ (net)
                  0.08    0.00   25.48 v _13728_/B (sky130_fd_sc_hd__or2_2)
                  0.14    0.67   26.15 v _13728_/X (sky130_fd_sc_hd__or2_2)
     3    0.01                           _10948_ (net)
                  0.14    0.00   26.15 v _13729_/B (sky130_fd_sc_hd__or2_1)
                  0.08    0.46   26.61 v _13729_/X (sky130_fd_sc_hd__or2_1)
     2    0.00                           _10949_ (net)
                  0.08    0.00   26.61 v _13730_/B (sky130_fd_sc_hd__or2_1)
                  0.13    0.50   27.11 v _13730_/X (sky130_fd_sc_hd__or2_1)
     3    0.01                           _10950_ (net)
                  0.13    0.00   27.11 v _13731_/B (sky130_fd_sc_hd__or2_1)
                  0.08    0.46   27.57 v _13731_/X (sky130_fd_sc_hd__or2_1)
     2    0.00                           _10951_ (net)
                  0.08    0.00   27.57 v _13732_/B (sky130_fd_sc_hd__or2_1)
                  0.13    0.50   28.07 v _13732_/X (sky130_fd_sc_hd__or2_1)
     3    0.01                           _10952_ (net)
                  0.13    0.00   28.07 v _13733_/B (sky130_fd_sc_hd__or2_1)
                  0.08    0.46   28.53 v _13733_/X (sky130_fd_sc_hd__or2_1)
     2    0.00                           _10953_ (net)
                  0.08    0.00   28.53 v _13734_/B (sky130_fd_sc_hd__or2_1)
                  0.13    0.50   29.03 v _13734_/X (sky130_fd_sc_hd__or2_1)
     3    0.01                           _10954_ (net)
                  0.13    0.00   29.03 v _13735_/B (sky130_fd_sc_hd__or2_1)
                  0.08    0.46   29.48 v _13735_/X (sky130_fd_sc_hd__or2_1)
     2    0.00                           _10955_ (net)
                  0.08    0.00   29.48 v _13736_/B (sky130_fd_sc_hd__or2_1)
                  0.13    0.50   29.98 v _13736_/X (sky130_fd_sc_hd__or2_1)
     3    0.01                           _10956_ (net)
                  0.13    0.00   29.98 v _13781_/C1 (sky130_fd_sc_hd__o211a_1)
                  0.06    0.21   30.19 v _13781_/X (sky130_fd_sc_hd__o211a_1)
     1    0.00                           _03912_ (net)
                  0.06    0.00   30.19 v _27746_/D (sky130_fd_sc_hd__dfxtp_1)
                                 30.19   data arrival time

                  0.00   24.73   24.73   clock clk (rise edge)
                          0.00   24.73   clock network delay (ideal)
                          0.00   24.73   clock reconvergence pessimism
                                 24.73 ^ _27746_/CLK (sky130_fd_sc_hd__dfxtp_1)
                         -0.28   24.45   library setup time
                                 24.45   data required time
-----------------------------------------------------------------------------
                                 24.45   data required time
                                -30.19   data arrival time
-----------------------------------------------------------------------------
                                 -5.75   slack (VIOLATED)


Startpoint: _27565_ (rising edge-triggered flip-flop clocked by clk)
Endpoint: _27621_ (rising edge-triggered flip-flop clocked by clk)
Path Group: clk
Path Type: max

Fanout     Cap    Slew   Delay    Time   Description
-----------------------------------------------------------------------------
                  0.00    0.00    0.00   clock clk (rise edge)
                          0.00    0.00   clock network delay (ideal)
                  0.00    0.00    0.00 ^ _27565_/CLK (sky130_fd_sc_hd__dfxtp_1)
                  0.16    0.66    0.66 ^ _27565_/Q (sky130_fd_sc_hd__dfxtp_1)
     3    0.01                           count_cycle[0] (net)
                  0.16    0.00    0.66 ^ _14096_/A (sky130_fd_sc_hd__inv_2)
                  0.07    0.13    0.79 v _14096_/Y (sky130_fd_sc_hd__inv_2)
     6    0.01                           _02559_ (net)
                  0.07    0.00    0.79 v _14100_/A (sky130_fd_sc_hd__or4_4)
                  0.14    1.01    1.80 v _14100_/X (sky130_fd_sc_hd__or4_4)
     2    0.00                           _11149_ (net)
                  0.14    0.00    1.80 v _14101_/B (sky130_fd_sc_hd__or2_1)
                  0.11    0.49    2.29 v _14101_/X (sky130_fd_sc_hd__or2_1)
     3    0.00                           _11150_ (net)
                  0.11    0.00    2.29 v _14102_/B (sky130_fd_sc_hd__or2_1)
                  0.13    0.51    2.80 v _14102_/X (sky130_fd_sc_hd__or2_1)
     3    0.01                           _11151_ (net)
                  0.13    0.00    2.80 v _14103_/B (sky130_fd_sc_hd__or2_1)
                  0.08    0.46    3.26 v _14103_/X (sky130_fd_sc_hd__or2_1)
     2    0.00                           _11152_ (net)
                  0.08    0.00    3.26 v _14104_/B (sky130_fd_sc_hd__or2_1)
                  0.15    0.52    3.78 v _14104_/X (sky130_fd_sc_hd__or2_1)
     3    0.01                           _11153_ (net)
                  0.15    0.00    3.78 v _14105_/B (sky130_fd_sc_hd__or2_1)
                  0.08    0.46    4.24 v _14105_/X (sky130_fd_sc_hd__or2_1)
     2    0.00                           _11154_ (net)
                  0.08    0.00    4.24 v _14106_/B (sky130_fd_sc_hd__or2_1)
                  0.13    0.50    4.74 v _14106_/X (sky130_fd_sc_hd__or2_1)
     3    0.01                           _11155_ (net)
                  0.13    0.00    4.74 v _14107_/B (sky130_fd_sc_hd__or2_1)
                  0.08    0.46    5.20 v _14107_/X (sky130_fd_sc_hd__or2_1)
     2    0.00                           _11156_ (net)
                  0.08    0.00    5.20 v _14108_/B (sky130_fd_sc_hd__or2_2)
                  0.14    0.67    5.87 v _14108_/X (sky130_fd_sc_hd__or2_2)
     3    0.01                           _11157_ (net)
                  0.14    0.00    5.87 v _14109_/B (sky130_fd_sc_hd__or2_1)
                  0.08    0.46    6.33 v _14109_/X (sky130_fd_sc_hd__or2_1)
     2    0.00                           _11158_ (net)
                  0.08    0.00    6.33 v _14110_/B (sky130_fd_sc_hd__or2_1)
                  0.13    0.50    6.83 v _14110_/X (sky130_fd_sc_hd__or2_1)
     3    0.01                           _11159_ (net)
                  0.13    0.00    6.83 v _14111_/B (sky130_fd_sc_hd__or2_1)
                  0.08    0.46    7.29 v _14111_/X (sky130_fd_sc_hd__or2_1)
     2    0.00                           _11160_ (net)
                  0.08    0.00    7.29 v _14112_/B (sky130_fd_sc_hd__or2_1)
                  0.13    0.50    7.79 v _14112_/X (sky130_fd_sc_hd__or2_1)
     3    0.01                           _11161_ (net)
                  0.13    0.00    7.79 v _14113_/B (sky130_fd_sc_hd__or2_1)
                  0.08    0.46    8.24 v _14113_/X (sky130_fd_sc_hd__or2_1)
     2    0.00                           _11162_ (net)
                  0.08    0.00    8.24 v _14114_/B (sky130_fd_sc_hd__or2_2)
                  0.14    0.67    8.91 v _14114_/X (sky130_fd_sc_hd__or2_2)
     3    0.01                           _11163_ (net)
                  0.14    0.00    8.91 v _14115_/B (sky130_fd_sc_hd__or2_1)
                  0.08    0.46    9.37 v _14115_/X (sky130_fd_sc_hd__or2_1)
     2    0.00                           _11164_ (net)
                  0.08    0.00    9.37 v _14116_/B (sky130_fd_sc_hd__or2_2)
                  0.14    0.67   10.04 v _14116_/X (sky130_fd_sc_hd__or2_2)
     3    0.01                           _11165_ (net)
                  0.14    0.00   10.04 v _14117_/B (sky130_fd_sc_hd__or2_1)
                  0.08    0.46   10.50 v _14117_/X (sky130_fd_sc_hd__or2_1)
     2    0.00                           _11166_ (net)
                  0.08    0.00   10.50 v _14118_/B (sky130_fd_sc_hd__or2_1)
                  0.15    0.52   11.02 v _14118_/X (sky130_fd_sc_hd__or2_1)
     3    0.01                           _11167_ (net)
                  0.15    0.00   11.02 v _14119_/B (sky130_fd_sc_hd__or2_1)
                  0.08    0.46   11.48 v _14119_/X (sky130_fd_sc_hd__or2_1)
     2    0.00                           _11168_ (net)
                  0.08    0.00   11.48 v _14120_/B (sky130_fd_sc_hd__or2_1)
                  0.15    0.52   12.00 v _14120_/X (sky130_fd_sc_hd__or2_1)
     3    0.01                           _11169_ (net)
                  0.15    0.00   12.00 v _14121_/B (sky130_fd_sc_hd__or2_1)
                  0.08    0.46   12.47 v _14121_/X (sky130_fd_sc_hd__or2_1)
     2    0.00                           _11170_ (net)
                  0.08    0.00   12.47 v _14122_/B (sky130_fd_sc_hd__or2_2)
                  0.14    0.67   13.13 v _14122_/X (sky130_fd_sc_hd__or2_2)
     3    0.01                           _11171_ (net)
                  0.14    0.00   13.13 v _14123_/B (sky130_fd_sc_hd__or2_1)
                  0.08    0.46   13.60 v _14123_/X (sky130_fd_sc_hd__or2_1)
     2    0.00                           _11172_ (net)
                  0.08    0.00   13.60 v _14124_/B (sky130_fd_sc_hd__or2_1)
                  0.13    0.50   14.10 v _14124_/X (sky130_fd_sc_hd__or2_1)
     3    0.01                           _11173_ (net)
                  0.13    0.00   14.10 v _14125_/B (sky130_fd_sc_hd__or2_1)
                  0.08    0.46   14.55 v _14125_/X (sky130_fd_sc_hd__or2_1)
     2    0.00                           _11174_ (net)
                  0.08    0.00   14.55 v _14126_/B (sky130_fd_sc_hd__or2_2)
                  0.13    0.65   15.21 v _14126_/X (sky130_fd_sc_hd__or2_2)
     3    0.01                           _11175_ (net)
                  0.13    0.00   15.21 v _14127_/B (sky130_fd_sc_hd__or2_1)
                  0.08    0.46   15.66 v _14127_/X (sky130_fd_sc_hd__or2_1)
     2    0.00                           _11176_ (net)
                  0.08    0.00   15.66 v _14128_/B (sky130_fd_sc_hd__or2_1)
                  0.15    0.52   16.18 v _14128_/X (sky130_fd_sc_hd__or2_1)
     3    0.01                           _11177_ (net)
                  0.15    0.00   16.18 v _14129_/B (sky130_fd_sc_hd__or2_1)
                  0.08    0.46   16.65 v _14129_/X (sky130_fd_sc_hd__or2_1)
     2    0.00                           _11178_ (net)
                  0.08    0.00   16.65 v _14130_/B (sky130_fd_sc_hd__or2_2)
                  0.14    0.67   17.31 v _14130_/X (sky130_fd_sc_hd__or2_2)
     3    0.01                           _11179_ (net)
                  0.14    0.00   17.31 v _14131_/B (sky130_fd_sc_hd__or2_1)
                  0.08    0.46   17.78 v _14131_/X (sky130_fd_sc_hd__or2_1)
     2    0.00                           _11180_ (net)
                  0.08    0.00   17.78 v _14132_/B (sky130_fd_sc_hd__or2_1)
                  0.13    0.50   18.28 v _14132_/X (sky130_fd_sc_hd__or2_1)
     3    0.01                           _11181_ (net)
                  0.13    0.00   18.28 v _14133_/B (sky130_fd_sc_hd__or2_1)
                  0.08    0.46   18.73 v _14133_/X (sky130_fd_sc_hd__or2_1)
     2    0.00                           _11182_ (net)
                  0.08    0.00   18.73 v _14134_/B (sky130_fd_sc_hd__or2_2)
                  0.14    0.67   19.40 v _14134_/X (sky130_fd_sc_hd__or2_2)
     3    0.01                           _11183_ (net)
                  0.14    0.00   19.40 v _14135_/B (sky130_fd_sc_hd__or2_1)
                  0.08    0.46   19.86 v _14135_/X (sky130_fd_sc_hd__or2_1)
     2    0.00                           _11184_ (net)
                  0.08    0.00   19.86 v _14136_/B (sky130_fd_sc_hd__or2_2)
                  0.14    0.67   20.53 v _14136_/X (sky130_fd_sc_hd__or2_2)
     3    0.01                           _11185_ (net)
                  0.14    0.00   20.53 v _14137_/B (sky130_fd_sc_hd__or2_1)
                  0.08    0.46   20.99 v _14137_/X (sky130_fd_sc_hd__or2_1)
     2    0.00                           _11186_ (net)
                  0.08    0.00   20.99 v _14138_/B (sky130_fd_sc_hd__or2_2)
                  0.14    0.67   21.66 v _14138_/X (sky130_fd_sc_hd__or2_2)
     3    0.01                           _11187_ (net)
                  0.14    0.00   21.66 v _14139_/B (sky130_fd_sc_hd__or2_1)
                  0.08    0.46   22.12 v _14139_/X (sky130_fd_sc_hd__or2_1)
     2    0.00                           _11188_ (net)
                  0.08    0.00   22.12 v _14140_/B (sky130_fd_sc_hd__or2_1)
                  0.13    0.50   22.62 v _14140_/X (sky130_fd_sc_hd__or2_1)
     3    0.01                           _11189_ (net)
                  0.13    0.00   22.62 v _14141_/B (sky130_fd_sc_hd__or2_1)
                  0.08    0.46   23.08 v _14141_/X (sky130_fd_sc_hd__or2_1)
     2    0.00                           _11190_ (net)
                  0.08    0.00   23.08 v _14142_/B (sky130_fd_sc_hd__or2_2)
                  0.14    0.67   23.74 v _14142_/X (sky130_fd_sc_hd__or2_2)
     3    0.01                           _11191_ (net)
                  0.14    0.00   23.74 v _14143_/B (sky130_fd_sc_hd__or2_1)
                  0.08    0.46   24.21 v _14143_/X (sky130_fd_sc_hd__or2_1)
     2    0.00                           _11192_ (net)
                  0.08    0.00   24.21 v _14144_/B (sky130_fd_sc_hd__or2_2)
                  0.14    0.67   24.87 v _14144_/X (sky130_fd_sc_hd__or2_2)
     3    0.01                           _11193_ (net)
                  0.14    0.00   24.87 v _14145_/B (sky130_fd_sc_hd__or2_1)
                  0.08    0.46   25.33 v _14145_/X (sky130_fd_sc_hd__or2_1)
     2    0.00                           _11194_ (net)
                  0.08    0.00   25.33 v _14146_/B (sky130_fd_sc_hd__or2_2)
                  0.14    0.67   26.00 v _14146_/X (sky130_fd_sc_hd__or2_2)
     3    0.01                           _11195_ (net)
                  0.14    0.00   26.00 v _14147_/B (sky130_fd_sc_hd__or2_1)
                  0.08    0.46   26.47 v _14147_/X (sky130_fd_sc_hd__or2_1)
     2    0.00                           _11196_ (net)
                  0.08    0.00   26.47 v _14148_/B (sky130_fd_sc_hd__or2_1)
                  0.15    0.52   26.98 v _14148_/X (sky130_fd_sc_hd__or2_1)
     3    0.01                           _11197_ (net)
                  0.15    0.00   26.98 v _14149_/B (sky130_fd_sc_hd__or2_1)
                  0.08    0.46   27.45 v _14149_/X (sky130_fd_sc_hd__or2_1)
     2    0.00                           _11198_ (net)
                  0.08    0.00   27.45 v _14150_/B (sky130_fd_sc_hd__or2_2)
                  0.14    0.67   28.12 v _14150_/X (sky130_fd_sc_hd__or2_2)
     3    0.01                           _11199_ (net)
                  0.14    0.00   28.12 v _14151_/B (sky130_fd_sc_hd__or2_1)
                  0.08    0.46   28.58 v _14151_/X (sky130_fd_sc_hd__or2_1)
     2    0.00                           _11200_ (net)
                  0.08    0.00   28.58 v _14152_/B (sky130_fd_sc_hd__or2_1)
                  0.13    0.50   29.08 v _14152_/X (sky130_fd_sc_hd__or2_1)
     3    0.01                           _11201_ (net)
                  0.13    0.00   29.08 v _14172_/A2 (sky130_fd_sc_hd__a211oi_1)
                  0.25    0.36   29.44 ^ _14172_/Y (sky130_fd_sc_hd__a211oi_1)
     1    0.00                           _03787_ (net)
                  0.25    0.00   29.44 ^ _27621_/D (sky130_fd_sc_hd__dfxtp_1)
                                 29.44   data arrival time

                  0.00   24.73   24.73   clock clk (rise edge)
                          0.00   24.73   clock network delay (ideal)
                          0.00   24.73   clock reconvergence pessimism
                                 24.73 ^ _27621_/CLK (sky130_fd_sc_hd__dfxtp_1)
                         -0.19   24.54   library setup time
                                 24.54   data required time
-----------------------------------------------------------------------------
                                 24.54   data required time
                                -29.44   data arrival time
-----------------------------------------------------------------------------
                                 -4.90   slack (VIOLATED)


Startpoint: _27871_ (rising edge-triggered flip-flop clocked by clk)
Endpoint: _27745_ (rising edge-triggered flip-flop clocked by clk)
Path Group: clk
Path Type: max

Fanout     Cap    Slew   Delay    Time   Description
-----------------------------------------------------------------------------
                  0.00    0.00    0.00   clock clk (rise edge)
                          0.00    0.00   clock network delay (ideal)
                  0.00    0.00    0.00 ^ _27871_/CLK (sky130_fd_sc_hd__dfxtp_2)
                  0.20    0.72    0.72 ^ _27871_/Q (sky130_fd_sc_hd__dfxtp_2)
     6    0.02                           irq_mask[12] (net)
                  0.20    0.00    0.72 ^ _13137_/A1 (sky130_fd_sc_hd__o22ai_1)
                  0.10    0.21    0.93 v _13137_/Y (sky130_fd_sc_hd__o22ai_1)
     1    0.00                           _10539_ (net)
                  0.10    0.00    0.93 v _13138_/C1 (sky130_fd_sc_hd__a221o_1)
                  0.09    0.49    1.42 v _13138_/X (sky130_fd_sc_hd__a221o_1)
     1    0.00                           _10540_ (net)
                  0.09    0.00    1.42 v _13157_/A (sky130_fd_sc_hd__or4_4)
                  0.14    1.03    2.45 v _13157_/X (sky130_fd_sc_hd__or4_4)
     1    0.00                           _10559_ (net)
                  0.14    0.00    2.45 v _13160_/A2 (sky130_fd_sc_hd__o2111a_1)
                  0.08    0.44    2.89 v _13160_/X (sky130_fd_sc_hd__o2111a_1)
     2    0.00                           _10562_ (net)
                  0.08    0.00    2.89 v _13161_/C (sky130_fd_sc_hd__or3_1)
                  0.15    0.73    3.62 v _13161_/X (sky130_fd_sc_hd__or3_1)
     2    0.00                           _10563_ (net)
                  0.15    0.00    3.62 v _13164_/A (sky130_fd_sc_hd__or2_1)
                  0.11    0.53    4.15 v _13164_/X (sky130_fd_sc_hd__or2_1)
     2    0.00                           _10565_ (net)
                  0.11    0.00    4.15 v _13165_/C (sky130_fd_sc_hd__or3_4)
                  0.12    0.66    4.81 v _13165_/X (sky130_fd_sc_hd__or3_4)
     4    0.00                           _10566_ (net)
                  0.12    0.00    4.81 v _13690_/B (sky130_fd_sc_hd__or2_2)
                  0.15    0.69    5.50 v _13690_/X (sky130_fd_sc_hd__or2_2)
     5    0.01                           _10910_ (net)
                  0.15    0.00    5.50 v _13691_/C (sky130_fd_sc_hd__or3_2)
                  0.15    0.95    6.45 v _13691_/X (sky130_fd_sc_hd__or3_2)
     2    0.00                           _10911_ (net)
                  0.15    0.00    6.45 v _13692_/B (sky130_fd_sc_hd__or2_2)
                  0.13    0.68    7.13 v _13692_/X (sky130_fd_sc_hd__or2_2)
     3    0.01                           _10912_ (net)
                  0.13    0.00    7.13 v _13693_/B (sky130_fd_sc_hd__or2_1)
                  0.08    0.46    7.59 v _13693_/X (sky130_fd_sc_hd__or2_1)
     2    0.00                           _10913_ (net)
                  0.08    0.00    7.59 v _13694_/B (sky130_fd_sc_hd__or2_2)
                  0.14    0.67    8.26 v _13694_/X (sky130_fd_sc_hd__or2_2)
     3    0.01                           _10914_ (net)
                  0.14    0.00    8.26 v _13695_/B (sky130_fd_sc_hd__or2_1)
                  0.08    0.46    8.72 v _13695_/X (sky130_fd_sc_hd__or2_1)
     2    0.00                           _10915_ (net)
                  0.08    0.00    8.72 v _13696_/B (sky130_fd_sc_hd__or2_1)
                  0.15    0.52    9.24 v _13696_/X (sky130_fd_sc_hd__or2_1)
     3    0.01                           _10916_ (net)
                  0.15    0.00    9.24 v _13697_/B (sky130_fd_sc_hd__or2_1)
                  0.08    0.46    9.70 v _13697_/X (sky130_fd_sc_hd__or2_1)
     2    0.00                           _10917_ (net)
                  0.08    0.00    9.70 v _13698_/B (sky130_fd_sc_hd__or2_1)
                  0.13    0.50   10.20 v _13698_/X (sky130_fd_sc_hd__or2_1)
     3    0.01                           _10918_ (net)
                  0.13    0.00   10.20 v _13699_/B (sky130_fd_sc_hd__or2_1)
                  0.08    0.46   10.66 v _13699_/X (sky130_fd_sc_hd__or2_1)
     2    0.00                           _10919_ (net)
                  0.08    0.00   10.66 v _13700_/B (sky130_fd_sc_hd__or2_2)
                  0.14    0.67   11.32 v _13700_/X (sky130_fd_sc_hd__or2_2)
     3    0.01                           _10920_ (net)
                  0.14    0.00   11.32 v _13701_/B (sky130_fd_sc_hd__or2_1)
                  0.08    0.46   11.79 v _13701_/X (sky130_fd_sc_hd__or2_1)
     2    0.00                           _10921_ (net)
                  0.08    0.00   11.79 v _13702_/B (sky130_fd_sc_hd__or2_2)
                  0.14    0.67   12.45 v _13702_/X (sky130_fd_sc_hd__or2_2)
     3    0.01                           _10922_ (net)
                  0.14    0.00   12.45 v _13703_/B (sky130_fd_sc_hd__or2_1)
                  0.08    0.46   12.92 v _13703_/X (sky130_fd_sc_hd__or2_1)
     2    0.00                           _10923_ (net)
                  0.08    0.00   12.92 v _13704_/B (sky130_fd_sc_hd__or2_1)
                  0.15    0.52   13.44 v _13704_/X (sky130_fd_sc_hd__or2_1)
     3    0.01                           _10924_ (net)
                  0.15    0.00   13.44 v _13705_/B (sky130_fd_sc_hd__or2_1)
                  0.08    0.46   13.90 v _13705_/X (sky130_fd_sc_hd__or2_1)
     2    0.00                           _10925_ (net)
                  0.08    0.00   13.90 v _13706_/B (sky130_fd_sc_hd__or2_2)
                  0.14    0.67   14.57 v _13706_/X (sky130_fd_sc_hd__or2_2)
     3    0.01                           _10926_ (net)
                  0.14    0.00   14.57 v _13707_/B (sky130_fd_sc_hd__or2_1)
                  0.08    0.46   15.03 v _13707_/X (sky130_fd_sc_hd__or2_1)
     2    0.00                           _10927_ (net)
                  0.08    0.00   15.03 v _13708_/B (sky130_fd_sc_hd__or2_2)
                  0.14    0.67   15.70 v _13708_/X (sky130_fd_sc_hd__or2_2)
     3    0.01                           _10928_ (net)
                  0.14    0.00   15.70 v _13709_/B (sky130_fd_sc_hd__or2_1)
                  0.08    0.46   16.16 v _13709_/X (sky130_fd_sc_hd__or2_1)
     2    0.00                           _10929_ (net)
                  0.08    0.00   16.16 v _13710_/B (sky130_fd_sc_hd__or2_2)
                  0.14    0.67   16.82 v _13710_/X (sky130_fd_sc_hd__or2_2)
     3    0.01                           _10930_ (net)
                  0.14    0.00   16.82 v _13711_/B (sky130_fd_sc_hd__or2_1)
                  0.08    0.46   17.29 v _13711_/X (sky130_fd_sc_hd__or2_1)
     2    0.00                           _10931_ (net)
                  0.08    0.00   17.29 v _13712_/B (sky130_fd_sc_hd__or2_2)
                  0.14    0.67   17.95 v _13712_/X (sky130_fd_sc_hd__or2_2)
     3    0.01                           _10932_ (net)
                  0.14    0.00   17.95 v _13713_/B (sky130_fd_sc_hd__or2_1)
                  0.08    0.46   18.42 v _13713_/X (sky130_fd_sc_hd__or2_1)
     2    0.00                           _10933_ (net)
                  0.08    0.00   18.42 v _13714_/B (sky130_fd_sc_hd__or2_2)
                  0.14    0.67   19.08 v _13714_/X (sky130_fd_sc_hd__or2_2)
     3    0.01                           _10934_ (net)
                  0.14    0.00   19.08 v _13715_/B (sky130_fd_sc_hd__or2_1)
                  0.08    0.46   19.55 v _13715_/X (sky130_fd_sc_hd__or2_1)
     2    0.00                           _10935_ (net)
                  0.08    0.00   19.55 v _13716_/B (sky130_fd_sc_hd__or2_1)
                  0.13    0.50   20.05 v _13716_/X (sky130_fd_sc_hd__or2_1)
     3    0.01                           _10936_ (net)
                  0.13    0.00   20.05 v _13717_/B (sky130_fd_sc_hd__or2_1)
                  0.08    0.46   20.50 v _13717_/X (sky130_fd_sc_hd__or2_1)
     2    0.00                           _10937_ (net)
                  0.08    0.00   20.50 v _13718_/B (sky130_fd_sc_hd__or2_2)
                  0.14    0.67   21.17 v _13718_/X (sky130_fd_sc_hd__or2_2)
     3    0.01                           _10938_ (net)
                  0.14    0.00   21.17 v _13719_/B (sky130_fd_sc_hd__or2_1)
                  0.08    0.46   21.63 v _13719_/X (sky130_fd_sc_hd__or2_1)
     2    0.00                           _10939_ (net)
                  0.08    0.00   21.63 v _13720_/B (sky130_fd_sc_hd__or2_1)
                  0.15    0.52   22.15 v _13720_/X (sky130_fd_sc_hd__or2_1)
     3    0.01                           _10940_ (net)
                  0.15    0.00   22.15 v _13721_/B (sky130_fd_sc_hd__or2_1)
                  0.08    0.46   22.61 v _13721_/X (sky130_fd_sc_hd__or2_1)
     2    0.00                           _10941_ (net)
                  0.08    0.00   22.61 v _13722_/B (sky130_fd_sc_hd__or2_1)
                  0.13    0.50   23.11 v _13722_/X (sky130_fd_sc_hd__or2_1)
     3    0.01                           _10942_ (net)
                  0.13    0.00   23.11 v _13723_/B (sky130_fd_sc_hd__or2_1)
                  0.08    0.46   23.57 v _13723_/X (sky130_fd_sc_hd__or2_1)
     2    0.00                           _10943_ (net)
                  0.08    0.00   23.57 v _13724_/B (sky130_fd_sc_hd__or2_1)
                  0.13    0.50   24.07 v _13724_/X (sky130_fd_sc_hd__or2_1)
     3    0.01                           _10944_ (net)
                  0.13    0.00   24.07 v _13725_/B (sky130_fd_sc_hd__or2_1)
                  0.08    0.46   24.53 v _13725_/X (sky130_fd_sc_hd__or2_1)
     2    0.00                           _10945_ (net)
                  0.08    0.00   24.53 v _13726_/B (sky130_fd_sc_hd__or2_1)
                  0.13    0.50   25.03 v _13726_/X (sky130_fd_sc_hd__or2_1)
     3    0.01                           _10946_ (net)
                  0.13    0.00   25.03 v _13727_/B (sky130_fd_sc_hd__or2_1)
                  0.08    0.46   25.48 v _13727_/X (sky130_fd_sc_hd__or2_1)
     2    0.00                           _10947_ (net)
                  0.08    0.00   25.48 v _13728_/B (sky130_fd_sc_hd__or2_2)
                  0.14    0.67   26.15 v _13728_/X (sky130_fd_sc_hd__or2_2)
     3    0.01                           _10948_ (net)
                  0.14    0.00   26.15 v _13729_/B (sky130_fd_sc_hd__or2_1)
                  0.08    0.46   26.61 v _13729_/X (sky130_fd_sc_hd__or2_1)
     2    0.00                           _10949_ (net)
                  0.08    0.00   26.61 v _13730_/B (sky130_fd_sc_hd__or2_1)
                  0.13    0.50   27.11 v _13730_/X (sky130_fd_sc_hd__or2_1)
     3    0.01                           _10950_ (net)
                  0.13    0.00   27.11 v _13731_/B (sky130_fd_sc_hd__or2_1)
                  0.08    0.46   27.57 v _13731_/X (sky130_fd_sc_hd__or2_1)
     2    0.00                           _10951_ (net)
                  0.08    0.00   27.57 v _13732_/B (sky130_fd_sc_hd__or2_1)
                  0.13    0.50   28.07 v _13732_/X (sky130_fd_sc_hd__or2_1)
     3    0.01                           _10952_ (net)
                  0.13    0.00   28.07 v _13733_/B (sky130_fd_sc_hd__or2_1)
                  0.08    0.46   28.53 v _13733_/X (sky130_fd_sc_hd__or2_1)
     2    0.00                           _10953_ (net)
                  0.08    0.00   28.53 v _13734_/B (sky130_fd_sc_hd__or2_1)
                  0.13    0.50   29.03 v _13734_/X (sky130_fd_sc_hd__or2_1)
     3    0.01                           _10954_ (net)
                  0.13    0.00   29.03 v _13782_/A2 (sky130_fd_sc_hd__a211oi_1)
                  0.25    0.36   29.39 ^ _13782_/Y (sky130_fd_sc_hd__a211oi_1)
     1    0.00                           _03911_ (net)
                  0.25    0.00   29.39 ^ _27745_/D (sky130_fd_sc_hd__dfxtp_1)
                                 29.39   data arrival time

                  0.00   24.73   24.73   clock clk (rise edge)
                          0.00   24.73   clock network delay (ideal)
                          0.00   24.73   clock reconvergence pessimism
                                 24.73 ^ _27745_/CLK (sky130_fd_sc_hd__dfxtp_1)
                         -0.19   24.54   library setup time
                                 24.54   data required time
-----------------------------------------------------------------------------
                                 24.54   data required time
                                -29.39   data arrival time
-----------------------------------------------------------------------------
                                 -4.85   slack (VIOLATED)


Startpoint: _27565_ (rising edge-triggered flip-flop clocked by clk)
Endpoint: _27620_ (rising edge-triggered flip-flop clocked by clk)
Path Group: clk
Path Type: max

Fanout     Cap    Slew   Delay    Time   Description
-----------------------------------------------------------------------------
                  0.00    0.00    0.00   clock clk (rise edge)
                          0.00    0.00   clock network delay (ideal)
                  0.00    0.00    0.00 ^ _27565_/CLK (sky130_fd_sc_hd__dfxtp_1)
                  0.16    0.66    0.66 ^ _27565_/Q (sky130_fd_sc_hd__dfxtp_1)
     3    0.01                           count_cycle[0] (net)
                  0.16    0.00    0.66 ^ _14096_/A (sky130_fd_sc_hd__inv_2)
                  0.07    0.13    0.79 v _14096_/Y (sky130_fd_sc_hd__inv_2)
     6    0.01                           _02559_ (net)
                  0.07    0.00    0.79 v _14100_/A (sky130_fd_sc_hd__or4_4)
                  0.14    1.01    1.80 v _14100_/X (sky130_fd_sc_hd__or4_4)
     2    0.00                           _11149_ (net)
                  0.14    0.00    1.80 v _14101_/B (sky130_fd_sc_hd__or2_1)
                  0.11    0.49    2.29 v _14101_/X (sky130_fd_sc_hd__or2_1)
     3    0.00                           _11150_ (net)
                  0.11    0.00    2.29 v _14102_/B (sky130_fd_sc_hd__or2_1)
                  0.13    0.51    2.80 v _14102_/X (sky130_fd_sc_hd__or2_1)
     3    0.01                           _11151_ (net)
                  0.13    0.00    2.80 v _14103_/B (sky130_fd_sc_hd__or2_1)
                  0.08    0.46    3.26 v _14103_/X (sky130_fd_sc_hd__or2_1)
     2    0.00                           _11152_ (net)
                  0.08    0.00    3.26 v _14104_/B (sky130_fd_sc_hd__or2_1)
                  0.15    0.52    3.78 v _14104_/X (sky130_fd_sc_hd__or2_1)
     3    0.01                           _11153_ (net)
                  0.15    0.00    3.78 v _14105_/B (sky130_fd_sc_hd__or2_1)
                  0.08    0.46    4.24 v _14105_/X (sky130_fd_sc_hd__or2_1)
     2    0.00                           _11154_ (net)
                  0.08    0.00    4.24 v _14106_/B (sky130_fd_sc_hd__or2_1)
                  0.13    0.50    4.74 v _14106_/X (sky130_fd_sc_hd__or2_1)
     3    0.01                           _11155_ (net)
                  0.13    0.00    4.74 v _14107_/B (sky130_fd_sc_hd__or2_1)
                  0.08    0.46    5.20 v _14107_/X (sky130_fd_sc_hd__or2_1)
     2    0.00                           _11156_ (net)
                  0.08    0.00    5.20 v _14108_/B (sky130_fd_sc_hd__or2_2)
                  0.14    0.67    5.87 v _14108_/X (sky130_fd_sc_hd__or2_2)
     3    0.01                           _11157_ (net)
                  0.14    0.00    5.87 v _14109_/B (sky130_fd_sc_hd__or2_1)
                  0.08    0.46    6.33 v _14109_/X (sky130_fd_sc_hd__or2_1)
     2    0.00                           _11158_ (net)
                  0.08    0.00    6.33 v _14110_/B (sky130_fd_sc_hd__or2_1)
                  0.13    0.50    6.83 v _14110_/X (sky130_fd_sc_hd__or2_1)
     3    0.01                           _11159_ (net)
                  0.13    0.00    6.83 v _14111_/B (sky130_fd_sc_hd__or2_1)
                  0.08    0.46    7.29 v _14111_/X (sky130_fd_sc_hd__or2_1)
     2    0.00                           _11160_ (net)
                  0.08    0.00    7.29 v _14112_/B (sky130_fd_sc_hd__or2_1)
                  0.13    0.50    7.79 v _14112_/X (sky130_fd_sc_hd__or2_1)
     3    0.01                           _11161_ (net)
                  0.13    0.00    7.79 v _14113_/B (sky130_fd_sc_hd__or2_1)
                  0.08    0.46    8.24 v _14113_/X (sky130_fd_sc_hd__or2_1)
     2    0.00                           _11162_ (net)
                  0.08    0.00    8.24 v _14114_/B (sky130_fd_sc_hd__or2_2)
                  0.14    0.67    8.91 v _14114_/X (sky130_fd_sc_hd__or2_2)
     3    0.01                           _11163_ (net)
                  0.14    0.00    8.91 v _14115_/B (sky130_fd_sc_hd__or2_1)
                  0.08    0.46    9.37 v _14115_/X (sky130_fd_sc_hd__or2_1)
     2    0.00                           _11164_ (net)
                  0.08    0.00    9.37 v _14116_/B (sky130_fd_sc_hd__or2_2)
                  0.14    0.67   10.04 v _14116_/X (sky130_fd_sc_hd__or2_2)
     3    0.01                           _11165_ (net)
                  0.14    0.00   10.04 v _14117_/B (sky130_fd_sc_hd__or2_1)
                  0.08    0.46   10.50 v _14117_/X (sky130_fd_sc_hd__or2_1)
     2    0.00                           _11166_ (net)
                  0.08    0.00   10.50 v _14118_/B (sky130_fd_sc_hd__or2_1)
                  0.15    0.52   11.02 v _14118_/X (sky130_fd_sc_hd__or2_1)
     3    0.01                           _11167_ (net)
                  0.15    0.00   11.02 v _14119_/B (sky130_fd_sc_hd__or2_1)
                  0.08    0.46   11.48 v _14119_/X (sky130_fd_sc_hd__or2_1)
     2    0.00                           _11168_ (net)
                  0.08    0.00   11.48 v _14120_/B (sky130_fd_sc_hd__or2_1)
                  0.15    0.52   12.00 v _14120_/X (sky130_fd_sc_hd__or2_1)
     3    0.01                           _11169_ (net)
                  0.15    0.00   12.00 v _14121_/B (sky130_fd_sc_hd__or2_1)
                  0.08    0.46   12.47 v _14121_/X (sky130_fd_sc_hd__or2_1)
     2    0.00                           _11170_ (net)
                  0.08    0.00   12.47 v _14122_/B (sky130_fd_sc_hd__or2_2)
                  0.14    0.67   13.13 v _14122_/X (sky130_fd_sc_hd__or2_2)
     3    0.01                           _11171_ (net)
                  0.14    0.00   13.13 v _14123_/B (sky130_fd_sc_hd__or2_1)
                  0.08    0.46   13.60 v _14123_/X (sky130_fd_sc_hd__or2_1)
     2    0.00                           _11172_ (net)
                  0.08    0.00   13.60 v _14124_/B (sky130_fd_sc_hd__or2_1)
                  0.13    0.50   14.10 v _14124_/X (sky130_fd_sc_hd__or2_1)
     3    0.01                           _11173_ (net)
                  0.13    0.00   14.10 v _14125_/B (sky130_fd_sc_hd__or2_1)
                  0.08    0.46   14.55 v _14125_/X (sky130_fd_sc_hd__or2_1)
     2    0.00                           _11174_ (net)
                  0.08    0.00   14.55 v _14126_/B (sky130_fd_sc_hd__or2_2)
                  0.13    0.65   15.21 v _14126_/X (sky130_fd_sc_hd__or2_2)
     3    0.01                           _11175_ (net)
                  0.13    0.00   15.21 v _14127_/B (sky130_fd_sc_hd__or2_1)
                  0.08    0.46   15.66 v _14127_/X (sky130_fd_sc_hd__or2_1)
     2    0.00                           _11176_ (net)
                  0.08    0.00   15.66 v _14128_/B (sky130_fd_sc_hd__or2_1)
                  0.15    0.52   16.18 v _14128_/X (sky130_fd_sc_hd__or2_1)
     3    0.01                           _11177_ (net)
                  0.15    0.00   16.18 v _14129_/B (sky130_fd_sc_hd__or2_1)
                  0.08    0.46   16.65 v _14129_/X (sky130_fd_sc_hd__or2_1)
     2    0.00                           _11178_ (net)
                  0.08    0.00   16.65 v _14130_/B (sky130_fd_sc_hd__or2_2)
                  0.14    0.67   17.31 v _14130_/X (sky130_fd_sc_hd__or2_2)
     3    0.01                           _11179_ (net)
                  0.14    0.00   17.31 v _14131_/B (sky130_fd_sc_hd__or2_1)
                  0.08    0.46   17.78 v _14131_/X (sky130_fd_sc_hd__or2_1)
     2    0.00                           _11180_ (net)
                  0.08    0.00   17.78 v _14132_/B (sky130_fd_sc_hd__or2_1)
                  0.13    0.50   18.28 v _14132_/X (sky130_fd_sc_hd__or2_1)
     3    0.01                           _11181_ (net)
                  0.13    0.00   18.28 v _14133_/B (sky130_fd_sc_hd__or2_1)
                  0.08    0.46   18.73 v _14133_/X (sky130_fd_sc_hd__or2_1)
     2    0.00                           _11182_ (net)
                  0.08    0.00   18.73 v _14134_/B (sky130_fd_sc_hd__or2_2)
                  0.14    0.67   19.40 v _14134_/X (sky130_fd_sc_hd__or2_2)
     3    0.01                           _11183_ (net)
                  0.14    0.00   19.40 v _14135_/B (sky130_fd_sc_hd__or2_1)
                  0.08    0.46   19.86 v _14135_/X (sky130_fd_sc_hd__or2_1)
     2    0.00                           _11184_ (net)
                  0.08    0.00   19.86 v _14136_/B (sky130_fd_sc_hd__or2_2)
                  0.14    0.67   20.53 v _14136_/X (sky130_fd_sc_hd__or2_2)
     3    0.01                           _11185_ (net)
                  0.14    0.00   20.53 v _14137_/B (sky130_fd_sc_hd__or2_1)
                  0.08    0.46   20.99 v _14137_/X (sky130_fd_sc_hd__or2_1)
     2    0.00                           _11186_ (net)
                  0.08    0.00   20.99 v _14138_/B (sky130_fd_sc_hd__or2_2)
                  0.14    0.67   21.66 v _14138_/X (sky130_fd_sc_hd__or2_2)
     3    0.01                           _11187_ (net)
                  0.14    0.00   21.66 v _14139_/B (sky130_fd_sc_hd__or2_1)
                  0.08    0.46   22.12 v _14139_/X (sky130_fd_sc_hd__or2_1)
     2    0.00                           _11188_ (net)
                  0.08    0.00   22.12 v _14140_/B (sky130_fd_sc_hd__or2_1)
                  0.13    0.50   22.62 v _14140_/X (sky130_fd_sc_hd__or2_1)
     3    0.01                           _11189_ (net)
                  0.13    0.00   22.62 v _14141_/B (sky130_fd_sc_hd__or2_1)
                  0.08    0.46   23.08 v _14141_/X (sky130_fd_sc_hd__or2_1)
     2    0.00                           _11190_ (net)
                  0.08    0.00   23.08 v _14142_/B (sky130_fd_sc_hd__or2_2)
                  0.14    0.67   23.74 v _14142_/X (sky130_fd_sc_hd__or2_2)
     3    0.01                           _11191_ (net)
                  0.14    0.00   23.74 v _14143_/B (sky130_fd_sc_hd__or2_1)
                  0.08    0.46   24.21 v _14143_/X (sky130_fd_sc_hd__or2_1)
     2    0.00                           _11192_ (net)
                  0.08    0.00   24.21 v _14144_/B (sky130_fd_sc_hd__or2_2)
                  0.14    0.67   24.87 v _14144_/X (sky130_fd_sc_hd__or2_2)
     3    0.01                           _11193_ (net)
                  0.14    0.00   24.87 v _14145_/B (sky130_fd_sc_hd__or2_1)
                  0.08    0.46   25.33 v _14145_/X (sky130_fd_sc_hd__or2_1)
     2    0.00                           _11194_ (net)
                  0.08    0.00   25.33 v _14146_/B (sky130_fd_sc_hd__or2_2)
                  0.14    0.67   26.00 v _14146_/X (sky130_fd_sc_hd__or2_2)
     3    0.01                           _11195_ (net)
                  0.14    0.00   26.00 v _14147_/B (sky130_fd_sc_hd__or2_1)
                  0.08    0.46   26.47 v _14147_/X (sky130_fd_sc_hd__or2_1)
     2    0.00                           _11196_ (net)
                  0.08    0.00   26.47 v _14148_/B (sky130_fd_sc_hd__or2_1)
                  0.15    0.52   26.98 v _14148_/X (sky130_fd_sc_hd__or2_1)
     3    0.01                           _11197_ (net)
                  0.15    0.00   26.98 v _14149_/B (sky130_fd_sc_hd__or2_1)
                  0.08    0.46   27.45 v _14149_/X (sky130_fd_sc_hd__or2_1)
     2    0.00                           _11198_ (net)
                  0.08    0.00   27.45 v _14150_/B (sky130_fd_sc_hd__or2_2)
                  0.14    0.67   28.12 v _14150_/X (sky130_fd_sc_hd__or2_2)
     3    0.01                           _11199_ (net)
                  0.14    0.00   28.12 v _14151_/B (sky130_fd_sc_hd__or2_1)
                  0.08    0.46   28.58 v _14151_/X (sky130_fd_sc_hd__or2_1)
     2    0.00                           _11200_ (net)
                  0.08    0.00   28.58 v _14152_/B (sky130_fd_sc_hd__or2_1)
                  0.13    0.50   29.08 v _14152_/X (sky130_fd_sc_hd__or2_1)
     3    0.01                           _11201_ (net)
                  0.13    0.00   29.08 v _14174_/C1 (sky130_fd_sc_hd__o211a_1)
                  0.06    0.21   29.29 v _14174_/X (sky130_fd_sc_hd__o211a_1)
     1    0.00                           _03786_ (net)
                  0.06    0.00   29.29 v _27620_/D (sky130_fd_sc_hd__dfxtp_1)
                                 29.29   data arrival time

                  0.00   24.73   24.73   clock clk (rise edge)
                          0.00   24.73   clock network delay (ideal)
                          0.00   24.73   clock reconvergence pessimism
                                 24.73 ^ _27620_/CLK (sky130_fd_sc_hd__dfxtp_1)
                         -0.28   24.45   library setup time
                                 24.45   data required time
-----------------------------------------------------------------------------
                                 24.45   data required time
                                -29.29   data arrival time
-----------------------------------------------------------------------------
                                 -4.84   slack (VIOLATED)


Startpoint: _27871_ (rising edge-triggered flip-flop clocked by clk)
Endpoint: _27744_ (rising edge-triggered flip-flop clocked by clk)
Path Group: clk
Path Type: max

Fanout     Cap    Slew   Delay    Time   Description
-----------------------------------------------------------------------------
                  0.00    0.00    0.00   clock clk (rise edge)
                          0.00    0.00   clock network delay (ideal)
                  0.00    0.00    0.00 ^ _27871_/CLK (sky130_fd_sc_hd__dfxtp_2)
                  0.20    0.72    0.72 ^ _27871_/Q (sky130_fd_sc_hd__dfxtp_2)
     6    0.02                           irq_mask[12] (net)
                  0.20    0.00    0.72 ^ _13137_/A1 (sky130_fd_sc_hd__o22ai_1)
                  0.10    0.21    0.93 v _13137_/Y (sky130_fd_sc_hd__o22ai_1)
     1    0.00                           _10539_ (net)
                  0.10    0.00    0.93 v _13138_/C1 (sky130_fd_sc_hd__a221o_1)
                  0.09    0.49    1.42 v _13138_/X (sky130_fd_sc_hd__a221o_1)
     1    0.00                           _10540_ (net)
                  0.09    0.00    1.42 v _13157_/A (sky130_fd_sc_hd__or4_4)
                  0.14    1.03    2.45 v _13157_/X (sky130_fd_sc_hd__or4_4)
     1    0.00                           _10559_ (net)
                  0.14    0.00    2.45 v _13160_/A2 (sky130_fd_sc_hd__o2111a_1)
                  0.08    0.44    2.89 v _13160_/X (sky130_fd_sc_hd__o2111a_1)
     2    0.00                           _10562_ (net)
                  0.08    0.00    2.89 v _13161_/C (sky130_fd_sc_hd__or3_1)
                  0.15    0.73    3.62 v _13161_/X (sky130_fd_sc_hd__or3_1)
     2    0.00                           _10563_ (net)
                  0.15    0.00    3.62 v _13164_/A (sky130_fd_sc_hd__or2_1)
                  0.11    0.53    4.15 v _13164_/X (sky130_fd_sc_hd__or2_1)
     2    0.00                           _10565_ (net)
                  0.11    0.00    4.15 v _13165_/C (sky130_fd_sc_hd__or3_4)
                  0.12    0.66    4.81 v _13165_/X (sky130_fd_sc_hd__or3_4)
     4    0.00                           _10566_ (net)
                  0.12    0.00    4.81 v _13690_/B (sky130_fd_sc_hd__or2_2)
                  0.15    0.69    5.50 v _13690_/X (sky130_fd_sc_hd__or2_2)
     5    0.01                           _10910_ (net)
                  0.15    0.00    5.50 v _13691_/C (sky130_fd_sc_hd__or3_2)
                  0.15    0.95    6.45 v _13691_/X (sky130_fd_sc_hd__or3_2)
     2    0.00                           _10911_ (net)
                  0.15    0.00    6.45 v _13692_/B (sky130_fd_sc_hd__or2_2)
                  0.13    0.68    7.13 v _13692_/X (sky130_fd_sc_hd__or2_2)
     3    0.01                           _10912_ (net)
                  0.13    0.00    7.13 v _13693_/B (sky130_fd_sc_hd__or2_1)
                  0.08    0.46    7.59 v _13693_/X (sky130_fd_sc_hd__or2_1)
     2    0.00                           _10913_ (net)
                  0.08    0.00    7.59 v _13694_/B (sky130_fd_sc_hd__or2_2)
                  0.14    0.67    8.26 v _13694_/X (sky130_fd_sc_hd__or2_2)
     3    0.01                           _10914_ (net)
                  0.14    0.00    8.26 v _13695_/B (sky130_fd_sc_hd__or2_1)
                  0.08    0.46    8.72 v _13695_/X (sky130_fd_sc_hd__or2_1)
     2    0.00                           _10915_ (net)
                  0.08    0.00    8.72 v _13696_/B (sky130_fd_sc_hd__or2_1)
                  0.15    0.52    9.24 v _13696_/X (sky130_fd_sc_hd__or2_1)
     3    0.01                           _10916_ (net)
                  0.15    0.00    9.24 v _13697_/B (sky130_fd_sc_hd__or2_1)
                  0.08    0.46    9.70 v _13697_/X (sky130_fd_sc_hd__or2_1)
     2    0.00                           _10917_ (net)
                  0.08    0.00    9.70 v _13698_/B (sky130_fd_sc_hd__or2_1)
                  0.13    0.50   10.20 v _13698_/X (sky130_fd_sc_hd__or2_1)
     3    0.01                           _10918_ (net)
                  0.13    0.00   10.20 v _13699_/B (sky130_fd_sc_hd__or2_1)
                  0.08    0.46   10.66 v _13699_/X (sky130_fd_sc_hd__or2_1)
     2    0.00                           _10919_ (net)
                  0.08    0.00   10.66 v _13700_/B (sky130_fd_sc_hd__or2_2)
                  0.14    0.67   11.32 v _13700_/X (sky130_fd_sc_hd__or2_2)
     3    0.01                           _10920_ (net)
                  0.14    0.00   11.32 v _13701_/B (sky130_fd_sc_hd__or2_1)
                  0.08    0.46   11.79 v _13701_/X (sky130_fd_sc_hd__or2_1)
     2    0.00                           _10921_ (net)
                  0.08    0.00   11.79 v _13702_/B (sky130_fd_sc_hd__or2_2)
                  0.14    0.67   12.45 v _13702_/X (sky130_fd_sc_hd__or2_2)
     3    0.01                           _10922_ (net)
                  0.14    0.00   12.45 v _13703_/B (sky130_fd_sc_hd__or2_1)
                  0.08    0.46   12.92 v _13703_/X (sky130_fd_sc_hd__or2_1)
     2    0.00                           _10923_ (net)
                  0.08    0.00   12.92 v _13704_/B (sky130_fd_sc_hd__or2_1)
                  0.15    0.52   13.44 v _13704_/X (sky130_fd_sc_hd__or2_1)
     3    0.01                           _10924_ (net)
                  0.15    0.00   13.44 v _13705_/B (sky130_fd_sc_hd__or2_1)
                  0.08    0.46   13.90 v _13705_/X (sky130_fd_sc_hd__or2_1)
     2    0.00                           _10925_ (net)
                  0.08    0.00   13.90 v _13706_/B (sky130_fd_sc_hd__or2_2)
                  0.14    0.67   14.57 v _13706_/X (sky130_fd_sc_hd__or2_2)
     3    0.01                           _10926_ (net)
                  0.14    0.00   14.57 v _13707_/B (sky130_fd_sc_hd__or2_1)
                  0.08    0.46   15.03 v _13707_/X (sky130_fd_sc_hd__or2_1)
     2    0.00                           _10927_ (net)
                  0.08    0.00   15.03 v _13708_/B (sky130_fd_sc_hd__or2_2)
                  0.14    0.67   15.70 v _13708_/X (sky130_fd_sc_hd__or2_2)
     3    0.01                           _10928_ (net)
                  0.14    0.00   15.70 v _13709_/B (sky130_fd_sc_hd__or2_1)
                  0.08    0.46   16.16 v _13709_/X (sky130_fd_sc_hd__or2_1)
     2    0.00                           _10929_ (net)
                  0.08    0.00   16.16 v _13710_/B (sky130_fd_sc_hd__or2_2)
                  0.14    0.67   16.82 v _13710_/X (sky130_fd_sc_hd__or2_2)
     3    0.01                           _10930_ (net)
                  0.14    0.00   16.82 v _13711_/B (sky130_fd_sc_hd__or2_1)
                  0.08    0.46   17.29 v _13711_/X (sky130_fd_sc_hd__or2_1)
     2    0.00                           _10931_ (net)
                  0.08    0.00   17.29 v _13712_/B (sky130_fd_sc_hd__or2_2)
                  0.14    0.67   17.95 v _13712_/X (sky130_fd_sc_hd__or2_2)
     3    0.01                           _10932_ (net)
                  0.14    0.00   17.95 v _13713_/B (sky130_fd_sc_hd__or2_1)
                  0.08    0.46   18.42 v _13713_/X (sky130_fd_sc_hd__or2_1)
     2    0.00                           _10933_ (net)
                  0.08    0.00   18.42 v _13714_/B (sky130_fd_sc_hd__or2_2)
                  0.14    0.67   19.08 v _13714_/X (sky130_fd_sc_hd__or2_2)
     3    0.01                           _10934_ (net)
                  0.14    0.00   19.08 v _13715_/B (sky130_fd_sc_hd__or2_1)
                  0.08    0.46   19.55 v _13715_/X (sky130_fd_sc_hd__or2_1)
     2    0.00                           _10935_ (net)
                  0.08    0.00   19.55 v _13716_/B (sky130_fd_sc_hd__or2_1)
                  0.13    0.50   20.05 v _13716_/X (sky130_fd_sc_hd__or2_1)
     3    0.01                           _10936_ (net)
                  0.13    0.00   20.05 v _13717_/B (sky130_fd_sc_hd__or2_1)
                  0.08    0.46   20.50 v _13717_/X (sky130_fd_sc_hd__or2_1)
     2    0.00                           _10937_ (net)
                  0.08    0.00   20.50 v _13718_/B (sky130_fd_sc_hd__or2_2)
                  0.14    0.67   21.17 v _13718_/X (sky130_fd_sc_hd__or2_2)
     3    0.01                           _10938_ (net)
                  0.14    0.00   21.17 v _13719_/B (sky130_fd_sc_hd__or2_1)
                  0.08    0.46   21.63 v _13719_/X (sky130_fd_sc_hd__or2_1)
     2    0.00                           _10939_ (net)
                  0.08    0.00   21.63 v _13720_/B (sky130_fd_sc_hd__or2_1)
                  0.15    0.52   22.15 v _13720_/X (sky130_fd_sc_hd__or2_1)
     3    0.01                           _10940_ (net)
                  0.15    0.00   22.15 v _13721_/B (sky130_fd_sc_hd__or2_1)
                  0.08    0.46   22.61 v _13721_/X (sky130_fd_sc_hd__or2_1)
     2    0.00                           _10941_ (net)
                  0.08    0.00   22.61 v _13722_/B (sky130_fd_sc_hd__or2_1)
                  0.13    0.50   23.11 v _13722_/X (sky130_fd_sc_hd__or2_1)
     3    0.01                           _10942_ (net)
                  0.13    0.00   23.11 v _13723_/B (sky130_fd_sc_hd__or2_1)
                  0.08    0.46   23.57 v _13723_/X (sky130_fd_sc_hd__or2_1)
     2    0.00                           _10943_ (net)
                  0.08    0.00   23.57 v _13724_/B (sky130_fd_sc_hd__or2_1)
                  0.13    0.50   24.07 v _13724_/X (sky130_fd_sc_hd__or2_1)
     3    0.01                           _10944_ (net)
                  0.13    0.00   24.07 v _13725_/B (sky130_fd_sc_hd__or2_1)
                  0.08    0.46   24.53 v _13725_/X (sky130_fd_sc_hd__or2_1)
     2    0.00                           _10945_ (net)
                  0.08    0.00   24.53 v _13726_/B (sky130_fd_sc_hd__or2_1)
                  0.13    0.50   25.03 v _13726_/X (sky130_fd_sc_hd__or2_1)
     3    0.01                           _10946_ (net)
                  0.13    0.00   25.03 v _13727_/B (sky130_fd_sc_hd__or2_1)
                  0.08    0.46   25.48 v _13727_/X (sky130_fd_sc_hd__or2_1)
     2    0.00                           _10947_ (net)
                  0.08    0.00   25.48 v _13728_/B (sky130_fd_sc_hd__or2_2)
                  0.14    0.67   26.15 v _13728_/X (sky130_fd_sc_hd__or2_2)
     3    0.01                           _10948_ (net)
                  0.14    0.00   26.15 v _13729_/B (sky130_fd_sc_hd__or2_1)
                  0.08    0.46   26.61 v _13729_/X (sky130_fd_sc_hd__or2_1)
     2    0.00                           _10949_ (net)
                  0.08    0.00   26.61 v _13730_/B (sky130_fd_sc_hd__or2_1)
                  0.13    0.50   27.11 v _13730_/X (sky130_fd_sc_hd__or2_1)
     3    0.01                           _10950_ (net)
                  0.13    0.00   27.11 v _13731_/B (sky130_fd_sc_hd__or2_1)
                  0.08    0.46   27.57 v _13731_/X (sky130_fd_sc_hd__or2_1)
     2    0.00                           _10951_ (net)
                  0.08    0.00   27.57 v _13732_/B (sky130_fd_sc_hd__or2_1)
                  0.13    0.50   28.07 v _13732_/X (sky130_fd_sc_hd__or2_1)
     3    0.01                           _10952_ (net)
                  0.13    0.00   28.07 v _13733_/B (sky130_fd_sc_hd__or2_1)
                  0.08    0.46   28.53 v _13733_/X (sky130_fd_sc_hd__or2_1)
     2    0.00                           _10953_ (net)
                  0.08    0.00   28.53 v _13734_/B (sky130_fd_sc_hd__or2_1)
                  0.13    0.50   29.03 v _13734_/X (sky130_fd_sc_hd__or2_1)
     3    0.01                           _10954_ (net)
                  0.13    0.00   29.03 v _13784_/C1 (sky130_fd_sc_hd__o211a_1)
                  0.06    0.21   29.24 v _13784_/X (sky130_fd_sc_hd__o211a_1)
     1    0.00                           _03910_ (net)
                  0.06    0.00   29.24 v _27744_/D (sky130_fd_sc_hd__dfxtp_1)
                                 29.24   data arrival time

                  0.00   24.73   24.73   clock clk (rise edge)
                          0.00   24.73   clock network delay (ideal)
                          0.00   24.73   clock reconvergence pessimism
                                 24.73 ^ _27744_/CLK (sky130_fd_sc_hd__dfxtp_1)
                         -0.28   24.45   library setup time
                                 24.45   data required time
-----------------------------------------------------------------------------
                                 24.45   data required time
                                -29.24   data arrival time
-----------------------------------------------------------------------------
                                 -4.79   slack (VIOLATED)


Startpoint: _27565_ (rising edge-triggered flip-flop clocked by clk)
Endpoint: _27619_ (rising edge-triggered flip-flop clocked by clk)
Path Group: clk
Path Type: max

Fanout     Cap    Slew   Delay    Time   Description
-----------------------------------------------------------------------------
                  0.00    0.00    0.00   clock clk (rise edge)
                          0.00    0.00   clock network delay (ideal)
                  0.00    0.00    0.00 ^ _27565_/CLK (sky130_fd_sc_hd__dfxtp_1)
                  0.16    0.66    0.66 ^ _27565_/Q (sky130_fd_sc_hd__dfxtp_1)
     3    0.01                           count_cycle[0] (net)
                  0.16    0.00    0.66 ^ _14096_/A (sky130_fd_sc_hd__inv_2)
                  0.07    0.13    0.79 v _14096_/Y (sky130_fd_sc_hd__inv_2)
     6    0.01                           _02559_ (net)
                  0.07    0.00    0.79 v _14100_/A (sky130_fd_sc_hd__or4_4)
                  0.14    1.01    1.80 v _14100_/X (sky130_fd_sc_hd__or4_4)
     2    0.00                           _11149_ (net)
                  0.14    0.00    1.80 v _14101_/B (sky130_fd_sc_hd__or2_1)
                  0.11    0.49    2.29 v _14101_/X (sky130_fd_sc_hd__or2_1)
     3    0.00                           _11150_ (net)
                  0.11    0.00    2.29 v _14102_/B (sky130_fd_sc_hd__or2_1)
                  0.13    0.51    2.80 v _14102_/X (sky130_fd_sc_hd__or2_1)
     3    0.01                           _11151_ (net)
                  0.13    0.00    2.80 v _14103_/B (sky130_fd_sc_hd__or2_1)
                  0.08    0.46    3.26 v _14103_/X (sky130_fd_sc_hd__or2_1)
     2    0.00                           _11152_ (net)
                  0.08    0.00    3.26 v _14104_/B (sky130_fd_sc_hd__or2_1)
                  0.15    0.52    3.78 v _14104_/X (sky130_fd_sc_hd__or2_1)
     3    0.01                           _11153_ (net)
                  0.15    0.00    3.78 v _14105_/B (sky130_fd_sc_hd__or2_1)
                  0.08    0.46    4.24 v _14105_/X (sky130_fd_sc_hd__or2_1)
     2    0.00                           _11154_ (net)
                  0.08    0.00    4.24 v _14106_/B (sky130_fd_sc_hd__or2_1)
                  0.13    0.50    4.74 v _14106_/X (sky130_fd_sc_hd__or2_1)
     3    0.01                           _11155_ (net)
                  0.13    0.00    4.74 v _14107_/B (sky130_fd_sc_hd__or2_1)
                  0.08    0.46    5.20 v _14107_/X (sky130_fd_sc_hd__or2_1)
     2    0.00                           _11156_ (net)
                  0.08    0.00    5.20 v _14108_/B (sky130_fd_sc_hd__or2_2)
                  0.14    0.67    5.87 v _14108_/X (sky130_fd_sc_hd__or2_2)
     3    0.01                           _11157_ (net)
                  0.14    0.00    5.87 v _14109_/B (sky130_fd_sc_hd__or2_1)
                  0.08    0.46    6.33 v _14109_/X (sky130_fd_sc_hd__or2_1)
     2    0.00                           _11158_ (net)
                  0.08    0.00    6.33 v _14110_/B (sky130_fd_sc_hd__or2_1)
                  0.13    0.50    6.83 v _14110_/X (sky130_fd_sc_hd__or2_1)
     3    0.01                           _11159_ (net)
                  0.13    0.00    6.83 v _14111_/B (sky130_fd_sc_hd__or2_1)
                  0.08    0.46    7.29 v _14111_/X (sky130_fd_sc_hd__or2_1)
     2    0.00                           _11160_ (net)
                  0.08    0.00    7.29 v _14112_/B (sky130_fd_sc_hd__or2_1)
                  0.13    0.50    7.79 v _14112_/X (sky130_fd_sc_hd__or2_1)
     3    0.01                           _11161_ (net)
                  0.13    0.00    7.79 v _14113_/B (sky130_fd_sc_hd__or2_1)
                  0.08    0.46    8.24 v _14113_/X (sky130_fd_sc_hd__or2_1)
     2    0.00                           _11162_ (net)
                  0.08    0.00    8.24 v _14114_/B (sky130_fd_sc_hd__or2_2)
                  0.14    0.67    8.91 v _14114_/X (sky130_fd_sc_hd__or2_2)
     3    0.01                           _11163_ (net)
                  0.14    0.00    8.91 v _14115_/B (sky130_fd_sc_hd__or2_1)
                  0.08    0.46    9.37 v _14115_/X (sky130_fd_sc_hd__or2_1)
     2    0.00                           _11164_ (net)
                  0.08    0.00    9.37 v _14116_/B (sky130_fd_sc_hd__or2_2)
                  0.14    0.67   10.04 v _14116_/X (sky130_fd_sc_hd__or2_2)
     3    0.01                           _11165_ (net)
                  0.14    0.00   10.04 v _14117_/B (sky130_fd_sc_hd__or2_1)
                  0.08    0.46   10.50 v _14117_/X (sky130_fd_sc_hd__or2_1)
     2    0.00                           _11166_ (net)
                  0.08    0.00   10.50 v _14118_/B (sky130_fd_sc_hd__or2_1)
                  0.15    0.52   11.02 v _14118_/X (sky130_fd_sc_hd__or2_1)
     3    0.01                           _11167_ (net)
                  0.15    0.00   11.02 v _14119_/B (sky130_fd_sc_hd__or2_1)
                  0.08    0.46   11.48 v _14119_/X (sky130_fd_sc_hd__or2_1)
     2    0.00                           _11168_ (net)
                  0.08    0.00   11.48 v _14120_/B (sky130_fd_sc_hd__or2_1)
                  0.15    0.52   12.00 v _14120_/X (sky130_fd_sc_hd__or2_1)
     3    0.01                           _11169_ (net)
                  0.15    0.00   12.00 v _14121_/B (sky130_fd_sc_hd__or2_1)
                  0.08    0.46   12.47 v _14121_/X (sky130_fd_sc_hd__or2_1)
     2    0.00                           _11170_ (net)
                  0.08    0.00   12.47 v _14122_/B (sky130_fd_sc_hd__or2_2)
                  0.14    0.67   13.13 v _14122_/X (sky130_fd_sc_hd__or2_2)
     3    0.01                           _11171_ (net)
                  0.14    0.00   13.13 v _14123_/B (sky130_fd_sc_hd__or2_1)
                  0.08    0.46   13.60 v _14123_/X (sky130_fd_sc_hd__or2_1)
     2    0.00                           _11172_ (net)
                  0.08    0.00   13.60 v _14124_/B (sky130_fd_sc_hd__or2_1)
                  0.13    0.50   14.10 v _14124_/X (sky130_fd_sc_hd__or2_1)
     3    0.01                           _11173_ (net)
                  0.13    0.00   14.10 v _14125_/B (sky130_fd_sc_hd__or2_1)
                  0.08    0.46   14.55 v _14125_/X (sky130_fd_sc_hd__or2_1)
     2    0.00                           _11174_ (net)
                  0.08    0.00   14.55 v _14126_/B (sky130_fd_sc_hd__or2_2)
                  0.13    0.65   15.21 v _14126_/X (sky130_fd_sc_hd__or2_2)
     3    0.01                           _11175_ (net)
                  0.13    0.00   15.21 v _14127_/B (sky130_fd_sc_hd__or2_1)
                  0.08    0.46   15.66 v _14127_/X (sky130_fd_sc_hd__or2_1)
     2    0.00                           _11176_ (net)
                  0.08    0.00   15.66 v _14128_/B (sky130_fd_sc_hd__or2_1)
                  0.15    0.52   16.18 v _14128_/X (sky130_fd_sc_hd__or2_1)
     3    0.01                           _11177_ (net)
                  0.15    0.00   16.18 v _14129_/B (sky130_fd_sc_hd__or2_1)
                  0.08    0.46   16.65 v _14129_/X (sky130_fd_sc_hd__or2_1)
     2    0.00                           _11178_ (net)
                  0.08    0.00   16.65 v _14130_/B (sky130_fd_sc_hd__or2_2)
                  0.14    0.67   17.31 v _14130_/X (sky130_fd_sc_hd__or2_2)
     3    0.01                           _11179_ (net)
                  0.14    0.00   17.31 v _14131_/B (sky130_fd_sc_hd__or2_1)
                  0.08    0.46   17.78 v _14131_/X (sky130_fd_sc_hd__or2_1)
     2    0.00                           _11180_ (net)
                  0.08    0.00   17.78 v _14132_/B (sky130_fd_sc_hd__or2_1)
                  0.13    0.50   18.28 v _14132_/X (sky130_fd_sc_hd__or2_1)
     3    0.01                           _11181_ (net)
                  0.13    0.00   18.28 v _14133_/B (sky130_fd_sc_hd__or2_1)
                  0.08    0.46   18.73 v _14133_/X (sky130_fd_sc_hd__or2_1)
     2    0.00                           _11182_ (net)
                  0.08    0.00   18.73 v _14134_/B (sky130_fd_sc_hd__or2_2)
                  0.14    0.67   19.40 v _14134_/X (sky130_fd_sc_hd__or2_2)
     3    0.01                           _11183_ (net)
                  0.14    0.00   19.40 v _14135_/B (sky130_fd_sc_hd__or2_1)
                  0.08    0.46   19.86 v _14135_/X (sky130_fd_sc_hd__or2_1)
     2    0.00                           _11184_ (net)
                  0.08    0.00   19.86 v _14136_/B (sky130_fd_sc_hd__or2_2)
                  0.14    0.67   20.53 v _14136_/X (sky130_fd_sc_hd__or2_2)
     3    0.01                           _11185_ (net)
                  0.14    0.00   20.53 v _14137_/B (sky130_fd_sc_hd__or2_1)
                  0.08    0.46   20.99 v _14137_/X (sky130_fd_sc_hd__or2_1)
     2    0.00                           _11186_ (net)
                  0.08    0.00   20.99 v _14138_/B (sky130_fd_sc_hd__or2_2)
                  0.14    0.67   21.66 v _14138_/X (sky130_fd_sc_hd__or2_2)
     3    0.01                           _11187_ (net)
                  0.14    0.00   21.66 v _14139_/B (sky130_fd_sc_hd__or2_1)
                  0.08    0.46   22.12 v _14139_/X (sky130_fd_sc_hd__or2_1)
     2    0.00                           _11188_ (net)
                  0.08    0.00   22.12 v _14140_/B (sky130_fd_sc_hd__or2_1)
                  0.13    0.50   22.62 v _14140_/X (sky130_fd_sc_hd__or2_1)
     3    0.01                           _11189_ (net)
                  0.13    0.00   22.62 v _14141_/B (sky130_fd_sc_hd__or2_1)
                  0.08    0.46   23.08 v _14141_/X (sky130_fd_sc_hd__or2_1)
     2    0.00                           _11190_ (net)
                  0.08    0.00   23.08 v _14142_/B (sky130_fd_sc_hd__or2_2)
                  0.14    0.67   23.74 v _14142_/X (sky130_fd_sc_hd__or2_2)
     3    0.01                           _11191_ (net)
                  0.14    0.00   23.74 v _14143_/B (sky130_fd_sc_hd__or2_1)
                  0.08    0.46   24.21 v _14143_/X (sky130_fd_sc_hd__or2_1)
     2    0.00                           _11192_ (net)
                  0.08    0.00   24.21 v _14144_/B (sky130_fd_sc_hd__or2_2)
                  0.14    0.67   24.87 v _14144_/X (sky130_fd_sc_hd__or2_2)
     3    0.01                           _11193_ (net)
                  0.14    0.00   24.87 v _14145_/B (sky130_fd_sc_hd__or2_1)
                  0.08    0.46   25.33 v _14145_/X (sky130_fd_sc_hd__or2_1)
     2    0.00                           _11194_ (net)
                  0.08    0.00   25.33 v _14146_/B (sky130_fd_sc_hd__or2_2)
                  0.14    0.67   26.00 v _14146_/X (sky130_fd_sc_hd__or2_2)
     3    0.01                           _11195_ (net)
                  0.14    0.00   26.00 v _14147_/B (sky130_fd_sc_hd__or2_1)
                  0.08    0.46   26.47 v _14147_/X (sky130_fd_sc_hd__or2_1)
     2    0.00                           _11196_ (net)
                  0.08    0.00   26.47 v _14148_/B (sky130_fd_sc_hd__or2_1)
                  0.15    0.52   26.98 v _14148_/X (sky130_fd_sc_hd__or2_1)
     3    0.01                           _11197_ (net)
                  0.15    0.00   26.98 v _14149_/B (sky130_fd_sc_hd__or2_1)
                  0.08    0.46   27.45 v _14149_/X (sky130_fd_sc_hd__or2_1)
     2    0.00                           _11198_ (net)
                  0.08    0.00   27.45 v _14150_/B (sky130_fd_sc_hd__or2_2)
                  0.14    0.67   28.12 v _14150_/X (sky130_fd_sc_hd__or2_2)
     3    0.01                           _11199_ (net)
                  0.14    0.00   28.12 v _14175_/A2 (sky130_fd_sc_hd__a211oi_2)
                  0.20    0.35   28.46 ^ _14175_/Y (sky130_fd_sc_hd__a211oi_2)
     1    0.00                           _03785_ (net)
                  0.20    0.00   28.46 ^ _27619_/D (sky130_fd_sc_hd__dfxtp_1)
                                 28.46   data arrival time

                  0.00   24.73   24.73   clock clk (rise edge)
                          0.00   24.73   clock network delay (ideal)
                          0.00   24.73   clock reconvergence pessimism
                                 24.73 ^ _27619_/CLK (sky130_fd_sc_hd__dfxtp_1)
                         -0.17   24.56   library setup time
                                 24.56   data required time
-----------------------------------------------------------------------------
                                 24.56   data required time
                                -28.46   data arrival time
-----------------------------------------------------------------------------
                                 -3.91   slack (VIOLATED)


Startpoint: _27871_ (rising edge-triggered flip-flop clocked by clk)
Endpoint: _27743_ (rising edge-triggered flip-flop clocked by clk)
Path Group: clk
Path Type: max

Fanout     Cap    Slew   Delay    Time   Description
-----------------------------------------------------------------------------
                  0.00    0.00    0.00   clock clk (rise edge)
                          0.00    0.00   clock network delay (ideal)
                  0.00    0.00    0.00 ^ _27871_/CLK (sky130_fd_sc_hd__dfxtp_2)
                  0.20    0.72    0.72 ^ _27871_/Q (sky130_fd_sc_hd__dfxtp_2)
     6    0.02                           irq_mask[12] (net)
                  0.20    0.00    0.72 ^ _13137_/A1 (sky130_fd_sc_hd__o22ai_1)
                  0.10    0.21    0.93 v _13137_/Y (sky130_fd_sc_hd__o22ai_1)
     1    0.00                           _10539_ (net)
                  0.10    0.00    0.93 v _13138_/C1 (sky130_fd_sc_hd__a221o_1)
                  0.09    0.49    1.42 v _13138_/X (sky130_fd_sc_hd__a221o_1)
     1    0.00                           _10540_ (net)
                  0.09    0.00    1.42 v _13157_/A (sky130_fd_sc_hd__or4_4)
                  0.14    1.03    2.45 v _13157_/X (sky130_fd_sc_hd__or4_4)
     1    0.00                           _10559_ (net)
                  0.14    0.00    2.45 v _13160_/A2 (sky130_fd_sc_hd__o2111a_1)
                  0.08    0.44    2.89 v _13160_/X (sky130_fd_sc_hd__o2111a_1)
     2    0.00                           _10562_ (net)
                  0.08    0.00    2.89 v _13161_/C (sky130_fd_sc_hd__or3_1)
                  0.15    0.73    3.62 v _13161_/X (sky130_fd_sc_hd__or3_1)
     2    0.00                           _10563_ (net)
                  0.15    0.00    3.62 v _13164_/A (sky130_fd_sc_hd__or2_1)
                  0.11    0.53    4.15 v _13164_/X (sky130_fd_sc_hd__or2_1)
     2    0.00                           _10565_ (net)
                  0.11    0.00    4.15 v _13165_/C (sky130_fd_sc_hd__or3_4)
                  0.12    0.66    4.81 v _13165_/X (sky130_fd_sc_hd__or3_4)
     4    0.00                           _10566_ (net)
                  0.12    0.00    4.81 v _13690_/B (sky130_fd_sc_hd__or2_2)
                  0.15    0.69    5.50 v _13690_/X (sky130_fd_sc_hd__or2_2)
     5    0.01                           _10910_ (net)
                  0.15    0.00    5.50 v _13691_/C (sky130_fd_sc_hd__or3_2)
                  0.15    0.95    6.45 v _13691_/X (sky130_fd_sc_hd__or3_2)
     2    0.00                           _10911_ (net)
                  0.15    0.00    6.45 v _13692_/B (sky130_fd_sc_hd__or2_2)
                  0.13    0.68    7.13 v _13692_/X (sky130_fd_sc_hd__or2_2)
     3    0.01                           _10912_ (net)
                  0.13    0.00    7.13 v _13693_/B (sky130_fd_sc_hd__or2_1)
                  0.08    0.46    7.59 v _13693_/X (sky130_fd_sc_hd__or2_1)
     2    0.00                           _10913_ (net)
                  0.08    0.00    7.59 v _13694_/B (sky130_fd_sc_hd__or2_2)
                  0.14    0.67    8.26 v _13694_/X (sky130_fd_sc_hd__or2_2)
     3    0.01                           _10914_ (net)
                  0.14    0.00    8.26 v _13695_/B (sky130_fd_sc_hd__or2_1)
                  0.08    0.46    8.72 v _13695_/X (sky130_fd_sc_hd__or2_1)
     2    0.00                           _10915_ (net)
                  0.08    0.00    8.72 v _13696_/B (sky130_fd_sc_hd__or2_1)
                  0.15    0.52    9.24 v _13696_/X (sky130_fd_sc_hd__or2_1)
     3    0.01                           _10916_ (net)
                  0.15    0.00    9.24 v _13697_/B (sky130_fd_sc_hd__or2_1)
                  0.08    0.46    9.70 v _13697_/X (sky130_fd_sc_hd__or2_1)
     2    0.00                           _10917_ (net)
                  0.08    0.00    9.70 v _13698_/B (sky130_fd_sc_hd__or2_1)
                  0.13    0.50   10.20 v _13698_/X (sky130_fd_sc_hd__or2_1)
     3    0.01                           _10918_ (net)
                  0.13    0.00   10.20 v _13699_/B (sky130_fd_sc_hd__or2_1)
                  0.08    0.46   10.66 v _13699_/X (sky130_fd_sc_hd__or2_1)
     2    0.00                           _10919_ (net)
                  0.08    0.00   10.66 v _13700_/B (sky130_fd_sc_hd__or2_2)
                  0.14    0.67   11.32 v _13700_/X (sky130_fd_sc_hd__or2_2)
     3    0.01                           _10920_ (net)
                  0.14    0.00   11.32 v _13701_/B (sky130_fd_sc_hd__or2_1)
                  0.08    0.46   11.79 v _13701_/X (sky130_fd_sc_hd__or2_1)
     2    0.00                           _10921_ (net)
                  0.08    0.00   11.79 v _13702_/B (sky130_fd_sc_hd__or2_2)
                  0.14    0.67   12.45 v _13702_/X (sky130_fd_sc_hd__or2_2)
     3    0.01                           _10922_ (net)
                  0.14    0.00   12.45 v _13703_/B (sky130_fd_sc_hd__or2_1)
                  0.08    0.46   12.92 v _13703_/X (sky130_fd_sc_hd__or2_1)
     2    0.00                           _10923_ (net)
                  0.08    0.00   12.92 v _13704_/B (sky130_fd_sc_hd__or2_1)
                  0.15    0.52   13.44 v _13704_/X (sky130_fd_sc_hd__or2_1)
     3    0.01                           _10924_ (net)
                  0.15    0.00   13.44 v _13705_/B (sky130_fd_sc_hd__or2_1)
                  0.08    0.46   13.90 v _13705_/X (sky130_fd_sc_hd__or2_1)
     2    0.00                           _10925_ (net)
                  0.08    0.00   13.90 v _13706_/B (sky130_fd_sc_hd__or2_2)
                  0.14    0.67   14.57 v _13706_/X (sky130_fd_sc_hd__or2_2)
     3    0.01                           _10926_ (net)
                  0.14    0.00   14.57 v _13707_/B (sky130_fd_sc_hd__or2_1)
                  0.08    0.46   15.03 v _13707_/X (sky130_fd_sc_hd__or2_1)
     2    0.00                           _10927_ (net)
                  0.08    0.00   15.03 v _13708_/B (sky130_fd_sc_hd__or2_2)
                  0.14    0.67   15.70 v _13708_/X (sky130_fd_sc_hd__or2_2)
     3    0.01                           _10928_ (net)
                  0.14    0.00   15.70 v _13709_/B (sky130_fd_sc_hd__or2_1)
                  0.08    0.46   16.16 v _13709_/X (sky130_fd_sc_hd__or2_1)
     2    0.00                           _10929_ (net)
                  0.08    0.00   16.16 v _13710_/B (sky130_fd_sc_hd__or2_2)
                  0.14    0.67   16.82 v _13710_/X (sky130_fd_sc_hd__or2_2)
     3    0.01                           _10930_ (net)
                  0.14    0.00   16.82 v _13711_/B (sky130_fd_sc_hd__or2_1)
                  0.08    0.46   17.29 v _13711_/X (sky130_fd_sc_hd__or2_1)
     2    0.00                           _10931_ (net)
                  0.08    0.00   17.29 v _13712_/B (sky130_fd_sc_hd__or2_2)
                  0.14    0.67   17.95 v _13712_/X (sky130_fd_sc_hd__or2_2)
     3    0.01                           _10932_ (net)
                  0.14    0.00   17.95 v _13713_/B (sky130_fd_sc_hd__or2_1)
                  0.08    0.46   18.42 v _13713_/X (sky130_fd_sc_hd__or2_1)
     2    0.00                           _10933_ (net)
                  0.08    0.00   18.42 v _13714_/B (sky130_fd_sc_hd__or2_2)
                  0.14    0.67   19.08 v _13714_/X (sky130_fd_sc_hd__or2_2)
     3    0.01                           _10934_ (net)
                  0.14    0.00   19.08 v _13715_/B (sky130_fd_sc_hd__or2_1)
                  0.08    0.46   19.55 v _13715_/X (sky130_fd_sc_hd__or2_1)
     2    0.00                           _10935_ (net)
                  0.08    0.00   19.55 v _13716_/B (sky130_fd_sc_hd__or2_1)
                  0.13    0.50   20.05 v _13716_/X (sky130_fd_sc_hd__or2_1)
     3    0.01                           _10936_ (net)
                  0.13    0.00   20.05 v _13717_/B (sky130_fd_sc_hd__or2_1)
                  0.08    0.46   20.50 v _13717_/X (sky130_fd_sc_hd__or2_1)
     2    0.00                           _10937_ (net)
                  0.08    0.00   20.50 v _13718_/B (sky130_fd_sc_hd__or2_2)
                  0.14    0.67   21.17 v _13718_/X (sky130_fd_sc_hd__or2_2)
     3    0.01                           _10938_ (net)
                  0.14    0.00   21.17 v _13719_/B (sky130_fd_sc_hd__or2_1)
                  0.08    0.46   21.63 v _13719_/X (sky130_fd_sc_hd__or2_1)
     2    0.00                           _10939_ (net)
                  0.08    0.00   21.63 v _13720_/B (sky130_fd_sc_hd__or2_1)
                  0.15    0.52   22.15 v _13720_/X (sky130_fd_sc_hd__or2_1)
     3    0.01                           _10940_ (net)
                  0.15    0.00   22.15 v _13721_/B (sky130_fd_sc_hd__or2_1)
                  0.08    0.46   22.61 v _13721_/X (sky130_fd_sc_hd__or2_1)
     2    0.00                           _10941_ (net)
                  0.08    0.00   22.61 v _13722_/B (sky130_fd_sc_hd__or2_1)
                  0.13    0.50   23.11 v _13722_/X (sky130_fd_sc_hd__or2_1)
     3    0.01                           _10942_ (net)
                  0.13    0.00   23.11 v _13723_/B (sky130_fd_sc_hd__or2_1)
                  0.08    0.46   23.57 v _13723_/X (sky130_fd_sc_hd__or2_1)
     2    0.00                           _10943_ (net)
                  0.08    0.00   23.57 v _13724_/B (sky130_fd_sc_hd__or2_1)
                  0.13    0.50   24.07 v _13724_/X (sky130_fd_sc_hd__or2_1)
     3    0.01                           _10944_ (net)
                  0.13    0.00   24.07 v _13725_/B (sky130_fd_sc_hd__or2_1)
                  0.08    0.46   24.53 v _13725_/X (sky130_fd_sc_hd__or2_1)
     2    0.00                           _10945_ (net)
                  0.08    0.00   24.53 v _13726_/B (sky130_fd_sc_hd__or2_1)
                  0.13    0.50   25.03 v _13726_/X (sky130_fd_sc_hd__or2_1)
     3    0.01                           _10946_ (net)
                  0.13    0.00   25.03 v _13727_/B (sky130_fd_sc_hd__or2_1)
                  0.08    0.46   25.48 v _13727_/X (sky130_fd_sc_hd__or2_1)
     2    0.00                           _10947_ (net)
                  0.08    0.00   25.48 v _13728_/B (sky130_fd_sc_hd__or2_2)
                  0.14    0.67   26.15 v _13728_/X (sky130_fd_sc_hd__or2_2)
     3    0.01                           _10948_ (net)
                  0.14    0.00   26.15 v _13729_/B (sky130_fd_sc_hd__or2_1)
                  0.08    0.46   26.61 v _13729_/X (sky130_fd_sc_hd__or2_1)
     2    0.00                           _10949_ (net)
                  0.08    0.00   26.61 v _13730_/B (sky130_fd_sc_hd__or2_1)
                  0.13    0.50   27.11 v _13730_/X (sky130_fd_sc_hd__or2_1)
     3    0.01                           _10950_ (net)
                  0.13    0.00   27.11 v _13731_/B (sky130_fd_sc_hd__or2_1)
                  0.08    0.46   27.57 v _13731_/X (sky130_fd_sc_hd__or2_1)
     2    0.00                           _10951_ (net)
                  0.08    0.00   27.57 v _13732_/B (sky130_fd_sc_hd__or2_1)
                  0.13    0.50   28.07 v _13732_/X (sky130_fd_sc_hd__or2_1)
     3    0.01                           _10952_ (net)
                  0.13    0.00   28.07 v _13785_/A2 (sky130_fd_sc_hd__a211oi_1)
                  0.25    0.36   28.43 ^ _13785_/Y (sky130_fd_sc_hd__a211oi_1)
     1    0.00                           _03909_ (net)
                  0.25    0.00   28.43 ^ _27743_/D (sky130_fd_sc_hd__dfxtp_1)
                                 28.43   data arrival time

                  0.00   24.73   24.73   clock clk (rise edge)
                          0.00   24.73   clock network delay (ideal)
                          0.00   24.73   clock reconvergence pessimism
                                 24.73 ^ _27743_/CLK (sky130_fd_sc_hd__dfxtp_1)
                         -0.19   24.54   library setup time
                                 24.54   data required time
-----------------------------------------------------------------------------
                                 24.54   data required time
                                -28.43   data arrival time
-----------------------------------------------------------------------------
                                 -3.89   slack (VIOLATED)


Startpoint: _27565_ (rising edge-triggered flip-flop clocked by clk)
Endpoint: _27618_ (rising edge-triggered flip-flop clocked by clk)
Path Group: clk
Path Type: max

Fanout     Cap    Slew   Delay    Time   Description
-----------------------------------------------------------------------------
                  0.00    0.00    0.00   clock clk (rise edge)
                          0.00    0.00   clock network delay (ideal)
                  0.00    0.00    0.00 ^ _27565_/CLK (sky130_fd_sc_hd__dfxtp_1)
                  0.16    0.66    0.66 ^ _27565_/Q (sky130_fd_sc_hd__dfxtp_1)
     3    0.01                           count_cycle[0] (net)
                  0.16    0.00    0.66 ^ _14096_/A (sky130_fd_sc_hd__inv_2)
                  0.07    0.13    0.79 v _14096_/Y (sky130_fd_sc_hd__inv_2)
     6    0.01                           _02559_ (net)
                  0.07    0.00    0.79 v _14100_/A (sky130_fd_sc_hd__or4_4)
                  0.14    1.01    1.80 v _14100_/X (sky130_fd_sc_hd__or4_4)
     2    0.00                           _11149_ (net)
                  0.14    0.00    1.80 v _14101_/B (sky130_fd_sc_hd__or2_1)
                  0.11    0.49    2.29 v _14101_/X (sky130_fd_sc_hd__or2_1)
     3    0.00                           _11150_ (net)
                  0.11    0.00    2.29 v _14102_/B (sky130_fd_sc_hd__or2_1)
                  0.13    0.51    2.80 v _14102_/X (sky130_fd_sc_hd__or2_1)
     3    0.01                           _11151_ (net)
                  0.13    0.00    2.80 v _14103_/B (sky130_fd_sc_hd__or2_1)
                  0.08    0.46    3.26 v _14103_/X (sky130_fd_sc_hd__or2_1)
     2    0.00                           _11152_ (net)
                  0.08    0.00    3.26 v _14104_/B (sky130_fd_sc_hd__or2_1)
                  0.15    0.52    3.78 v _14104_/X (sky130_fd_sc_hd__or2_1)
     3    0.01                           _11153_ (net)
                  0.15    0.00    3.78 v _14105_/B (sky130_fd_sc_hd__or2_1)
                  0.08    0.46    4.24 v _14105_/X (sky130_fd_sc_hd__or2_1)
     2    0.00                           _11154_ (net)
                  0.08    0.00    4.24 v _14106_/B (sky130_fd_sc_hd__or2_1)
                  0.13    0.50    4.74 v _14106_/X (sky130_fd_sc_hd__or2_1)
     3    0.01                           _11155_ (net)
                  0.13    0.00    4.74 v _14107_/B (sky130_fd_sc_hd__or2_1)
                  0.08    0.46    5.20 v _14107_/X (sky130_fd_sc_hd__or2_1)
     2    0.00                           _11156_ (net)
                  0.08    0.00    5.20 v _14108_/B (sky130_fd_sc_hd__or2_2)
                  0.14    0.67    5.87 v _14108_/X (sky130_fd_sc_hd__or2_2)
     3    0.01                           _11157_ (net)
                  0.14    0.00    5.87 v _14109_/B (sky130_fd_sc_hd__or2_1)
                  0.08    0.46    6.33 v _14109_/X (sky130_fd_sc_hd__or2_1)
     2    0.00                           _11158_ (net)
                  0.08    0.00    6.33 v _14110_/B (sky130_fd_sc_hd__or2_1)
                  0.13    0.50    6.83 v _14110_/X (sky130_fd_sc_hd__or2_1)
     3    0.01                           _11159_ (net)
                  0.13    0.00    6.83 v _14111_/B (sky130_fd_sc_hd__or2_1)
                  0.08    0.46    7.29 v _14111_/X (sky130_fd_sc_hd__or2_1)
     2    0.00                           _11160_ (net)
                  0.08    0.00    7.29 v _14112_/B (sky130_fd_sc_hd__or2_1)
                  0.13    0.50    7.79 v _14112_/X (sky130_fd_sc_hd__or2_1)
     3    0.01                           _11161_ (net)
                  0.13    0.00    7.79 v _14113_/B (sky130_fd_sc_hd__or2_1)
                  0.08    0.46    8.24 v _14113_/X (sky130_fd_sc_hd__or2_1)
     2    0.00                           _11162_ (net)
                  0.08    0.00    8.24 v _14114_/B (sky130_fd_sc_hd__or2_2)
                  0.14    0.67    8.91 v _14114_/X (sky130_fd_sc_hd__or2_2)
     3    0.01                           _11163_ (net)
                  0.14    0.00    8.91 v _14115_/B (sky130_fd_sc_hd__or2_1)
                  0.08    0.46    9.37 v _14115_/X (sky130_fd_sc_hd__or2_1)
     2    0.00                           _11164_ (net)
                  0.08    0.00    9.37 v _14116_/B (sky130_fd_sc_hd__or2_2)
                  0.14    0.67   10.04 v _14116_/X (sky130_fd_sc_hd__or2_2)
     3    0.01                           _11165_ (net)
                  0.14    0.00   10.04 v _14117_/B (sky130_fd_sc_hd__or2_1)
                  0.08    0.46   10.50 v _14117_/X (sky130_fd_sc_hd__or2_1)
     2    0.00                           _11166_ (net)
                  0.08    0.00   10.50 v _14118_/B (sky130_fd_sc_hd__or2_1)
                  0.15    0.52   11.02 v _14118_/X (sky130_fd_sc_hd__or2_1)
     3    0.01                           _11167_ (net)
                  0.15    0.00   11.02 v _14119_/B (sky130_fd_sc_hd__or2_1)
                  0.08    0.46   11.48 v _14119_/X (sky130_fd_sc_hd__or2_1)
     2    0.00                           _11168_ (net)
                  0.08    0.00   11.48 v _14120_/B (sky130_fd_sc_hd__or2_1)
                  0.15    0.52   12.00 v _14120_/X (sky130_fd_sc_hd__or2_1)
     3    0.01                           _11169_ (net)
                  0.15    0.00   12.00 v _14121_/B (sky130_fd_sc_hd__or2_1)
                  0.08    0.46   12.47 v _14121_/X (sky130_fd_sc_hd__or2_1)
     2    0.00                           _11170_ (net)
                  0.08    0.00   12.47 v _14122_/B (sky130_fd_sc_hd__or2_2)
                  0.14    0.67   13.13 v _14122_/X (sky130_fd_sc_hd__or2_2)
     3    0.01                           _11171_ (net)
                  0.14    0.00   13.13 v _14123_/B (sky130_fd_sc_hd__or2_1)
                  0.08    0.46   13.60 v _14123_/X (sky130_fd_sc_hd__or2_1)
     2    0.00                           _11172_ (net)
                  0.08    0.00   13.60 v _14124_/B (sky130_fd_sc_hd__or2_1)
                  0.13    0.50   14.10 v _14124_/X (sky130_fd_sc_hd__or2_1)
     3    0.01                           _11173_ (net)
                  0.13    0.00   14.10 v _14125_/B (sky130_fd_sc_hd__or2_1)
                  0.08    0.46   14.55 v _14125_/X (sky130_fd_sc_hd__or2_1)
     2    0.00                           _11174_ (net)
                  0.08    0.00   14.55 v _14126_/B (sky130_fd_sc_hd__or2_2)
                  0.13    0.65   15.21 v _14126_/X (sky130_fd_sc_hd__or2_2)
     3    0.01                           _11175_ (net)
                  0.13    0.00   15.21 v _14127_/B (sky130_fd_sc_hd__or2_1)
                  0.08    0.46   15.66 v _14127_/X (sky130_fd_sc_hd__or2_1)
     2    0.00                           _11176_ (net)
                  0.08    0.00   15.66 v _14128_/B (sky130_fd_sc_hd__or2_1)
                  0.15    0.52   16.18 v _14128_/X (sky130_fd_sc_hd__or2_1)
     3    0.01                           _11177_ (net)
                  0.15    0.00   16.18 v _14129_/B (sky130_fd_sc_hd__or2_1)
                  0.08    0.46   16.65 v _14129_/X (sky130_fd_sc_hd__or2_1)
     2    0.00                           _11178_ (net)
                  0.08    0.00   16.65 v _14130_/B (sky130_fd_sc_hd__or2_2)
                  0.14    0.67   17.31 v _14130_/X (sky130_fd_sc_hd__or2_2)
     3    0.01                           _11179_ (net)
                  0.14    0.00   17.31 v _14131_/B (sky130_fd_sc_hd__or2_1)
                  0.08    0.46   17.78 v _14131_/X (sky130_fd_sc_hd__or2_1)
     2    0.00                           _11180_ (net)
                  0.08    0.00   17.78 v _14132_/B (sky130_fd_sc_hd__or2_1)
                  0.13    0.50   18.28 v _14132_/X (sky130_fd_sc_hd__or2_1)
     3    0.01                           _11181_ (net)
                  0.13    0.00   18.28 v _14133_/B (sky130_fd_sc_hd__or2_1)
                  0.08    0.46   18.73 v _14133_/X (sky130_fd_sc_hd__or2_1)
     2    0.00                           _11182_ (net)
                  0.08    0.00   18.73 v _14134_/B (sky130_fd_sc_hd__or2_2)
                  0.14    0.67   19.40 v _14134_/X (sky130_fd_sc_hd__or2_2)
     3    0.01                           _11183_ (net)
                  0.14    0.00   19.40 v _14135_/B (sky130_fd_sc_hd__or2_1)
                  0.08    0.46   19.86 v _14135_/X (sky130_fd_sc_hd__or2_1)
     2    0.00                           _11184_ (net)
                  0.08    0.00   19.86 v _14136_/B (sky130_fd_sc_hd__or2_2)
                  0.14    0.67   20.53 v _14136_/X (sky130_fd_sc_hd__or2_2)
     3    0.01                           _11185_ (net)
                  0.14    0.00   20.53 v _14137_/B (sky130_fd_sc_hd__or2_1)
                  0.08    0.46   20.99 v _14137_/X (sky130_fd_sc_hd__or2_1)
     2    0.00                           _11186_ (net)
                  0.08    0.00   20.99 v _14138_/B (sky130_fd_sc_hd__or2_2)
                  0.14    0.67   21.66 v _14138_/X (sky130_fd_sc_hd__or2_2)
     3    0.01                           _11187_ (net)
                  0.14    0.00   21.66 v _14139_/B (sky130_fd_sc_hd__or2_1)
                  0.08    0.46   22.12 v _14139_/X (sky130_fd_sc_hd__or2_1)
     2    0.00                           _11188_ (net)
                  0.08    0.00   22.12 v _14140_/B (sky130_fd_sc_hd__or2_1)
                  0.13    0.50   22.62 v _14140_/X (sky130_fd_sc_hd__or2_1)
     3    0.01                           _11189_ (net)
                  0.13    0.00   22.62 v _14141_/B (sky130_fd_sc_hd__or2_1)
                  0.08    0.46   23.08 v _14141_/X (sky130_fd_sc_hd__or2_1)
     2    0.00                           _11190_ (net)
                  0.08    0.00   23.08 v _14142_/B (sky130_fd_sc_hd__or2_2)
                  0.14    0.67   23.74 v _14142_/X (sky130_fd_sc_hd__or2_2)
     3    0.01                           _11191_ (net)
                  0.14    0.00   23.74 v _14143_/B (sky130_fd_sc_hd__or2_1)
                  0.08    0.46   24.21 v _14143_/X (sky130_fd_sc_hd__or2_1)
     2    0.00                           _11192_ (net)
                  0.08    0.00   24.21 v _14144_/B (sky130_fd_sc_hd__or2_2)
                  0.14    0.67   24.87 v _14144_/X (sky130_fd_sc_hd__or2_2)
     3    0.01                           _11193_ (net)
                  0.14    0.00   24.87 v _14145_/B (sky130_fd_sc_hd__or2_1)
                  0.08    0.46   25.33 v _14145_/X (sky130_fd_sc_hd__or2_1)
     2    0.00                           _11194_ (net)
                  0.08    0.00   25.33 v _14146_/B (sky130_fd_sc_hd__or2_2)
                  0.14    0.67   26.00 v _14146_/X (sky130_fd_sc_hd__or2_2)
     3    0.01                           _11195_ (net)
                  0.14    0.00   26.00 v _14147_/B (sky130_fd_sc_hd__or2_1)
                  0.08    0.46   26.47 v _14147_/X (sky130_fd_sc_hd__or2_1)
     2    0.00                           _11196_ (net)
                  0.08    0.00   26.47 v _14148_/B (sky130_fd_sc_hd__or2_1)
                  0.15    0.52   26.98 v _14148_/X (sky130_fd_sc_hd__or2_1)
     3    0.01                           _11197_ (net)
                  0.15    0.00   26.98 v _14149_/B (sky130_fd_sc_hd__or2_1)
                  0.08    0.46   27.45 v _14149_/X (sky130_fd_sc_hd__or2_1)
     2    0.00                           _11198_ (net)
                  0.08    0.00   27.45 v _14150_/B (sky130_fd_sc_hd__or2_2)
                  0.14    0.67   28.12 v _14150_/X (sky130_fd_sc_hd__or2_2)
     3    0.01                           _11199_ (net)
                  0.14    0.00   28.12 v _14178_/C1 (sky130_fd_sc_hd__o211a_1)
                  0.06    0.22   28.33 v _14178_/X (sky130_fd_sc_hd__o211a_1)
     1    0.00                           _03784_ (net)
                  0.06    0.00   28.33 v _27618_/D (sky130_fd_sc_hd__dfxtp_1)
                                 28.33   data arrival time

                  0.00   24.73   24.73   clock clk (rise edge)
                          0.00   24.73   clock network delay (ideal)
                          0.00   24.73   clock reconvergence pessimism
                                 24.73 ^ _27618_/CLK (sky130_fd_sc_hd__dfxtp_1)
                         -0.28   24.45   library setup time
                                 24.45   data required time
-----------------------------------------------------------------------------
                                 24.45   data required time
                                -28.33   data arrival time
-----------------------------------------------------------------------------
                                 -3.89   slack (VIOLATED)


Startpoint: _27871_ (rising edge-triggered flip-flop clocked by clk)
Endpoint: _27742_ (rising edge-triggered flip-flop clocked by clk)
Path Group: clk
Path Type: max

Fanout     Cap    Slew   Delay    Time   Description
-----------------------------------------------------------------------------
                  0.00    0.00    0.00   clock clk (rise edge)
                          0.00    0.00   clock network delay (ideal)
                  0.00    0.00    0.00 ^ _27871_/CLK (sky130_fd_sc_hd__dfxtp_2)
                  0.20    0.72    0.72 ^ _27871_/Q (sky130_fd_sc_hd__dfxtp_2)
     6    0.02                           irq_mask[12] (net)
                  0.20    0.00    0.72 ^ _13137_/A1 (sky130_fd_sc_hd__o22ai_1)
                  0.10    0.21    0.93 v _13137_/Y (sky130_fd_sc_hd__o22ai_1)
     1    0.00                           _10539_ (net)
                  0.10    0.00    0.93 v _13138_/C1 (sky130_fd_sc_hd__a221o_1)
                  0.09    0.49    1.42 v _13138_/X (sky130_fd_sc_hd__a221o_1)
     1    0.00                           _10540_ (net)
                  0.09    0.00    1.42 v _13157_/A (sky130_fd_sc_hd__or4_4)
                  0.14    1.03    2.45 v _13157_/X (sky130_fd_sc_hd__or4_4)
     1    0.00                           _10559_ (net)
                  0.14    0.00    2.45 v _13160_/A2 (sky130_fd_sc_hd__o2111a_1)
                  0.08    0.44    2.89 v _13160_/X (sky130_fd_sc_hd__o2111a_1)
     2    0.00                           _10562_ (net)
                  0.08    0.00    2.89 v _13161_/C (sky130_fd_sc_hd__or3_1)
                  0.15    0.73    3.62 v _13161_/X (sky130_fd_sc_hd__or3_1)
     2    0.00                           _10563_ (net)
                  0.15    0.00    3.62 v _13164_/A (sky130_fd_sc_hd__or2_1)
                  0.11    0.53    4.15 v _13164_/X (sky130_fd_sc_hd__or2_1)
     2    0.00                           _10565_ (net)
                  0.11    0.00    4.15 v _13165_/C (sky130_fd_sc_hd__or3_4)
                  0.12    0.66    4.81 v _13165_/X (sky130_fd_sc_hd__or3_4)
     4    0.00                           _10566_ (net)
                  0.12    0.00    4.81 v _13690_/B (sky130_fd_sc_hd__or2_2)
                  0.15    0.69    5.50 v _13690_/X (sky130_fd_sc_hd__or2_2)
     5    0.01                           _10910_ (net)
                  0.15    0.00    5.50 v _13691_/C (sky130_fd_sc_hd__or3_2)
                  0.15    0.95    6.45 v _13691_/X (sky130_fd_sc_hd__or3_2)
     2    0.00                           _10911_ (net)
                  0.15    0.00    6.45 v _13692_/B (sky130_fd_sc_hd__or2_2)
                  0.13    0.68    7.13 v _13692_/X (sky130_fd_sc_hd__or2_2)
     3    0.01                           _10912_ (net)
                  0.13    0.00    7.13 v _13693_/B (sky130_fd_sc_hd__or2_1)
                  0.08    0.46    7.59 v _13693_/X (sky130_fd_sc_hd__or2_1)
     2    0.00                           _10913_ (net)
                  0.08    0.00    7.59 v _13694_/B (sky130_fd_sc_hd__or2_2)
                  0.14    0.67    8.26 v _13694_/X (sky130_fd_sc_hd__or2_2)
     3    0.01                           _10914_ (net)
                  0.14    0.00    8.26 v _13695_/B (sky130_fd_sc_hd__or2_1)
                  0.08    0.46    8.72 v _13695_/X (sky130_fd_sc_hd__or2_1)
     2    0.00                           _10915_ (net)
                  0.08    0.00    8.72 v _13696_/B (sky130_fd_sc_hd__or2_1)
                  0.15    0.52    9.24 v _13696_/X (sky130_fd_sc_hd__or2_1)
     3    0.01                           _10916_ (net)
                  0.15    0.00    9.24 v _13697_/B (sky130_fd_sc_hd__or2_1)
                  0.08    0.46    9.70 v _13697_/X (sky130_fd_sc_hd__or2_1)
     2    0.00                           _10917_ (net)
                  0.08    0.00    9.70 v _13698_/B (sky130_fd_sc_hd__or2_1)
                  0.13    0.50   10.20 v _13698_/X (sky130_fd_sc_hd__or2_1)
     3    0.01                           _10918_ (net)
                  0.13    0.00   10.20 v _13699_/B (sky130_fd_sc_hd__or2_1)
                  0.08    0.46   10.66 v _13699_/X (sky130_fd_sc_hd__or2_1)
     2    0.00                           _10919_ (net)
                  0.08    0.00   10.66 v _13700_/B (sky130_fd_sc_hd__or2_2)
                  0.14    0.67   11.32 v _13700_/X (sky130_fd_sc_hd__or2_2)
     3    0.01                           _10920_ (net)
                  0.14    0.00   11.32 v _13701_/B (sky130_fd_sc_hd__or2_1)
                  0.08    0.46   11.79 v _13701_/X (sky130_fd_sc_hd__or2_1)
     2    0.00                           _10921_ (net)
                  0.08    0.00   11.79 v _13702_/B (sky130_fd_sc_hd__or2_2)
                  0.14    0.67   12.45 v _13702_/X (sky130_fd_sc_hd__or2_2)
     3    0.01                           _10922_ (net)
                  0.14    0.00   12.45 v _13703_/B (sky130_fd_sc_hd__or2_1)
                  0.08    0.46   12.92 v _13703_/X (sky130_fd_sc_hd__or2_1)
     2    0.00                           _10923_ (net)
                  0.08    0.00   12.92 v _13704_/B (sky130_fd_sc_hd__or2_1)
                  0.15    0.52   13.44 v _13704_/X (sky130_fd_sc_hd__or2_1)
     3    0.01                           _10924_ (net)
                  0.15    0.00   13.44 v _13705_/B (sky130_fd_sc_hd__or2_1)
                  0.08    0.46   13.90 v _13705_/X (sky130_fd_sc_hd__or2_1)
     2    0.00                           _10925_ (net)
                  0.08    0.00   13.90 v _13706_/B (sky130_fd_sc_hd__or2_2)
                  0.14    0.67   14.57 v _13706_/X (sky130_fd_sc_hd__or2_2)
     3    0.01                           _10926_ (net)
                  0.14    0.00   14.57 v _13707_/B (sky130_fd_sc_hd__or2_1)
                  0.08    0.46   15.03 v _13707_/X (sky130_fd_sc_hd__or2_1)
     2    0.00                           _10927_ (net)
                  0.08    0.00   15.03 v _13708_/B (sky130_fd_sc_hd__or2_2)
                  0.14    0.67   15.70 v _13708_/X (sky130_fd_sc_hd__or2_2)
     3    0.01                           _10928_ (net)
                  0.14    0.00   15.70 v _13709_/B (sky130_fd_sc_hd__or2_1)
                  0.08    0.46   16.16 v _13709_/X (sky130_fd_sc_hd__or2_1)
     2    0.00                           _10929_ (net)
                  0.08    0.00   16.16 v _13710_/B (sky130_fd_sc_hd__or2_2)
                  0.14    0.67   16.82 v _13710_/X (sky130_fd_sc_hd__or2_2)
     3    0.01                           _10930_ (net)
                  0.14    0.00   16.82 v _13711_/B (sky130_fd_sc_hd__or2_1)
                  0.08    0.46   17.29 v _13711_/X (sky130_fd_sc_hd__or2_1)
     2    0.00                           _10931_ (net)
                  0.08    0.00   17.29 v _13712_/B (sky130_fd_sc_hd__or2_2)
                  0.14    0.67   17.95 v _13712_/X (sky130_fd_sc_hd__or2_2)
     3    0.01                           _10932_ (net)
                  0.14    0.00   17.95 v _13713_/B (sky130_fd_sc_hd__or2_1)
                  0.08    0.46   18.42 v _13713_/X (sky130_fd_sc_hd__or2_1)
     2    0.00                           _10933_ (net)
                  0.08    0.00   18.42 v _13714_/B (sky130_fd_sc_hd__or2_2)
                  0.14    0.67   19.08 v _13714_/X (sky130_fd_sc_hd__or2_2)
     3    0.01                           _10934_ (net)
                  0.14    0.00   19.08 v _13715_/B (sky130_fd_sc_hd__or2_1)
                  0.08    0.46   19.55 v _13715_/X (sky130_fd_sc_hd__or2_1)
     2    0.00                           _10935_ (net)
                  0.08    0.00   19.55 v _13716_/B (sky130_fd_sc_hd__or2_1)
                  0.13    0.50   20.05 v _13716_/X (sky130_fd_sc_hd__or2_1)
     3    0.01                           _10936_ (net)
                  0.13    0.00   20.05 v _13717_/B (sky130_fd_sc_hd__or2_1)
                  0.08    0.46   20.50 v _13717_/X (sky130_fd_sc_hd__or2_1)
     2    0.00                           _10937_ (net)
                  0.08    0.00   20.50 v _13718_/B (sky130_fd_sc_hd__or2_2)
                  0.14    0.67   21.17 v _13718_/X (sky130_fd_sc_hd__or2_2)
     3    0.01                           _10938_ (net)
                  0.14    0.00   21.17 v _13719_/B (sky130_fd_sc_hd__or2_1)
                  0.08    0.46   21.63 v _13719_/X (sky130_fd_sc_hd__or2_1)
     2    0.00                           _10939_ (net)
                  0.08    0.00   21.63 v _13720_/B (sky130_fd_sc_hd__or2_1)
                  0.15    0.52   22.15 v _13720_/X (sky130_fd_sc_hd__or2_1)
     3    0.01                           _10940_ (net)
                  0.15    0.00   22.15 v _13721_/B (sky130_fd_sc_hd__or2_1)
                  0.08    0.46   22.61 v _13721_/X (sky130_fd_sc_hd__or2_1)
     2    0.00                           _10941_ (net)
                  0.08    0.00   22.61 v _13722_/B (sky130_fd_sc_hd__or2_1)
                  0.13    0.50   23.11 v _13722_/X (sky130_fd_sc_hd__or2_1)
     3    0.01                           _10942_ (net)
                  0.13    0.00   23.11 v _13723_/B (sky130_fd_sc_hd__or2_1)
                  0.08    0.46   23.57 v _13723_/X (sky130_fd_sc_hd__or2_1)
     2    0.00                           _10943_ (net)
                  0.08    0.00   23.57 v _13724_/B (sky130_fd_sc_hd__or2_1)
                  0.13    0.50   24.07 v _13724_/X (sky130_fd_sc_hd__or2_1)
     3    0.01                           _10944_ (net)
                  0.13    0.00   24.07 v _13725_/B (sky130_fd_sc_hd__or2_1)
                  0.08    0.46   24.53 v _13725_/X (sky130_fd_sc_hd__or2_1)
     2    0.00                           _10945_ (net)
                  0.08    0.00   24.53 v _13726_/B (sky130_fd_sc_hd__or2_1)
                  0.13    0.50   25.03 v _13726_/X (sky130_fd_sc_hd__or2_1)
     3    0.01                           _10946_ (net)
                  0.13    0.00   25.03 v _13727_/B (sky130_fd_sc_hd__or2_1)
                  0.08    0.46   25.48 v _13727_/X (sky130_fd_sc_hd__or2_1)
     2    0.00                           _10947_ (net)
                  0.08    0.00   25.48 v _13728_/B (sky130_fd_sc_hd__or2_2)
                  0.14    0.67   26.15 v _13728_/X (sky130_fd_sc_hd__or2_2)
     3    0.01                           _10948_ (net)
                  0.14    0.00   26.15 v _13729_/B (sky130_fd_sc_hd__or2_1)
                  0.08    0.46   26.61 v _13729_/X (sky130_fd_sc_hd__or2_1)
     2    0.00                           _10949_ (net)
                  0.08    0.00   26.61 v _13730_/B (sky130_fd_sc_hd__or2_1)
                  0.13    0.50   27.11 v _13730_/X (sky130_fd_sc_hd__or2_1)
     3    0.01                           _10950_ (net)
                  0.13    0.00   27.11 v _13731_/B (sky130_fd_sc_hd__or2_1)
                  0.08    0.46   27.57 v _13731_/X (sky130_fd_sc_hd__or2_1)
     2    0.00                           _10951_ (net)
                  0.08    0.00   27.57 v _13732_/B (sky130_fd_sc_hd__or2_1)
                  0.13    0.50   28.07 v _13732_/X (sky130_fd_sc_hd__or2_1)
     3    0.01                           _10952_ (net)
                  0.13    0.00   28.07 v _13787_/C1 (sky130_fd_sc_hd__o211a_1)
                  0.06    0.21   28.28 v _13787_/X (sky130_fd_sc_hd__o211a_1)
     1    0.00                           _03908_ (net)
                  0.06    0.00   28.28 v _27742_/D (sky130_fd_sc_hd__dfxtp_1)
                                 28.28   data arrival time

                  0.00   24.73   24.73   clock clk (rise edge)
                          0.00   24.73   clock network delay (ideal)
                          0.00   24.73   clock reconvergence pessimism
                                 24.73 ^ _27742_/CLK (sky130_fd_sc_hd__dfxtp_1)
                         -0.28   24.45   library setup time
                                 24.45   data required time
-----------------------------------------------------------------------------
                                 24.45   data required time
                                -28.28   data arrival time
-----------------------------------------------------------------------------
                                 -3.84   slack (VIOLATED)


Startpoint: _27871_ (rising edge-triggered flip-flop clocked by clk)
Endpoint: _27741_ (rising edge-triggered flip-flop clocked by clk)
Path Group: clk
Path Type: max

Fanout     Cap    Slew   Delay    Time   Description
-----------------------------------------------------------------------------
                  0.00    0.00    0.00   clock clk (rise edge)
                          0.00    0.00   clock network delay (ideal)
                  0.00    0.00    0.00 ^ _27871_/CLK (sky130_fd_sc_hd__dfxtp_2)
                  0.20    0.72    0.72 ^ _27871_/Q (sky130_fd_sc_hd__dfxtp_2)
     6    0.02                           irq_mask[12] (net)
                  0.20    0.00    0.72 ^ _13137_/A1 (sky130_fd_sc_hd__o22ai_1)
                  0.10    0.21    0.93 v _13137_/Y (sky130_fd_sc_hd__o22ai_1)
     1    0.00                           _10539_ (net)
                  0.10    0.00    0.93 v _13138_/C1 (sky130_fd_sc_hd__a221o_1)
                  0.09    0.49    1.42 v _13138_/X (sky130_fd_sc_hd__a221o_1)
     1    0.00                           _10540_ (net)
                  0.09    0.00    1.42 v _13157_/A (sky130_fd_sc_hd__or4_4)
                  0.14    1.03    2.45 v _13157_/X (sky130_fd_sc_hd__or4_4)
     1    0.00                           _10559_ (net)
                  0.14    0.00    2.45 v _13160_/A2 (sky130_fd_sc_hd__o2111a_1)
                  0.08    0.44    2.89 v _13160_/X (sky130_fd_sc_hd__o2111a_1)
     2    0.00                           _10562_ (net)
                  0.08    0.00    2.89 v _13161_/C (sky130_fd_sc_hd__or3_1)
                  0.15    0.73    3.62 v _13161_/X (sky130_fd_sc_hd__or3_1)
     2    0.00                           _10563_ (net)
                  0.15    0.00    3.62 v _13164_/A (sky130_fd_sc_hd__or2_1)
                  0.11    0.53    4.15 v _13164_/X (sky130_fd_sc_hd__or2_1)
     2    0.00                           _10565_ (net)
                  0.11    0.00    4.15 v _13165_/C (sky130_fd_sc_hd__or3_4)
                  0.12    0.66    4.81 v _13165_/X (sky130_fd_sc_hd__or3_4)
     4    0.00                           _10566_ (net)
                  0.12    0.00    4.81 v _13690_/B (sky130_fd_sc_hd__or2_2)
                  0.15    0.69    5.50 v _13690_/X (sky130_fd_sc_hd__or2_2)
     5    0.01                           _10910_ (net)
                  0.15    0.00    5.50 v _13691_/C (sky130_fd_sc_hd__or3_2)
                  0.15    0.95    6.45 v _13691_/X (sky130_fd_sc_hd__or3_2)
     2    0.00                           _10911_ (net)
                  0.15    0.00    6.45 v _13692_/B (sky130_fd_sc_hd__or2_2)
                  0.13    0.68    7.13 v _13692_/X (sky130_fd_sc_hd__or2_2)
     3    0.01                           _10912_ (net)
                  0.13    0.00    7.13 v _13693_/B (sky130_fd_sc_hd__or2_1)
                  0.08    0.46    7.59 v _13693_/X (sky130_fd_sc_hd__or2_1)
     2    0.00                           _10913_ (net)
                  0.08    0.00    7.59 v _13694_/B (sky130_fd_sc_hd__or2_2)
                  0.14    0.67    8.26 v _13694_/X (sky130_fd_sc_hd__or2_2)
     3    0.01                           _10914_ (net)
                  0.14    0.00    8.26 v _13695_/B (sky130_fd_sc_hd__or2_1)
                  0.08    0.46    8.72 v _13695_/X (sky130_fd_sc_hd__or2_1)
     2    0.00                           _10915_ (net)
                  0.08    0.00    8.72 v _13696_/B (sky130_fd_sc_hd__or2_1)
                  0.15    0.52    9.24 v _13696_/X (sky130_fd_sc_hd__or2_1)
     3    0.01                           _10916_ (net)
                  0.15    0.00    9.24 v _13697_/B (sky130_fd_sc_hd__or2_1)
                  0.08    0.46    9.70 v _13697_/X (sky130_fd_sc_hd__or2_1)
     2    0.00                           _10917_ (net)
                  0.08    0.00    9.70 v _13698_/B (sky130_fd_sc_hd__or2_1)
                  0.13    0.50   10.20 v _13698_/X (sky130_fd_sc_hd__or2_1)
     3    0.01                           _10918_ (net)
                  0.13    0.00   10.20 v _13699_/B (sky130_fd_sc_hd__or2_1)
                  0.08    0.46   10.66 v _13699_/X (sky130_fd_sc_hd__or2_1)
     2    0.00                           _10919_ (net)
                  0.08    0.00   10.66 v _13700_/B (sky130_fd_sc_hd__or2_2)
                  0.14    0.67   11.32 v _13700_/X (sky130_fd_sc_hd__or2_2)
     3    0.01                           _10920_ (net)
                  0.14    0.00   11.32 v _13701_/B (sky130_fd_sc_hd__or2_1)
                  0.08    0.46   11.79 v _13701_/X (sky130_fd_sc_hd__or2_1)
     2    0.00                           _10921_ (net)
                  0.08    0.00   11.79 v _13702_/B (sky130_fd_sc_hd__or2_2)
                  0.14    0.67   12.45 v _13702_/X (sky130_fd_sc_hd__or2_2)
     3    0.01                           _10922_ (net)
                  0.14    0.00   12.45 v _13703_/B (sky130_fd_sc_hd__or2_1)
                  0.08    0.46   12.92 v _13703_/X (sky130_fd_sc_hd__or2_1)
     2    0.00                           _10923_ (net)
                  0.08    0.00   12.92 v _13704_/B (sky130_fd_sc_hd__or2_1)
                  0.15    0.52   13.44 v _13704_/X (sky130_fd_sc_hd__or2_1)
     3    0.01                           _10924_ (net)
                  0.15    0.00   13.44 v _13705_/B (sky130_fd_sc_hd__or2_1)
                  0.08    0.46   13.90 v _13705_/X (sky130_fd_sc_hd__or2_1)
     2    0.00                           _10925_ (net)
                  0.08    0.00   13.90 v _13706_/B (sky130_fd_sc_hd__or2_2)
                  0.14    0.67   14.57 v _13706_/X (sky130_fd_sc_hd__or2_2)
     3    0.01                           _10926_ (net)
                  0.14    0.00   14.57 v _13707_/B (sky130_fd_sc_hd__or2_1)
                  0.08    0.46   15.03 v _13707_/X (sky130_fd_sc_hd__or2_1)
     2    0.00                           _10927_ (net)
                  0.08    0.00   15.03 v _13708_/B (sky130_fd_sc_hd__or2_2)
                  0.14    0.67   15.70 v _13708_/X (sky130_fd_sc_hd__or2_2)
     3    0.01                           _10928_ (net)
                  0.14    0.00   15.70 v _13709_/B (sky130_fd_sc_hd__or2_1)
                  0.08    0.46   16.16 v _13709_/X (sky130_fd_sc_hd__or2_1)
     2    0.00                           _10929_ (net)
                  0.08    0.00   16.16 v _13710_/B (sky130_fd_sc_hd__or2_2)
                  0.14    0.67   16.82 v _13710_/X (sky130_fd_sc_hd__or2_2)
     3    0.01                           _10930_ (net)
                  0.14    0.00   16.82 v _13711_/B (sky130_fd_sc_hd__or2_1)
                  0.08    0.46   17.29 v _13711_/X (sky130_fd_sc_hd__or2_1)
     2    0.00                           _10931_ (net)
                  0.08    0.00   17.29 v _13712_/B (sky130_fd_sc_hd__or2_2)
                  0.14    0.67   17.95 v _13712_/X (sky130_fd_sc_hd__or2_2)
     3    0.01                           _10932_ (net)
                  0.14    0.00   17.95 v _13713_/B (sky130_fd_sc_hd__or2_1)
                  0.08    0.46   18.42 v _13713_/X (sky130_fd_sc_hd__or2_1)
     2    0.00                           _10933_ (net)
                  0.08    0.00   18.42 v _13714_/B (sky130_fd_sc_hd__or2_2)
                  0.14    0.67   19.08 v _13714_/X (sky130_fd_sc_hd__or2_2)
     3    0.01                           _10934_ (net)
                  0.14    0.00   19.08 v _13715_/B (sky130_fd_sc_hd__or2_1)
                  0.08    0.46   19.55 v _13715_/X (sky130_fd_sc_hd__or2_1)
     2    0.00                           _10935_ (net)
                  0.08    0.00   19.55 v _13716_/B (sky130_fd_sc_hd__or2_1)
                  0.13    0.50   20.05 v _13716_/X (sky130_fd_sc_hd__or2_1)
     3    0.01                           _10936_ (net)
                  0.13    0.00   20.05 v _13717_/B (sky130_fd_sc_hd__or2_1)
                  0.08    0.46   20.50 v _13717_/X (sky130_fd_sc_hd__or2_1)
     2    0.00                           _10937_ (net)
                  0.08    0.00   20.50 v _13718_/B (sky130_fd_sc_hd__or2_2)
                  0.14    0.67   21.17 v _13718_/X (sky130_fd_sc_hd__or2_2)
     3    0.01                           _10938_ (net)
                  0.14    0.00   21.17 v _13719_/B (sky130_fd_sc_hd__or2_1)
                  0.08    0.46   21.63 v _13719_/X (sky130_fd_sc_hd__or2_1)
     2    0.00                           _10939_ (net)
                  0.08    0.00   21.63 v _13720_/B (sky130_fd_sc_hd__or2_1)
                  0.15    0.52   22.15 v _13720_/X (sky130_fd_sc_hd__or2_1)
     3    0.01                           _10940_ (net)
                  0.15    0.00   22.15 v _13721_/B (sky130_fd_sc_hd__or2_1)
                  0.08    0.46   22.61 v _13721_/X (sky130_fd_sc_hd__or2_1)
     2    0.00                           _10941_ (net)
                  0.08    0.00   22.61 v _13722_/B (sky130_fd_sc_hd__or2_1)
                  0.13    0.50   23.11 v _13722_/X (sky130_fd_sc_hd__or2_1)
     3    0.01                           _10942_ (net)
                  0.13    0.00   23.11 v _13723_/B (sky130_fd_sc_hd__or2_1)
                  0.08    0.46   23.57 v _13723_/X (sky130_fd_sc_hd__or2_1)
     2    0.00                           _10943_ (net)
                  0.08    0.00   23.57 v _13724_/B (sky130_fd_sc_hd__or2_1)
                  0.13    0.50   24.07 v _13724_/X (sky130_fd_sc_hd__or2_1)
     3    0.01                           _10944_ (net)
                  0.13    0.00   24.07 v _13725_/B (sky130_fd_sc_hd__or2_1)
                  0.08    0.46   24.53 v _13725_/X (sky130_fd_sc_hd__or2_1)
     2    0.00                           _10945_ (net)
                  0.08    0.00   24.53 v _13726_/B (sky130_fd_sc_hd__or2_1)
                  0.13    0.50   25.03 v _13726_/X (sky130_fd_sc_hd__or2_1)
     3    0.01                           _10946_ (net)
                  0.13    0.00   25.03 v _13727_/B (sky130_fd_sc_hd__or2_1)
                  0.08    0.46   25.48 v _13727_/X (sky130_fd_sc_hd__or2_1)
     2    0.00                           _10947_ (net)
                  0.08    0.00   25.48 v _13728_/B (sky130_fd_sc_hd__or2_2)
                  0.14    0.67   26.15 v _13728_/X (sky130_fd_sc_hd__or2_2)
     3    0.01                           _10948_ (net)
                  0.14    0.00   26.15 v _13729_/B (sky130_fd_sc_hd__or2_1)
                  0.08    0.46   26.61 v _13729_/X (sky130_fd_sc_hd__or2_1)
     2    0.00                           _10949_ (net)
                  0.08    0.00   26.61 v _13730_/B (sky130_fd_sc_hd__or2_1)
                  0.13    0.50   27.11 v _13730_/X (sky130_fd_sc_hd__or2_1)
     3    0.01                           _10950_ (net)
                  0.13    0.00   27.11 v _13788_/A2 (sky130_fd_sc_hd__a211oi_1)
                  0.25    0.36   27.48 ^ _13788_/Y (sky130_fd_sc_hd__a211oi_1)
     1    0.00                           _03907_ (net)
                  0.25    0.00   27.48 ^ _27741_/D (sky130_fd_sc_hd__dfxtp_1)
                                 27.48   data arrival time

                  0.00   24.73   24.73   clock clk (rise edge)
                          0.00   24.73   clock network delay (ideal)
                          0.00   24.73   clock reconvergence pessimism
                                 24.73 ^ _27741_/CLK (sky130_fd_sc_hd__dfxtp_1)
                         -0.19   24.54   library setup time
                                 24.54   data required time
-----------------------------------------------------------------------------
                                 24.54   data required time
                                -27.48   data arrival time
-----------------------------------------------------------------------------
                                 -2.93   slack (VIOLATED)


Startpoint: _27871_ (rising edge-triggered flip-flop clocked by clk)
Endpoint: _27740_ (rising edge-triggered flip-flop clocked by clk)
Path Group: clk
Path Type: max

Fanout     Cap    Slew   Delay    Time   Description
-----------------------------------------------------------------------------
                  0.00    0.00    0.00   clock clk (rise edge)
                          0.00    0.00   clock network delay (ideal)
                  0.00    0.00    0.00 ^ _27871_/CLK (sky130_fd_sc_hd__dfxtp_2)
                  0.20    0.72    0.72 ^ _27871_/Q (sky130_fd_sc_hd__dfxtp_2)
     6    0.02                           irq_mask[12] (net)
                  0.20    0.00    0.72 ^ _13137_/A1 (sky130_fd_sc_hd__o22ai_1)
                  0.10    0.21    0.93 v _13137_/Y (sky130_fd_sc_hd__o22ai_1)
     1    0.00                           _10539_ (net)
                  0.10    0.00    0.93 v _13138_/C1 (sky130_fd_sc_hd__a221o_1)
                  0.09    0.49    1.42 v _13138_/X (sky130_fd_sc_hd__a221o_1)
     1    0.00                           _10540_ (net)
                  0.09    0.00    1.42 v _13157_/A (sky130_fd_sc_hd__or4_4)
                  0.14    1.03    2.45 v _13157_/X (sky130_fd_sc_hd__or4_4)
     1    0.00                           _10559_ (net)
                  0.14    0.00    2.45 v _13160_/A2 (sky130_fd_sc_hd__o2111a_1)
                  0.08    0.44    2.89 v _13160_/X (sky130_fd_sc_hd__o2111a_1)
     2    0.00                           _10562_ (net)
                  0.08    0.00    2.89 v _13161_/C (sky130_fd_sc_hd__or3_1)
                  0.15    0.73    3.62 v _13161_/X (sky130_fd_sc_hd__or3_1)
     2    0.00                           _10563_ (net)
                  0.15    0.00    3.62 v _13164_/A (sky130_fd_sc_hd__or2_1)
                  0.11    0.53    4.15 v _13164_/X (sky130_fd_sc_hd__or2_1)
     2    0.00                           _10565_ (net)
                  0.11    0.00    4.15 v _13165_/C (sky130_fd_sc_hd__or3_4)
                  0.12    0.66    4.81 v _13165_/X (sky130_fd_sc_hd__or3_4)
     4    0.00                           _10566_ (net)
                  0.12    0.00    4.81 v _13690_/B (sky130_fd_sc_hd__or2_2)
                  0.15    0.69    5.50 v _13690_/X (sky130_fd_sc_hd__or2_2)
     5    0.01                           _10910_ (net)
                  0.15    0.00    5.50 v _13691_/C (sky130_fd_sc_hd__or3_2)
                  0.15    0.95    6.45 v _13691_/X (sky130_fd_sc_hd__or3_2)
     2    0.00                           _10911_ (net)
                  0.15    0.00    6.45 v _13692_/B (sky130_fd_sc_hd__or2_2)
                  0.13    0.68    7.13 v _13692_/X (sky130_fd_sc_hd__or2_2)
     3    0.01                           _10912_ (net)
                  0.13    0.00    7.13 v _13693_/B (sky130_fd_sc_hd__or2_1)
                  0.08    0.46    7.59 v _13693_/X (sky130_fd_sc_hd__or2_1)
     2    0.00                           _10913_ (net)
                  0.08    0.00    7.59 v _13694_/B (sky130_fd_sc_hd__or2_2)
                  0.14    0.67    8.26 v _13694_/X (sky130_fd_sc_hd__or2_2)
     3    0.01                           _10914_ (net)
                  0.14    0.00    8.26 v _13695_/B (sky130_fd_sc_hd__or2_1)
                  0.08    0.46    8.72 v _13695_/X (sky130_fd_sc_hd__or2_1)
     2    0.00                           _10915_ (net)
                  0.08    0.00    8.72 v _13696_/B (sky130_fd_sc_hd__or2_1)
                  0.15    0.52    9.24 v _13696_/X (sky130_fd_sc_hd__or2_1)
     3    0.01                           _10916_ (net)
                  0.15    0.00    9.24 v _13697_/B (sky130_fd_sc_hd__or2_1)
                  0.08    0.46    9.70 v _13697_/X (sky130_fd_sc_hd__or2_1)
     2    0.00                           _10917_ (net)
                  0.08    0.00    9.70 v _13698_/B (sky130_fd_sc_hd__or2_1)
                  0.13    0.50   10.20 v _13698_/X (sky130_fd_sc_hd__or2_1)
     3    0.01                           _10918_ (net)
                  0.13    0.00   10.20 v _13699_/B (sky130_fd_sc_hd__or2_1)
                  0.08    0.46   10.66 v _13699_/X (sky130_fd_sc_hd__or2_1)
     2    0.00                           _10919_ (net)
                  0.08    0.00   10.66 v _13700_/B (sky130_fd_sc_hd__or2_2)
                  0.14    0.67   11.32 v _13700_/X (sky130_fd_sc_hd__or2_2)
     3    0.01                           _10920_ (net)
                  0.14    0.00   11.32 v _13701_/B (sky130_fd_sc_hd__or2_1)
                  0.08    0.46   11.79 v _13701_/X (sky130_fd_sc_hd__or2_1)
     2    0.00                           _10921_ (net)
                  0.08    0.00   11.79 v _13702_/B (sky130_fd_sc_hd__or2_2)
                  0.14    0.67   12.45 v _13702_/X (sky130_fd_sc_hd__or2_2)
     3    0.01                           _10922_ (net)
                  0.14    0.00   12.45 v _13703_/B (sky130_fd_sc_hd__or2_1)
                  0.08    0.46   12.92 v _13703_/X (sky130_fd_sc_hd__or2_1)
     2    0.00                           _10923_ (net)
                  0.08    0.00   12.92 v _13704_/B (sky130_fd_sc_hd__or2_1)
                  0.15    0.52   13.44 v _13704_/X (sky130_fd_sc_hd__or2_1)
     3    0.01                           _10924_ (net)
                  0.15    0.00   13.44 v _13705_/B (sky130_fd_sc_hd__or2_1)
                  0.08    0.46   13.90 v _13705_/X (sky130_fd_sc_hd__or2_1)
     2    0.00                           _10925_ (net)
                  0.08    0.00   13.90 v _13706_/B (sky130_fd_sc_hd__or2_2)
                  0.14    0.67   14.57 v _13706_/X (sky130_fd_sc_hd__or2_2)
     3    0.01                           _10926_ (net)
                  0.14    0.00   14.57 v _13707_/B (sky130_fd_sc_hd__or2_1)
                  0.08    0.46   15.03 v _13707_/X (sky130_fd_sc_hd__or2_1)
     2    0.00                           _10927_ (net)
                  0.08    0.00   15.03 v _13708_/B (sky130_fd_sc_hd__or2_2)
                  0.14    0.67   15.70 v _13708_/X (sky130_fd_sc_hd__or2_2)
     3    0.01                           _10928_ (net)
                  0.14    0.00   15.70 v _13709_/B (sky130_fd_sc_hd__or2_1)
                  0.08    0.46   16.16 v _13709_/X (sky130_fd_sc_hd__or2_1)
     2    0.00                           _10929_ (net)
                  0.08    0.00   16.16 v _13710_/B (sky130_fd_sc_hd__or2_2)
                  0.14    0.67   16.82 v _13710_/X (sky130_fd_sc_hd__or2_2)
     3    0.01                           _10930_ (net)
                  0.14    0.00   16.82 v _13711_/B (sky130_fd_sc_hd__or2_1)
                  0.08    0.46   17.29 v _13711_/X (sky130_fd_sc_hd__or2_1)
     2    0.00                           _10931_ (net)
                  0.08    0.00   17.29 v _13712_/B (sky130_fd_sc_hd__or2_2)
                  0.14    0.67   17.95 v _13712_/X (sky130_fd_sc_hd__or2_2)
     3    0.01                           _10932_ (net)
                  0.14    0.00   17.95 v _13713_/B (sky130_fd_sc_hd__or2_1)
                  0.08    0.46   18.42 v _13713_/X (sky130_fd_sc_hd__or2_1)
     2    0.00                           _10933_ (net)
                  0.08    0.00   18.42 v _13714_/B (sky130_fd_sc_hd__or2_2)
                  0.14    0.67   19.08 v _13714_/X (sky130_fd_sc_hd__or2_2)
     3    0.01                           _10934_ (net)
                  0.14    0.00   19.08 v _13715_/B (sky130_fd_sc_hd__or2_1)
                  0.08    0.46   19.55 v _13715_/X (sky130_fd_sc_hd__or2_1)
     2    0.00                           _10935_ (net)
                  0.08    0.00   19.55 v _13716_/B (sky130_fd_sc_hd__or2_1)
                  0.13    0.50   20.05 v _13716_/X (sky130_fd_sc_hd__or2_1)
     3    0.01                           _10936_ (net)
                  0.13    0.00   20.05 v _13717_/B (sky130_fd_sc_hd__or2_1)
                  0.08    0.46   20.50 v _13717_/X (sky130_fd_sc_hd__or2_1)
     2    0.00                           _10937_ (net)
                  0.08    0.00   20.50 v _13718_/B (sky130_fd_sc_hd__or2_2)
                  0.14    0.67   21.17 v _13718_/X (sky130_fd_sc_hd__or2_2)
     3    0.01                           _10938_ (net)
                  0.14    0.00   21.17 v _13719_/B (sky130_fd_sc_hd__or2_1)
                  0.08    0.46   21.63 v _13719_/X (sky130_fd_sc_hd__or2_1)
     2    0.00                           _10939_ (net)
                  0.08    0.00   21.63 v _13720_/B (sky130_fd_sc_hd__or2_1)
                  0.15    0.52   22.15 v _13720_/X (sky130_fd_sc_hd__or2_1)
     3    0.01                           _10940_ (net)
                  0.15    0.00   22.15 v _13721_/B (sky130_fd_sc_hd__or2_1)
                  0.08    0.46   22.61 v _13721_/X (sky130_fd_sc_hd__or2_1)
     2    0.00                           _10941_ (net)
                  0.08    0.00   22.61 v _13722_/B (sky130_fd_sc_hd__or2_1)
                  0.13    0.50   23.11 v _13722_/X (sky130_fd_sc_hd__or2_1)
     3    0.01                           _10942_ (net)
                  0.13    0.00   23.11 v _13723_/B (sky130_fd_sc_hd__or2_1)
                  0.08    0.46   23.57 v _13723_/X (sky130_fd_sc_hd__or2_1)
     2    0.00                           _10943_ (net)
                  0.08    0.00   23.57 v _13724_/B (sky130_fd_sc_hd__or2_1)
                  0.13    0.50   24.07 v _13724_/X (sky130_fd_sc_hd__or2_1)
     3    0.01                           _10944_ (net)
                  0.13    0.00   24.07 v _13725_/B (sky130_fd_sc_hd__or2_1)
                  0.08    0.46   24.53 v _13725_/X (sky130_fd_sc_hd__or2_1)
     2    0.00                           _10945_ (net)
                  0.08    0.00   24.53 v _13726_/B (sky130_fd_sc_hd__or2_1)
                  0.13    0.50   25.03 v _13726_/X (sky130_fd_sc_hd__or2_1)
     3    0.01                           _10946_ (net)
                  0.13    0.00   25.03 v _13727_/B (sky130_fd_sc_hd__or2_1)
                  0.08    0.46   25.48 v _13727_/X (sky130_fd_sc_hd__or2_1)
     2    0.00                           _10947_ (net)
                  0.08    0.00   25.48 v _13728_/B (sky130_fd_sc_hd__or2_2)
                  0.14    0.67   26.15 v _13728_/X (sky130_fd_sc_hd__or2_2)
     3    0.01                           _10948_ (net)
                  0.14    0.00   26.15 v _13729_/B (sky130_fd_sc_hd__or2_1)
                  0.08    0.46   26.61 v _13729_/X (sky130_fd_sc_hd__or2_1)
     2    0.00                           _10949_ (net)
                  0.08    0.00   26.61 v _13730_/B (sky130_fd_sc_hd__or2_1)
                  0.13    0.50   27.11 v _13730_/X (sky130_fd_sc_hd__or2_1)
     3    0.01                           _10950_ (net)
                  0.13    0.00   27.11 v _13790_/C1 (sky130_fd_sc_hd__o211a_1)
                  0.06    0.21   27.32 v _13790_/X (sky130_fd_sc_hd__o211a_1)
     1    0.00                           _03906_ (net)
                  0.06    0.00   27.32 v _27740_/D (sky130_fd_sc_hd__dfxtp_1)
                                 27.32   data arrival time

                  0.00   24.73   24.73   clock clk (rise edge)
                          0.00   24.73   clock network delay (ideal)
                          0.00   24.73   clock reconvergence pessimism
                                 24.73 ^ _27740_/CLK (sky130_fd_sc_hd__dfxtp_1)
                         -0.28   24.45   library setup time
                                 24.45   data required time
-----------------------------------------------------------------------------
                                 24.45   data required time
                                -27.32   data arrival time
-----------------------------------------------------------------------------
                                 -2.88   slack (VIOLATED)


Startpoint: _27565_ (rising edge-triggered flip-flop clocked by clk)
Endpoint: _27617_ (rising edge-triggered flip-flop clocked by clk)
Path Group: clk
Path Type: max

Fanout     Cap    Slew   Delay    Time   Description
-----------------------------------------------------------------------------
                  0.00    0.00    0.00   clock clk (rise edge)
                          0.00    0.00   clock network delay (ideal)
                  0.00    0.00    0.00 ^ _27565_/CLK (sky130_fd_sc_hd__dfxtp_1)
                  0.16    0.66    0.66 ^ _27565_/Q (sky130_fd_sc_hd__dfxtp_1)
     3    0.01                           count_cycle[0] (net)
                  0.16    0.00    0.66 ^ _14096_/A (sky130_fd_sc_hd__inv_2)
                  0.07    0.13    0.79 v _14096_/Y (sky130_fd_sc_hd__inv_2)
     6    0.01                           _02559_ (net)
                  0.07    0.00    0.79 v _14100_/A (sky130_fd_sc_hd__or4_4)
                  0.14    1.01    1.80 v _14100_/X (sky130_fd_sc_hd__or4_4)
     2    0.00                           _11149_ (net)
                  0.14    0.00    1.80 v _14101_/B (sky130_fd_sc_hd__or2_1)
                  0.11    0.49    2.29 v _14101_/X (sky130_fd_sc_hd__or2_1)
     3    0.00                           _11150_ (net)
                  0.11    0.00    2.29 v _14102_/B (sky130_fd_sc_hd__or2_1)
                  0.13    0.51    2.80 v _14102_/X (sky130_fd_sc_hd__or2_1)
     3    0.01                           _11151_ (net)
                  0.13    0.00    2.80 v _14103_/B (sky130_fd_sc_hd__or2_1)
                  0.08    0.46    3.26 v _14103_/X (sky130_fd_sc_hd__or2_1)
     2    0.00                           _11152_ (net)
                  0.08    0.00    3.26 v _14104_/B (sky130_fd_sc_hd__or2_1)
                  0.15    0.52    3.78 v _14104_/X (sky130_fd_sc_hd__or2_1)
     3    0.01                           _11153_ (net)
                  0.15    0.00    3.78 v _14105_/B (sky130_fd_sc_hd__or2_1)
                  0.08    0.46    4.24 v _14105_/X (sky130_fd_sc_hd__or2_1)
     2    0.00                           _11154_ (net)
                  0.08    0.00    4.24 v _14106_/B (sky130_fd_sc_hd__or2_1)
                  0.13    0.50    4.74 v _14106_/X (sky130_fd_sc_hd__or2_1)
     3    0.01                           _11155_ (net)
                  0.13    0.00    4.74 v _14107_/B (sky130_fd_sc_hd__or2_1)
                  0.08    0.46    5.20 v _14107_/X (sky130_fd_sc_hd__or2_1)
     2    0.00                           _11156_ (net)
                  0.08    0.00    5.20 v _14108_/B (sky130_fd_sc_hd__or2_2)
                  0.14    0.67    5.87 v _14108_/X (sky130_fd_sc_hd__or2_2)
     3    0.01                           _11157_ (net)
                  0.14    0.00    5.87 v _14109_/B (sky130_fd_sc_hd__or2_1)
                  0.08    0.46    6.33 v _14109_/X (sky130_fd_sc_hd__or2_1)
     2    0.00                           _11158_ (net)
                  0.08    0.00    6.33 v _14110_/B (sky130_fd_sc_hd__or2_1)
                  0.13    0.50    6.83 v _14110_/X (sky130_fd_sc_hd__or2_1)
     3    0.01                           _11159_ (net)
                  0.13    0.00    6.83 v _14111_/B (sky130_fd_sc_hd__or2_1)
                  0.08    0.46    7.29 v _14111_/X (sky130_fd_sc_hd__or2_1)
     2    0.00                           _11160_ (net)
                  0.08    0.00    7.29 v _14112_/B (sky130_fd_sc_hd__or2_1)
                  0.13    0.50    7.79 v _14112_/X (sky130_fd_sc_hd__or2_1)
     3    0.01                           _11161_ (net)
                  0.13    0.00    7.79 v _14113_/B (sky130_fd_sc_hd__or2_1)
                  0.08    0.46    8.24 v _14113_/X (sky130_fd_sc_hd__or2_1)
     2    0.00                           _11162_ (net)
                  0.08    0.00    8.24 v _14114_/B (sky130_fd_sc_hd__or2_2)
                  0.14    0.67    8.91 v _14114_/X (sky130_fd_sc_hd__or2_2)
     3    0.01                           _11163_ (net)
                  0.14    0.00    8.91 v _14115_/B (sky130_fd_sc_hd__or2_1)
                  0.08    0.46    9.37 v _14115_/X (sky130_fd_sc_hd__or2_1)
     2    0.00                           _11164_ (net)
                  0.08    0.00    9.37 v _14116_/B (sky130_fd_sc_hd__or2_2)
                  0.14    0.67   10.04 v _14116_/X (sky130_fd_sc_hd__or2_2)
     3    0.01                           _11165_ (net)
                  0.14    0.00   10.04 v _14117_/B (sky130_fd_sc_hd__or2_1)
                  0.08    0.46   10.50 v _14117_/X (sky130_fd_sc_hd__or2_1)
     2    0.00                           _11166_ (net)
                  0.08    0.00   10.50 v _14118_/B (sky130_fd_sc_hd__or2_1)
                  0.15    0.52   11.02 v _14118_/X (sky130_fd_sc_hd__or2_1)
     3    0.01                           _11167_ (net)
                  0.15    0.00   11.02 v _14119_/B (sky130_fd_sc_hd__or2_1)
                  0.08    0.46   11.48 v _14119_/X (sky130_fd_sc_hd__or2_1)
     2    0.00                           _11168_ (net)
                  0.08    0.00   11.48 v _14120_/B (sky130_fd_sc_hd__or2_1)
                  0.15    0.52   12.00 v _14120_/X (sky130_fd_sc_hd__or2_1)
     3    0.01                           _11169_ (net)
                  0.15    0.00   12.00 v _14121_/B (sky130_fd_sc_hd__or2_1)
                  0.08    0.46   12.47 v _14121_/X (sky130_fd_sc_hd__or2_1)
     2    0.00                           _11170_ (net)
                  0.08    0.00   12.47 v _14122_/B (sky130_fd_sc_hd__or2_2)
                  0.14    0.67   13.13 v _14122_/X (sky130_fd_sc_hd__or2_2)
     3    0.01                           _11171_ (net)
                  0.14    0.00   13.13 v _14123_/B (sky130_fd_sc_hd__or2_1)
                  0.08    0.46   13.60 v _14123_/X (sky130_fd_sc_hd__or2_1)
     2    0.00                           _11172_ (net)
                  0.08    0.00   13.60 v _14124_/B (sky130_fd_sc_hd__or2_1)
                  0.13    0.50   14.10 v _14124_/X (sky130_fd_sc_hd__or2_1)
     3    0.01                           _11173_ (net)
                  0.13    0.00   14.10 v _14125_/B (sky130_fd_sc_hd__or2_1)
                  0.08    0.46   14.55 v _14125_/X (sky130_fd_sc_hd__or2_1)
     2    0.00                           _11174_ (net)
                  0.08    0.00   14.55 v _14126_/B (sky130_fd_sc_hd__or2_2)
                  0.13    0.65   15.21 v _14126_/X (sky130_fd_sc_hd__or2_2)
     3    0.01                           _11175_ (net)
                  0.13    0.00   15.21 v _14127_/B (sky130_fd_sc_hd__or2_1)
                  0.08    0.46   15.66 v _14127_/X (sky130_fd_sc_hd__or2_1)
     2    0.00                           _11176_ (net)
                  0.08    0.00   15.66 v _14128_/B (sky130_fd_sc_hd__or2_1)
                  0.15    0.52   16.18 v _14128_/X (sky130_fd_sc_hd__or2_1)
     3    0.01                           _11177_ (net)
                  0.15    0.00   16.18 v _14129_/B (sky130_fd_sc_hd__or2_1)
                  0.08    0.46   16.65 v _14129_/X (sky130_fd_sc_hd__or2_1)
     2    0.00                           _11178_ (net)
                  0.08    0.00   16.65 v _14130_/B (sky130_fd_sc_hd__or2_2)
                  0.14    0.67   17.31 v _14130_/X (sky130_fd_sc_hd__or2_2)
     3    0.01                           _11179_ (net)
                  0.14    0.00   17.31 v _14131_/B (sky130_fd_sc_hd__or2_1)
                  0.08    0.46   17.78 v _14131_/X (sky130_fd_sc_hd__or2_1)
     2    0.00                           _11180_ (net)
                  0.08    0.00   17.78 v _14132_/B (sky130_fd_sc_hd__or2_1)
                  0.13    0.50   18.28 v _14132_/X (sky130_fd_sc_hd__or2_1)
     3    0.01                           _11181_ (net)
                  0.13    0.00   18.28 v _14133_/B (sky130_fd_sc_hd__or2_1)
                  0.08    0.46   18.73 v _14133_/X (sky130_fd_sc_hd__or2_1)
     2    0.00                           _11182_ (net)
                  0.08    0.00   18.73 v _14134_/B (sky130_fd_sc_hd__or2_2)
                  0.14    0.67   19.40 v _14134_/X (sky130_fd_sc_hd__or2_2)
     3    0.01                           _11183_ (net)
                  0.14    0.00   19.40 v _14135_/B (sky130_fd_sc_hd__or2_1)
                  0.08    0.46   19.86 v _14135_/X (sky130_fd_sc_hd__or2_1)
     2    0.00                           _11184_ (net)
                  0.08    0.00   19.86 v _14136_/B (sky130_fd_sc_hd__or2_2)
                  0.14    0.67   20.53 v _14136_/X (sky130_fd_sc_hd__or2_2)
     3    0.01                           _11185_ (net)
                  0.14    0.00   20.53 v _14137_/B (sky130_fd_sc_hd__or2_1)
                  0.08    0.46   20.99 v _14137_/X (sky130_fd_sc_hd__or2_1)
     2    0.00                           _11186_ (net)
                  0.08    0.00   20.99 v _14138_/B (sky130_fd_sc_hd__or2_2)
                  0.14    0.67   21.66 v _14138_/X (sky130_fd_sc_hd__or2_2)
     3    0.01                           _11187_ (net)
                  0.14    0.00   21.66 v _14139_/B (sky130_fd_sc_hd__or2_1)
                  0.08    0.46   22.12 v _14139_/X (sky130_fd_sc_hd__or2_1)
     2    0.00                           _11188_ (net)
                  0.08    0.00   22.12 v _14140_/B (sky130_fd_sc_hd__or2_1)
                  0.13    0.50   22.62 v _14140_/X (sky130_fd_sc_hd__or2_1)
     3    0.01                           _11189_ (net)
                  0.13    0.00   22.62 v _14141_/B (sky130_fd_sc_hd__or2_1)
                  0.08    0.46   23.08 v _14141_/X (sky130_fd_sc_hd__or2_1)
     2    0.00                           _11190_ (net)
                  0.08    0.00   23.08 v _14142_/B (sky130_fd_sc_hd__or2_2)
                  0.14    0.67   23.74 v _14142_/X (sky130_fd_sc_hd__or2_2)
     3    0.01                           _11191_ (net)
                  0.14    0.00   23.74 v _14143_/B (sky130_fd_sc_hd__or2_1)
                  0.08    0.46   24.21 v _14143_/X (sky130_fd_sc_hd__or2_1)
     2    0.00                           _11192_ (net)
                  0.08    0.00   24.21 v _14144_/B (sky130_fd_sc_hd__or2_2)
                  0.14    0.67   24.87 v _14144_/X (sky130_fd_sc_hd__or2_2)
     3    0.01                           _11193_ (net)
                  0.14    0.00   24.87 v _14145_/B (sky130_fd_sc_hd__or2_1)
                  0.08    0.46   25.33 v _14145_/X (sky130_fd_sc_hd__or2_1)
     2    0.00                           _11194_ (net)
                  0.08    0.00   25.33 v _14146_/B (sky130_fd_sc_hd__or2_2)
                  0.14    0.67   26.00 v _14146_/X (sky130_fd_sc_hd__or2_2)
     3    0.01                           _11195_ (net)
                  0.14    0.00   26.00 v _14147_/B (sky130_fd_sc_hd__or2_1)
                  0.08    0.46   26.47 v _14147_/X (sky130_fd_sc_hd__or2_1)
     2    0.00                           _11196_ (net)
                  0.08    0.00   26.47 v _14148_/B (sky130_fd_sc_hd__or2_1)
                  0.15    0.52   26.98 v _14148_/X (sky130_fd_sc_hd__or2_1)
     3    0.01                           _11197_ (net)
                  0.15    0.00   26.98 v _14180_/A2 (sky130_fd_sc_hd__a211oi_2)
                  0.20    0.35   27.33 ^ _14180_/Y (sky130_fd_sc_hd__a211oi_2)
     1    0.00                           _03783_ (net)
                  0.20    0.00   27.33 ^ _27617_/D (sky130_fd_sc_hd__dfxtp_1)
                                 27.33   data arrival time

                  0.00   24.73   24.73   clock clk (rise edge)
                          0.00   24.73   clock network delay (ideal)
                          0.00   24.73   clock reconvergence pessimism
                                 24.73 ^ _27617_/CLK (sky130_fd_sc_hd__dfxtp_1)
                         -0.17   24.56   library setup time
                                 24.56   data required time
-----------------------------------------------------------------------------
                                 24.56   data required time
                                -27.33   data arrival time
-----------------------------------------------------------------------------
                                 -2.78   slack (VIOLATED)


Startpoint: _27565_ (rising edge-triggered flip-flop clocked by clk)
Endpoint: _27616_ (rising edge-triggered flip-flop clocked by clk)
Path Group: clk
Path Type: max

Fanout     Cap    Slew   Delay    Time   Description
-----------------------------------------------------------------------------
                  0.00    0.00    0.00   clock clk (rise edge)
                          0.00    0.00   clock network delay (ideal)
                  0.00    0.00    0.00 ^ _27565_/CLK (sky130_fd_sc_hd__dfxtp_1)
                  0.16    0.66    0.66 ^ _27565_/Q (sky130_fd_sc_hd__dfxtp_1)
     3    0.01                           count_cycle[0] (net)
                  0.16    0.00    0.66 ^ _14096_/A (sky130_fd_sc_hd__inv_2)
                  0.07    0.13    0.79 v _14096_/Y (sky130_fd_sc_hd__inv_2)
     6    0.01                           _02559_ (net)
                  0.07    0.00    0.79 v _14100_/A (sky130_fd_sc_hd__or4_4)
                  0.14    1.01    1.80 v _14100_/X (sky130_fd_sc_hd__or4_4)
     2    0.00                           _11149_ (net)
                  0.14    0.00    1.80 v _14101_/B (sky130_fd_sc_hd__or2_1)
                  0.11    0.49    2.29 v _14101_/X (sky130_fd_sc_hd__or2_1)
     3    0.00                           _11150_ (net)
                  0.11    0.00    2.29 v _14102_/B (sky130_fd_sc_hd__or2_1)
                  0.13    0.51    2.80 v _14102_/X (sky130_fd_sc_hd__or2_1)
     3    0.01                           _11151_ (net)
                  0.13    0.00    2.80 v _14103_/B (sky130_fd_sc_hd__or2_1)
                  0.08    0.46    3.26 v _14103_/X (sky130_fd_sc_hd__or2_1)
     2    0.00                           _11152_ (net)
                  0.08    0.00    3.26 v _14104_/B (sky130_fd_sc_hd__or2_1)
                  0.15    0.52    3.78 v _14104_/X (sky130_fd_sc_hd__or2_1)
     3    0.01                           _11153_ (net)
                  0.15    0.00    3.78 v _14105_/B (sky130_fd_sc_hd__or2_1)
                  0.08    0.46    4.24 v _14105_/X (sky130_fd_sc_hd__or2_1)
     2    0.00                           _11154_ (net)
                  0.08    0.00    4.24 v _14106_/B (sky130_fd_sc_hd__or2_1)
                  0.13    0.50    4.74 v _14106_/X (sky130_fd_sc_hd__or2_1)
     3    0.01                           _11155_ (net)
                  0.13    0.00    4.74 v _14107_/B (sky130_fd_sc_hd__or2_1)
                  0.08    0.46    5.20 v _14107_/X (sky130_fd_sc_hd__or2_1)
     2    0.00                           _11156_ (net)
                  0.08    0.00    5.20 v _14108_/B (sky130_fd_sc_hd__or2_2)
                  0.14    0.67    5.87 v _14108_/X (sky130_fd_sc_hd__or2_2)
     3    0.01                           _11157_ (net)
                  0.14    0.00    5.87 v _14109_/B (sky130_fd_sc_hd__or2_1)
                  0.08    0.46    6.33 v _14109_/X (sky130_fd_sc_hd__or2_1)
     2    0.00                           _11158_ (net)
                  0.08    0.00    6.33 v _14110_/B (sky130_fd_sc_hd__or2_1)
                  0.13    0.50    6.83 v _14110_/X (sky130_fd_sc_hd__or2_1)
     3    0.01                           _11159_ (net)
                  0.13    0.00    6.83 v _14111_/B (sky130_fd_sc_hd__or2_1)
                  0.08    0.46    7.29 v _14111_/X (sky130_fd_sc_hd__or2_1)
     2    0.00                           _11160_ (net)
                  0.08    0.00    7.29 v _14112_/B (sky130_fd_sc_hd__or2_1)
                  0.13    0.50    7.79 v _14112_/X (sky130_fd_sc_hd__or2_1)
     3    0.01                           _11161_ (net)
                  0.13    0.00    7.79 v _14113_/B (sky130_fd_sc_hd__or2_1)
                  0.08    0.46    8.24 v _14113_/X (sky130_fd_sc_hd__or2_1)
     2    0.00                           _11162_ (net)
                  0.08    0.00    8.24 v _14114_/B (sky130_fd_sc_hd__or2_2)
                  0.14    0.67    8.91 v _14114_/X (sky130_fd_sc_hd__or2_2)
     3    0.01                           _11163_ (net)
                  0.14    0.00    8.91 v _14115_/B (sky130_fd_sc_hd__or2_1)
                  0.08    0.46    9.37 v _14115_/X (sky130_fd_sc_hd__or2_1)
     2    0.00                           _11164_ (net)
                  0.08    0.00    9.37 v _14116_/B (sky130_fd_sc_hd__or2_2)
                  0.14    0.67   10.04 v _14116_/X (sky130_fd_sc_hd__or2_2)
     3    0.01                           _11165_ (net)
                  0.14    0.00   10.04 v _14117_/B (sky130_fd_sc_hd__or2_1)
                  0.08    0.46   10.50 v _14117_/X (sky130_fd_sc_hd__or2_1)
     2    0.00                           _11166_ (net)
                  0.08    0.00   10.50 v _14118_/B (sky130_fd_sc_hd__or2_1)
                  0.15    0.52   11.02 v _14118_/X (sky130_fd_sc_hd__or2_1)
     3    0.01                           _11167_ (net)
                  0.15    0.00   11.02 v _14119_/B (sky130_fd_sc_hd__or2_1)
                  0.08    0.46   11.48 v _14119_/X (sky130_fd_sc_hd__or2_1)
     2    0.00                           _11168_ (net)
                  0.08    0.00   11.48 v _14120_/B (sky130_fd_sc_hd__or2_1)
                  0.15    0.52   12.00 v _14120_/X (sky130_fd_sc_hd__or2_1)
     3    0.01                           _11169_ (net)
                  0.15    0.00   12.00 v _14121_/B (sky130_fd_sc_hd__or2_1)
                  0.08    0.46   12.47 v _14121_/X (sky130_fd_sc_hd__or2_1)
     2    0.00                           _11170_ (net)
                  0.08    0.00   12.47 v _14122_/B (sky130_fd_sc_hd__or2_2)
                  0.14    0.67   13.13 v _14122_/X (sky130_fd_sc_hd__or2_2)
     3    0.01                           _11171_ (net)
                  0.14    0.00   13.13 v _14123_/B (sky130_fd_sc_hd__or2_1)
                  0.08    0.46   13.60 v _14123_/X (sky130_fd_sc_hd__or2_1)
     2    0.00                           _11172_ (net)
                  0.08    0.00   13.60 v _14124_/B (sky130_fd_sc_hd__or2_1)
                  0.13    0.50   14.10 v _14124_/X (sky130_fd_sc_hd__or2_1)
     3    0.01                           _11173_ (net)
                  0.13    0.00   14.10 v _14125_/B (sky130_fd_sc_hd__or2_1)
                  0.08    0.46   14.55 v _14125_/X (sky130_fd_sc_hd__or2_1)
     2    0.00                           _11174_ (net)
                  0.08    0.00   14.55 v _14126_/B (sky130_fd_sc_hd__or2_2)
                  0.13    0.65   15.21 v _14126_/X (sky130_fd_sc_hd__or2_2)
     3    0.01                           _11175_ (net)
                  0.13    0.00   15.21 v _14127_/B (sky130_fd_sc_hd__or2_1)
                  0.08    0.46   15.66 v _14127_/X (sky130_fd_sc_hd__or2_1)
     2    0.00                           _11176_ (net)
                  0.08    0.00   15.66 v _14128_/B (sky130_fd_sc_hd__or2_1)
                  0.15    0.52   16.18 v _14128_/X (sky130_fd_sc_hd__or2_1)
     3    0.01                           _11177_ (net)
                  0.15    0.00   16.18 v _14129_/B (sky130_fd_sc_hd__or2_1)
                  0.08    0.46   16.65 v _14129_/X (sky130_fd_sc_hd__or2_1)
     2    0.00                           _11178_ (net)
                  0.08    0.00   16.65 v _14130_/B (sky130_fd_sc_hd__or2_2)
                  0.14    0.67   17.31 v _14130_/X (sky130_fd_sc_hd__or2_2)
     3    0.01                           _11179_ (net)
                  0.14    0.00   17.31 v _14131_/B (sky130_fd_sc_hd__or2_1)
                  0.08    0.46   17.78 v _14131_/X (sky130_fd_sc_hd__or2_1)
     2    0.00                           _11180_ (net)
                  0.08    0.00   17.78 v _14132_/B (sky130_fd_sc_hd__or2_1)
                  0.13    0.50   18.28 v _14132_/X (sky130_fd_sc_hd__or2_1)
     3    0.01                           _11181_ (net)
                  0.13    0.00   18.28 v _14133_/B (sky130_fd_sc_hd__or2_1)
                  0.08    0.46   18.73 v _14133_/X (sky130_fd_sc_hd__or2_1)
     2    0.00                           _11182_ (net)
                  0.08    0.00   18.73 v _14134_/B (sky130_fd_sc_hd__or2_2)
                  0.14    0.67   19.40 v _14134_/X (sky130_fd_sc_hd__or2_2)
     3    0.01                           _11183_ (net)
                  0.14    0.00   19.40 v _14135_/B (sky130_fd_sc_hd__or2_1)
                  0.08    0.46   19.86 v _14135_/X (sky130_fd_sc_hd__or2_1)
     2    0.00                           _11184_ (net)
                  0.08    0.00   19.86 v _14136_/B (sky130_fd_sc_hd__or2_2)
                  0.14    0.67   20.53 v _14136_/X (sky130_fd_sc_hd__or2_2)
     3    0.01                           _11185_ (net)
                  0.14    0.00   20.53 v _14137_/B (sky130_fd_sc_hd__or2_1)
                  0.08    0.46   20.99 v _14137_/X (sky130_fd_sc_hd__or2_1)
     2    0.00                           _11186_ (net)
                  0.08    0.00   20.99 v _14138_/B (sky130_fd_sc_hd__or2_2)
                  0.14    0.67   21.66 v _14138_/X (sky130_fd_sc_hd__or2_2)
     3    0.01                           _11187_ (net)
                  0.14    0.00   21.66 v _14139_/B (sky130_fd_sc_hd__or2_1)
                  0.08    0.46   22.12 v _14139_/X (sky130_fd_sc_hd__or2_1)
     2    0.00                           _11188_ (net)
                  0.08    0.00   22.12 v _14140_/B (sky130_fd_sc_hd__or2_1)
                  0.13    0.50   22.62 v _14140_/X (sky130_fd_sc_hd__or2_1)
     3    0.01                           _11189_ (net)
                  0.13    0.00   22.62 v _14141_/B (sky130_fd_sc_hd__or2_1)
                  0.08    0.46   23.08 v _14141_/X (sky130_fd_sc_hd__or2_1)
     2    0.00                           _11190_ (net)
                  0.08    0.00   23.08 v _14142_/B (sky130_fd_sc_hd__or2_2)
                  0.14    0.67   23.74 v _14142_/X (sky130_fd_sc_hd__or2_2)
     3    0.01                           _11191_ (net)
                  0.14    0.00   23.74 v _14143_/B (sky130_fd_sc_hd__or2_1)
                  0.08    0.46   24.21 v _14143_/X (sky130_fd_sc_hd__or2_1)
     2    0.00                           _11192_ (net)
                  0.08    0.00   24.21 v _14144_/B (sky130_fd_sc_hd__or2_2)
                  0.14    0.67   24.87 v _14144_/X (sky130_fd_sc_hd__or2_2)
     3    0.01                           _11193_ (net)
                  0.14    0.00   24.87 v _14145_/B (sky130_fd_sc_hd__or2_1)
                  0.08    0.46   25.33 v _14145_/X (sky130_fd_sc_hd__or2_1)
     2    0.00                           _11194_ (net)
                  0.08    0.00   25.33 v _14146_/B (sky130_fd_sc_hd__or2_2)
                  0.14    0.67   26.00 v _14146_/X (sky130_fd_sc_hd__or2_2)
     3    0.01                           _11195_ (net)
                  0.14    0.00   26.00 v _14147_/B (sky130_fd_sc_hd__or2_1)
                  0.08    0.46   26.47 v _14147_/X (sky130_fd_sc_hd__or2_1)
     2    0.00                           _11196_ (net)
                  0.08    0.00   26.47 v _14148_/B (sky130_fd_sc_hd__or2_1)
                  0.15    0.52   26.98 v _14148_/X (sky130_fd_sc_hd__or2_1)
     3    0.01                           _11197_ (net)
                  0.15    0.00   26.98 v _14182_/C1 (sky130_fd_sc_hd__o211a_1)
                  0.06    0.22   27.20 v _14182_/X (sky130_fd_sc_hd__o211a_1)
     1    0.00                           _03782_ (net)
                  0.06    0.00   27.20 v _27616_/D (sky130_fd_sc_hd__dfxtp_1)
                                 27.20   data arrival time

                  0.00   24.73   24.73   clock clk (rise edge)
                          0.00   24.73   clock network delay (ideal)
                          0.00   24.73   clock reconvergence pessimism
                                 24.73 ^ _27616_/CLK (sky130_fd_sc_hd__dfxtp_1)
                         -0.28   24.45   library setup time
                                 24.45   data required time
-----------------------------------------------------------------------------
                                 24.45   data required time
                                -27.20   data arrival time
-----------------------------------------------------------------------------
                                 -2.76   slack (VIOLATED)


Startpoint: _27871_ (rising edge-triggered flip-flop clocked by clk)
Endpoint: _27739_ (rising edge-triggered flip-flop clocked by clk)
Path Group: clk
Path Type: max

Fanout     Cap    Slew   Delay    Time   Description
-----------------------------------------------------------------------------
                  0.00    0.00    0.00   clock clk (rise edge)
                          0.00    0.00   clock network delay (ideal)
                  0.00    0.00    0.00 ^ _27871_/CLK (sky130_fd_sc_hd__dfxtp_2)
                  0.20    0.72    0.72 ^ _27871_/Q (sky130_fd_sc_hd__dfxtp_2)
     6    0.02                           irq_mask[12] (net)
                  0.20    0.00    0.72 ^ _13137_/A1 (sky130_fd_sc_hd__o22ai_1)
                  0.10    0.21    0.93 v _13137_/Y (sky130_fd_sc_hd__o22ai_1)
     1    0.00                           _10539_ (net)
                  0.10    0.00    0.93 v _13138_/C1 (sky130_fd_sc_hd__a221o_1)
                  0.09    0.49    1.42 v _13138_/X (sky130_fd_sc_hd__a221o_1)
     1    0.00                           _10540_ (net)
                  0.09    0.00    1.42 v _13157_/A (sky130_fd_sc_hd__or4_4)
                  0.14    1.03    2.45 v _13157_/X (sky130_fd_sc_hd__or4_4)
     1    0.00                           _10559_ (net)
                  0.14    0.00    2.45 v _13160_/A2 (sky130_fd_sc_hd__o2111a_1)
                  0.08    0.44    2.89 v _13160_/X (sky130_fd_sc_hd__o2111a_1)
     2    0.00                           _10562_ (net)
                  0.08    0.00    2.89 v _13161_/C (sky130_fd_sc_hd__or3_1)
                  0.15    0.73    3.62 v _13161_/X (sky130_fd_sc_hd__or3_1)
     2    0.00                           _10563_ (net)
                  0.15    0.00    3.62 v _13164_/A (sky130_fd_sc_hd__or2_1)
                  0.11    0.53    4.15 v _13164_/X (sky130_fd_sc_hd__or2_1)
     2    0.00                           _10565_ (net)
                  0.11    0.00    4.15 v _13165_/C (sky130_fd_sc_hd__or3_4)
                  0.12    0.66    4.81 v _13165_/X (sky130_fd_sc_hd__or3_4)
     4    0.00                           _10566_ (net)
                  0.12    0.00    4.81 v _13690_/B (sky130_fd_sc_hd__or2_2)
                  0.15    0.69    5.50 v _13690_/X (sky130_fd_sc_hd__or2_2)
     5    0.01                           _10910_ (net)
                  0.15    0.00    5.50 v _13691_/C (sky130_fd_sc_hd__or3_2)
                  0.15    0.95    6.45 v _13691_/X (sky130_fd_sc_hd__or3_2)
     2    0.00                           _10911_ (net)
                  0.15    0.00    6.45 v _13692_/B (sky130_fd_sc_hd__or2_2)
                  0.13    0.68    7.13 v _13692_/X (sky130_fd_sc_hd__or2_2)
     3    0.01                           _10912_ (net)
                  0.13    0.00    7.13 v _13693_/B (sky130_fd_sc_hd__or2_1)
                  0.08    0.46    7.59 v _13693_/X (sky130_fd_sc_hd__or2_1)
     2    0.00                           _10913_ (net)
                  0.08    0.00    7.59 v _13694_/B (sky130_fd_sc_hd__or2_2)
                  0.14    0.67    8.26 v _13694_/X (sky130_fd_sc_hd__or2_2)
     3    0.01                           _10914_ (net)
                  0.14    0.00    8.26 v _13695_/B (sky130_fd_sc_hd__or2_1)
                  0.08    0.46    8.72 v _13695_/X (sky130_fd_sc_hd__or2_1)
     2    0.00                           _10915_ (net)
                  0.08    0.00    8.72 v _13696_/B (sky130_fd_sc_hd__or2_1)
                  0.15    0.52    9.24 v _13696_/X (sky130_fd_sc_hd__or2_1)
     3    0.01                           _10916_ (net)
                  0.15    0.00    9.24 v _13697_/B (sky130_fd_sc_hd__or2_1)
                  0.08    0.46    9.70 v _13697_/X (sky130_fd_sc_hd__or2_1)
     2    0.00                           _10917_ (net)
                  0.08    0.00    9.70 v _13698_/B (sky130_fd_sc_hd__or2_1)
                  0.13    0.50   10.20 v _13698_/X (sky130_fd_sc_hd__or2_1)
     3    0.01                           _10918_ (net)
                  0.13    0.00   10.20 v _13699_/B (sky130_fd_sc_hd__or2_1)
                  0.08    0.46   10.66 v _13699_/X (sky130_fd_sc_hd__or2_1)
     2    0.00                           _10919_ (net)
                  0.08    0.00   10.66 v _13700_/B (sky130_fd_sc_hd__or2_2)
                  0.14    0.67   11.32 v _13700_/X (sky130_fd_sc_hd__or2_2)
     3    0.01                           _10920_ (net)
                  0.14    0.00   11.32 v _13701_/B (sky130_fd_sc_hd__or2_1)
                  0.08    0.46   11.79 v _13701_/X (sky130_fd_sc_hd__or2_1)
     2    0.00                           _10921_ (net)
                  0.08    0.00   11.79 v _13702_/B (sky130_fd_sc_hd__or2_2)
                  0.14    0.67   12.45 v _13702_/X (sky130_fd_sc_hd__or2_2)
     3    0.01                           _10922_ (net)
                  0.14    0.00   12.45 v _13703_/B (sky130_fd_sc_hd__or2_1)
                  0.08    0.46   12.92 v _13703_/X (sky130_fd_sc_hd__or2_1)
     2    0.00                           _10923_ (net)
                  0.08    0.00   12.92 v _13704_/B (sky130_fd_sc_hd__or2_1)
                  0.15    0.52   13.44 v _13704_/X (sky130_fd_sc_hd__or2_1)
     3    0.01                           _10924_ (net)
                  0.15    0.00   13.44 v _13705_/B (sky130_fd_sc_hd__or2_1)
                  0.08    0.46   13.90 v _13705_/X (sky130_fd_sc_hd__or2_1)
     2    0.00                           _10925_ (net)
                  0.08    0.00   13.90 v _13706_/B (sky130_fd_sc_hd__or2_2)
                  0.14    0.67   14.57 v _13706_/X (sky130_fd_sc_hd__or2_2)
     3    0.01                           _10926_ (net)
                  0.14    0.00   14.57 v _13707_/B (sky130_fd_sc_hd__or2_1)
                  0.08    0.46   15.03 v _13707_/X (sky130_fd_sc_hd__or2_1)
     2    0.00                           _10927_ (net)
                  0.08    0.00   15.03 v _13708_/B (sky130_fd_sc_hd__or2_2)
                  0.14    0.67   15.70 v _13708_/X (sky130_fd_sc_hd__or2_2)
     3    0.01                           _10928_ (net)
                  0.14    0.00   15.70 v _13709_/B (sky130_fd_sc_hd__or2_1)
                  0.08    0.46   16.16 v _13709_/X (sky130_fd_sc_hd__or2_1)
     2    0.00                           _10929_ (net)
                  0.08    0.00   16.16 v _13710_/B (sky130_fd_sc_hd__or2_2)
                  0.14    0.67   16.82 v _13710_/X (sky130_fd_sc_hd__or2_2)
     3    0.01                           _10930_ (net)
                  0.14    0.00   16.82 v _13711_/B (sky130_fd_sc_hd__or2_1)
                  0.08    0.46   17.29 v _13711_/X (sky130_fd_sc_hd__or2_1)
     2    0.00                           _10931_ (net)
                  0.08    0.00   17.29 v _13712_/B (sky130_fd_sc_hd__or2_2)
                  0.14    0.67   17.95 v _13712_/X (sky130_fd_sc_hd__or2_2)
     3    0.01                           _10932_ (net)
                  0.14    0.00   17.95 v _13713_/B (sky130_fd_sc_hd__or2_1)
                  0.08    0.46   18.42 v _13713_/X (sky130_fd_sc_hd__or2_1)
     2    0.00                           _10933_ (net)
                  0.08    0.00   18.42 v _13714_/B (sky130_fd_sc_hd__or2_2)
                  0.14    0.67   19.08 v _13714_/X (sky130_fd_sc_hd__or2_2)
     3    0.01                           _10934_ (net)
                  0.14    0.00   19.08 v _13715_/B (sky130_fd_sc_hd__or2_1)
                  0.08    0.46   19.55 v _13715_/X (sky130_fd_sc_hd__or2_1)
     2    0.00                           _10935_ (net)
                  0.08    0.00   19.55 v _13716_/B (sky130_fd_sc_hd__or2_1)
                  0.13    0.50   20.05 v _13716_/X (sky130_fd_sc_hd__or2_1)
     3    0.01                           _10936_ (net)
                  0.13    0.00   20.05 v _13717_/B (sky130_fd_sc_hd__or2_1)
                  0.08    0.46   20.50 v _13717_/X (sky130_fd_sc_hd__or2_1)
     2    0.00                           _10937_ (net)
                  0.08    0.00   20.50 v _13718_/B (sky130_fd_sc_hd__or2_2)
                  0.14    0.67   21.17 v _13718_/X (sky130_fd_sc_hd__or2_2)
     3    0.01                           _10938_ (net)
                  0.14    0.00   21.17 v _13719_/B (sky130_fd_sc_hd__or2_1)
                  0.08    0.46   21.63 v _13719_/X (sky130_fd_sc_hd__or2_1)
     2    0.00                           _10939_ (net)
                  0.08    0.00   21.63 v _13720_/B (sky130_fd_sc_hd__or2_1)
                  0.15    0.52   22.15 v _13720_/X (sky130_fd_sc_hd__or2_1)
     3    0.01                           _10940_ (net)
                  0.15    0.00   22.15 v _13721_/B (sky130_fd_sc_hd__or2_1)
                  0.08    0.46   22.61 v _13721_/X (sky130_fd_sc_hd__or2_1)
     2    0.00                           _10941_ (net)
                  0.08    0.00   22.61 v _13722_/B (sky130_fd_sc_hd__or2_1)
                  0.13    0.50   23.11 v _13722_/X (sky130_fd_sc_hd__or2_1)
     3    0.01                           _10942_ (net)
                  0.13    0.00   23.11 v _13723_/B (sky130_fd_sc_hd__or2_1)
                  0.08    0.46   23.57 v _13723_/X (sky130_fd_sc_hd__or2_1)
     2    0.00                           _10943_ (net)
                  0.08    0.00   23.57 v _13724_/B (sky130_fd_sc_hd__or2_1)
                  0.13    0.50   24.07 v _13724_/X (sky130_fd_sc_hd__or2_1)
     3    0.01                           _10944_ (net)
                  0.13    0.00   24.07 v _13725_/B (sky130_fd_sc_hd__or2_1)
                  0.08    0.46   24.53 v _13725_/X (sky130_fd_sc_hd__or2_1)
     2    0.00                           _10945_ (net)
                  0.08    0.00   24.53 v _13726_/B (sky130_fd_sc_hd__or2_1)
                  0.13    0.50   25.03 v _13726_/X (sky130_fd_sc_hd__or2_1)
     3    0.01                           _10946_ (net)
                  0.13    0.00   25.03 v _13727_/B (sky130_fd_sc_hd__or2_1)
                  0.08    0.46   25.48 v _13727_/X (sky130_fd_sc_hd__or2_1)
     2    0.00                           _10947_ (net)
                  0.08    0.00   25.48 v _13728_/B (sky130_fd_sc_hd__or2_2)
                  0.14    0.67   26.15 v _13728_/X (sky130_fd_sc_hd__or2_2)
     3    0.01                           _10948_ (net)
                  0.14    0.00   26.15 v _13792_/A2 (sky130_fd_sc_hd__a211oi_2)
                  0.20    0.35   26.50 ^ _13792_/Y (sky130_fd_sc_hd__a211oi_2)
     1    0.00                           _03905_ (net)
                  0.20    0.00   26.50 ^ _27739_/D (sky130_fd_sc_hd__dfxtp_1)
                                 26.50   data arrival time

                  0.00   24.73   24.73   clock clk (rise edge)
                          0.00   24.73   clock network delay (ideal)
                          0.00   24.73   clock reconvergence pessimism
                                 24.73 ^ _27739_/CLK (sky130_fd_sc_hd__dfxtp_1)
                         -0.17   24.56   library setup time
                                 24.56   data required time
-----------------------------------------------------------------------------
                                 24.56   data required time
                                -26.50   data arrival time
-----------------------------------------------------------------------------
                                 -1.94   slack (VIOLATED)


Startpoint: _27871_ (rising edge-triggered flip-flop clocked by clk)
Endpoint: _27738_ (rising edge-triggered flip-flop clocked by clk)
Path Group: clk
Path Type: max

Fanout     Cap    Slew   Delay    Time   Description
-----------------------------------------------------------------------------
                  0.00    0.00    0.00   clock clk (rise edge)
                          0.00    0.00   clock network delay (ideal)
                  0.00    0.00    0.00 ^ _27871_/CLK (sky130_fd_sc_hd__dfxtp_2)
                  0.20    0.72    0.72 ^ _27871_/Q (sky130_fd_sc_hd__dfxtp_2)
     6    0.02                           irq_mask[12] (net)
                  0.20    0.00    0.72 ^ _13137_/A1 (sky130_fd_sc_hd__o22ai_1)
                  0.10    0.21    0.93 v _13137_/Y (sky130_fd_sc_hd__o22ai_1)
     1    0.00                           _10539_ (net)
                  0.10    0.00    0.93 v _13138_/C1 (sky130_fd_sc_hd__a221o_1)
                  0.09    0.49    1.42 v _13138_/X (sky130_fd_sc_hd__a221o_1)
     1    0.00                           _10540_ (net)
                  0.09    0.00    1.42 v _13157_/A (sky130_fd_sc_hd__or4_4)
                  0.14    1.03    2.45 v _13157_/X (sky130_fd_sc_hd__or4_4)
     1    0.00                           _10559_ (net)
                  0.14    0.00    2.45 v _13160_/A2 (sky130_fd_sc_hd__o2111a_1)
                  0.08    0.44    2.89 v _13160_/X (sky130_fd_sc_hd__o2111a_1)
     2    0.00                           _10562_ (net)
                  0.08    0.00    2.89 v _13161_/C (sky130_fd_sc_hd__or3_1)
                  0.15    0.73    3.62 v _13161_/X (sky130_fd_sc_hd__or3_1)
     2    0.00                           _10563_ (net)
                  0.15    0.00    3.62 v _13164_/A (sky130_fd_sc_hd__or2_1)
                  0.11    0.53    4.15 v _13164_/X (sky130_fd_sc_hd__or2_1)
     2    0.00                           _10565_ (net)
                  0.11    0.00    4.15 v _13165_/C (sky130_fd_sc_hd__or3_4)
                  0.12    0.66    4.81 v _13165_/X (sky130_fd_sc_hd__or3_4)
     4    0.00                           _10566_ (net)
                  0.12    0.00    4.81 v _13690_/B (sky130_fd_sc_hd__or2_2)
                  0.15    0.69    5.50 v _13690_/X (sky130_fd_sc_hd__or2_2)
     5    0.01                           _10910_ (net)
                  0.15    0.00    5.50 v _13691_/C (sky130_fd_sc_hd__or3_2)
                  0.15    0.95    6.45 v _13691_/X (sky130_fd_sc_hd__or3_2)
     2    0.00                           _10911_ (net)
                  0.15    0.00    6.45 v _13692_/B (sky130_fd_sc_hd__or2_2)
                  0.13    0.68    7.13 v _13692_/X (sky130_fd_sc_hd__or2_2)
     3    0.01                           _10912_ (net)
                  0.13    0.00    7.13 v _13693_/B (sky130_fd_sc_hd__or2_1)
                  0.08    0.46    7.59 v _13693_/X (sky130_fd_sc_hd__or2_1)
     2    0.00                           _10913_ (net)
                  0.08    0.00    7.59 v _13694_/B (sky130_fd_sc_hd__or2_2)
                  0.14    0.67    8.26 v _13694_/X (sky130_fd_sc_hd__or2_2)
     3    0.01                           _10914_ (net)
                  0.14    0.00    8.26 v _13695_/B (sky130_fd_sc_hd__or2_1)
                  0.08    0.46    8.72 v _13695_/X (sky130_fd_sc_hd__or2_1)
     2    0.00                           _10915_ (net)
                  0.08    0.00    8.72 v _13696_/B (sky130_fd_sc_hd__or2_1)
                  0.15    0.52    9.24 v _13696_/X (sky130_fd_sc_hd__or2_1)
     3    0.01                           _10916_ (net)
                  0.15    0.00    9.24 v _13697_/B (sky130_fd_sc_hd__or2_1)
                  0.08    0.46    9.70 v _13697_/X (sky130_fd_sc_hd__or2_1)
     2    0.00                           _10917_ (net)
                  0.08    0.00    9.70 v _13698_/B (sky130_fd_sc_hd__or2_1)
                  0.13    0.50   10.20 v _13698_/X (sky130_fd_sc_hd__or2_1)
     3    0.01                           _10918_ (net)
                  0.13    0.00   10.20 v _13699_/B (sky130_fd_sc_hd__or2_1)
                  0.08    0.46   10.66 v _13699_/X (sky130_fd_sc_hd__or2_1)
     2    0.00                           _10919_ (net)
                  0.08    0.00   10.66 v _13700_/B (sky130_fd_sc_hd__or2_2)
                  0.14    0.67   11.32 v _13700_/X (sky130_fd_sc_hd__or2_2)
     3    0.01                           _10920_ (net)
                  0.14    0.00   11.32 v _13701_/B (sky130_fd_sc_hd__or2_1)
                  0.08    0.46   11.79 v _13701_/X (sky130_fd_sc_hd__or2_1)
     2    0.00                           _10921_ (net)
                  0.08    0.00   11.79 v _13702_/B (sky130_fd_sc_hd__or2_2)
                  0.14    0.67   12.45 v _13702_/X (sky130_fd_sc_hd__or2_2)
     3    0.01                           _10922_ (net)
                  0.14    0.00   12.45 v _13703_/B (sky130_fd_sc_hd__or2_1)
                  0.08    0.46   12.92 v _13703_/X (sky130_fd_sc_hd__or2_1)
     2    0.00                           _10923_ (net)
                  0.08    0.00   12.92 v _13704_/B (sky130_fd_sc_hd__or2_1)
                  0.15    0.52   13.44 v _13704_/X (sky130_fd_sc_hd__or2_1)
     3    0.01                           _10924_ (net)
                  0.15    0.00   13.44 v _13705_/B (sky130_fd_sc_hd__or2_1)
                  0.08    0.46   13.90 v _13705_/X (sky130_fd_sc_hd__or2_1)
     2    0.00                           _10925_ (net)
                  0.08    0.00   13.90 v _13706_/B (sky130_fd_sc_hd__or2_2)
                  0.14    0.67   14.57 v _13706_/X (sky130_fd_sc_hd__or2_2)
     3    0.01                           _10926_ (net)
                  0.14    0.00   14.57 v _13707_/B (sky130_fd_sc_hd__or2_1)
                  0.08    0.46   15.03 v _13707_/X (sky130_fd_sc_hd__or2_1)
     2    0.00                           _10927_ (net)
                  0.08    0.00   15.03 v _13708_/B (sky130_fd_sc_hd__or2_2)
                  0.14    0.67   15.70 v _13708_/X (sky130_fd_sc_hd__or2_2)
     3    0.01                           _10928_ (net)
                  0.14    0.00   15.70 v _13709_/B (sky130_fd_sc_hd__or2_1)
                  0.08    0.46   16.16 v _13709_/X (sky130_fd_sc_hd__or2_1)
     2    0.00                           _10929_ (net)
                  0.08    0.00   16.16 v _13710_/B (sky130_fd_sc_hd__or2_2)
                  0.14    0.67   16.82 v _13710_/X (sky130_fd_sc_hd__or2_2)
     3    0.01                           _10930_ (net)
                  0.14    0.00   16.82 v _13711_/B (sky130_fd_sc_hd__or2_1)
                  0.08    0.46   17.29 v _13711_/X (sky130_fd_sc_hd__or2_1)
     2    0.00                           _10931_ (net)
                  0.08    0.00   17.29 v _13712_/B (sky130_fd_sc_hd__or2_2)
                  0.14    0.67   17.95 v _13712_/X (sky130_fd_sc_hd__or2_2)
     3    0.01                           _10932_ (net)
                  0.14    0.00   17.95 v _13713_/B (sky130_fd_sc_hd__or2_1)
                  0.08    0.46   18.42 v _13713_/X (sky130_fd_sc_hd__or2_1)
     2    0.00                           _10933_ (net)
                  0.08    0.00   18.42 v _13714_/B (sky130_fd_sc_hd__or2_2)
                  0.14    0.67   19.08 v _13714_/X (sky130_fd_sc_hd__or2_2)
     3    0.01                           _10934_ (net)
                  0.14    0.00   19.08 v _13715_/B (sky130_fd_sc_hd__or2_1)
                  0.08    0.46   19.55 v _13715_/X (sky130_fd_sc_hd__or2_1)
     2    0.00                           _10935_ (net)
                  0.08    0.00   19.55 v _13716_/B (sky130_fd_sc_hd__or2_1)
                  0.13    0.50   20.05 v _13716_/X (sky130_fd_sc_hd__or2_1)
     3    0.01                           _10936_ (net)
                  0.13    0.00   20.05 v _13717_/B (sky130_fd_sc_hd__or2_1)
                  0.08    0.46   20.50 v _13717_/X (sky130_fd_sc_hd__or2_1)
     2    0.00                           _10937_ (net)
                  0.08    0.00   20.50 v _13718_/B (sky130_fd_sc_hd__or2_2)
                  0.14    0.67   21.17 v _13718_/X (sky130_fd_sc_hd__or2_2)
     3    0.01                           _10938_ (net)
                  0.14    0.00   21.17 v _13719_/B (sky130_fd_sc_hd__or2_1)
                  0.08    0.46   21.63 v _13719_/X (sky130_fd_sc_hd__or2_1)
     2    0.00                           _10939_ (net)
                  0.08    0.00   21.63 v _13720_/B (sky130_fd_sc_hd__or2_1)
                  0.15    0.52   22.15 v _13720_/X (sky130_fd_sc_hd__or2_1)
     3    0.01                           _10940_ (net)
                  0.15    0.00   22.15 v _13721_/B (sky130_fd_sc_hd__or2_1)
                  0.08    0.46   22.61 v _13721_/X (sky130_fd_sc_hd__or2_1)
     2    0.00                           _10941_ (net)
                  0.08    0.00   22.61 v _13722_/B (sky130_fd_sc_hd__or2_1)
                  0.13    0.50   23.11 v _13722_/X (sky130_fd_sc_hd__or2_1)
     3    0.01                           _10942_ (net)
                  0.13    0.00   23.11 v _13723_/B (sky130_fd_sc_hd__or2_1)
                  0.08    0.46   23.57 v _13723_/X (sky130_fd_sc_hd__or2_1)
     2    0.00                           _10943_ (net)
                  0.08    0.00   23.57 v _13724_/B (sky130_fd_sc_hd__or2_1)
                  0.13    0.50   24.07 v _13724_/X (sky130_fd_sc_hd__or2_1)
     3    0.01                           _10944_ (net)
                  0.13    0.00   24.07 v _13725_/B (sky130_fd_sc_hd__or2_1)
                  0.08    0.46   24.53 v _13725_/X (sky130_fd_sc_hd__or2_1)
     2    0.00                           _10945_ (net)
                  0.08    0.00   24.53 v _13726_/B (sky130_fd_sc_hd__or2_1)
                  0.13    0.50   25.03 v _13726_/X (sky130_fd_sc_hd__or2_1)
     3    0.01                           _10946_ (net)
                  0.13    0.00   25.03 v _13727_/B (sky130_fd_sc_hd__or2_1)
                  0.08    0.46   25.48 v _13727_/X (sky130_fd_sc_hd__or2_1)
     2    0.00                           _10947_ (net)
                  0.08    0.00   25.48 v _13728_/B (sky130_fd_sc_hd__or2_2)
                  0.14    0.67   26.15 v _13728_/X (sky130_fd_sc_hd__or2_2)
     3    0.01                           _10948_ (net)
                  0.14    0.00   26.15 v _13795_/C1 (sky130_fd_sc_hd__o211a_1)
                  0.06    0.22   26.37 v _13795_/X (sky130_fd_sc_hd__o211a_1)
     1    0.00                           _03904_ (net)
                  0.06    0.00   26.37 v _27738_/D (sky130_fd_sc_hd__dfxtp_1)
                                 26.37   data arrival time

                  0.00   24.73   24.73   clock clk (rise edge)
                          0.00   24.73   clock network delay (ideal)
                          0.00   24.73   clock reconvergence pessimism
                                 24.73 ^ _27738_/CLK (sky130_fd_sc_hd__dfxtp_1)
                         -0.28   24.45   library setup time
                                 24.45   data required time
-----------------------------------------------------------------------------
                                 24.45   data required time
                                -26.37   data arrival time
-----------------------------------------------------------------------------
                                 -1.92   slack (VIOLATED)


Startpoint: _27565_ (rising edge-triggered flip-flop clocked by clk)
Endpoint: _27615_ (rising edge-triggered flip-flop clocked by clk)
Path Group: clk
Path Type: max

Fanout     Cap    Slew   Delay    Time   Description
-----------------------------------------------------------------------------
                  0.00    0.00    0.00   clock clk (rise edge)
                          0.00    0.00   clock network delay (ideal)
                  0.00    0.00    0.00 ^ _27565_/CLK (sky130_fd_sc_hd__dfxtp_1)
                  0.16    0.66    0.66 ^ _27565_/Q (sky130_fd_sc_hd__dfxtp_1)
     3    0.01                           count_cycle[0] (net)
                  0.16    0.00    0.66 ^ _14096_/A (sky130_fd_sc_hd__inv_2)
                  0.07    0.13    0.79 v _14096_/Y (sky130_fd_sc_hd__inv_2)
     6    0.01                           _02559_ (net)
                  0.07    0.00    0.79 v _14100_/A (sky130_fd_sc_hd__or4_4)
                  0.14    1.01    1.80 v _14100_/X (sky130_fd_sc_hd__or4_4)
     2    0.00                           _11149_ (net)
                  0.14    0.00    1.80 v _14101_/B (sky130_fd_sc_hd__or2_1)
                  0.11    0.49    2.29 v _14101_/X (sky130_fd_sc_hd__or2_1)
     3    0.00                           _11150_ (net)
                  0.11    0.00    2.29 v _14102_/B (sky130_fd_sc_hd__or2_1)
                  0.13    0.51    2.80 v _14102_/X (sky130_fd_sc_hd__or2_1)
     3    0.01                           _11151_ (net)
                  0.13    0.00    2.80 v _14103_/B (sky130_fd_sc_hd__or2_1)
                  0.08    0.46    3.26 v _14103_/X (sky130_fd_sc_hd__or2_1)
     2    0.00                           _11152_ (net)
                  0.08    0.00    3.26 v _14104_/B (sky130_fd_sc_hd__or2_1)
                  0.15    0.52    3.78 v _14104_/X (sky130_fd_sc_hd__or2_1)
     3    0.01                           _11153_ (net)
                  0.15    0.00    3.78 v _14105_/B (sky130_fd_sc_hd__or2_1)
                  0.08    0.46    4.24 v _14105_/X (sky130_fd_sc_hd__or2_1)
     2    0.00                           _11154_ (net)
                  0.08    0.00    4.24 v _14106_/B (sky130_fd_sc_hd__or2_1)
                  0.13    0.50    4.74 v _14106_/X (sky130_fd_sc_hd__or2_1)
     3    0.01                           _11155_ (net)
                  0.13    0.00    4.74 v _14107_/B (sky130_fd_sc_hd__or2_1)
                  0.08    0.46    5.20 v _14107_/X (sky130_fd_sc_hd__or2_1)
     2    0.00                           _11156_ (net)
                  0.08    0.00    5.20 v _14108_/B (sky130_fd_sc_hd__or2_2)
                  0.14    0.67    5.87 v _14108_/X (sky130_fd_sc_hd__or2_2)
     3    0.01                           _11157_ (net)
                  0.14    0.00    5.87 v _14109_/B (sky130_fd_sc_hd__or2_1)
                  0.08    0.46    6.33 v _14109_/X (sky130_fd_sc_hd__or2_1)
     2    0.00                           _11158_ (net)
                  0.08    0.00    6.33 v _14110_/B (sky130_fd_sc_hd__or2_1)
                  0.13    0.50    6.83 v _14110_/X (sky130_fd_sc_hd__or2_1)
     3    0.01                           _11159_ (net)
                  0.13    0.00    6.83 v _14111_/B (sky130_fd_sc_hd__or2_1)
                  0.08    0.46    7.29 v _14111_/X (sky130_fd_sc_hd__or2_1)
     2    0.00                           _11160_ (net)
                  0.08    0.00    7.29 v _14112_/B (sky130_fd_sc_hd__or2_1)
                  0.13    0.50    7.79 v _14112_/X (sky130_fd_sc_hd__or2_1)
     3    0.01                           _11161_ (net)
                  0.13    0.00    7.79 v _14113_/B (sky130_fd_sc_hd__or2_1)
                  0.08    0.46    8.24 v _14113_/X (sky130_fd_sc_hd__or2_1)
     2    0.00                           _11162_ (net)
                  0.08    0.00    8.24 v _14114_/B (sky130_fd_sc_hd__or2_2)
                  0.14    0.67    8.91 v _14114_/X (sky130_fd_sc_hd__or2_2)
     3    0.01                           _11163_ (net)
                  0.14    0.00    8.91 v _14115_/B (sky130_fd_sc_hd__or2_1)
                  0.08    0.46    9.37 v _14115_/X (sky130_fd_sc_hd__or2_1)
     2    0.00                           _11164_ (net)
                  0.08    0.00    9.37 v _14116_/B (sky130_fd_sc_hd__or2_2)
                  0.14    0.67   10.04 v _14116_/X (sky130_fd_sc_hd__or2_2)
     3    0.01                           _11165_ (net)
                  0.14    0.00   10.04 v _14117_/B (sky130_fd_sc_hd__or2_1)
                  0.08    0.46   10.50 v _14117_/X (sky130_fd_sc_hd__or2_1)
     2    0.00                           _11166_ (net)
                  0.08    0.00   10.50 v _14118_/B (sky130_fd_sc_hd__or2_1)
                  0.15    0.52   11.02 v _14118_/X (sky130_fd_sc_hd__or2_1)
     3    0.01                           _11167_ (net)
                  0.15    0.00   11.02 v _14119_/B (sky130_fd_sc_hd__or2_1)
                  0.08    0.46   11.48 v _14119_/X (sky130_fd_sc_hd__or2_1)
     2    0.00                           _11168_ (net)
                  0.08    0.00   11.48 v _14120_/B (sky130_fd_sc_hd__or2_1)
                  0.15    0.52   12.00 v _14120_/X (sky130_fd_sc_hd__or2_1)
     3    0.01                           _11169_ (net)
                  0.15    0.00   12.00 v _14121_/B (sky130_fd_sc_hd__or2_1)
                  0.08    0.46   12.47 v _14121_/X (sky130_fd_sc_hd__or2_1)
     2    0.00                           _11170_ (net)
                  0.08    0.00   12.47 v _14122_/B (sky130_fd_sc_hd__or2_2)
                  0.14    0.67   13.13 v _14122_/X (sky130_fd_sc_hd__or2_2)
     3    0.01                           _11171_ (net)
                  0.14    0.00   13.13 v _14123_/B (sky130_fd_sc_hd__or2_1)
                  0.08    0.46   13.60 v _14123_/X (sky130_fd_sc_hd__or2_1)
     2    0.00                           _11172_ (net)
                  0.08    0.00   13.60 v _14124_/B (sky130_fd_sc_hd__or2_1)
                  0.13    0.50   14.10 v _14124_/X (sky130_fd_sc_hd__or2_1)
     3    0.01                           _11173_ (net)
                  0.13    0.00   14.10 v _14125_/B (sky130_fd_sc_hd__or2_1)
                  0.08    0.46   14.55 v _14125_/X (sky130_fd_sc_hd__or2_1)
     2    0.00                           _11174_ (net)
                  0.08    0.00   14.55 v _14126_/B (sky130_fd_sc_hd__or2_2)
                  0.13    0.65   15.21 v _14126_/X (sky130_fd_sc_hd__or2_2)
     3    0.01                           _11175_ (net)
                  0.13    0.00   15.21 v _14127_/B (sky130_fd_sc_hd__or2_1)
                  0.08    0.46   15.66 v _14127_/X (sky130_fd_sc_hd__or2_1)
     2    0.00                           _11176_ (net)
                  0.08    0.00   15.66 v _14128_/B (sky130_fd_sc_hd__or2_1)
                  0.15    0.52   16.18 v _14128_/X (sky130_fd_sc_hd__or2_1)
     3    0.01                           _11177_ (net)
                  0.15    0.00   16.18 v _14129_/B (sky130_fd_sc_hd__or2_1)
                  0.08    0.46   16.65 v _14129_/X (sky130_fd_sc_hd__or2_1)
     2    0.00                           _11178_ (net)
                  0.08    0.00   16.65 v _14130_/B (sky130_fd_sc_hd__or2_2)
                  0.14    0.67   17.31 v _14130_/X (sky130_fd_sc_hd__or2_2)
     3    0.01                           _11179_ (net)
                  0.14    0.00   17.31 v _14131_/B (sky130_fd_sc_hd__or2_1)
                  0.08    0.46   17.78 v _14131_/X (sky130_fd_sc_hd__or2_1)
     2    0.00                           _11180_ (net)
                  0.08    0.00   17.78 v _14132_/B (sky130_fd_sc_hd__or2_1)
                  0.13    0.50   18.28 v _14132_/X (sky130_fd_sc_hd__or2_1)
     3    0.01                           _11181_ (net)
                  0.13    0.00   18.28 v _14133_/B (sky130_fd_sc_hd__or2_1)
                  0.08    0.46   18.73 v _14133_/X (sky130_fd_sc_hd__or2_1)
     2    0.00                           _11182_ (net)
                  0.08    0.00   18.73 v _14134_/B (sky130_fd_sc_hd__or2_2)
                  0.14    0.67   19.40 v _14134_/X (sky130_fd_sc_hd__or2_2)
     3    0.01                           _11183_ (net)
                  0.14    0.00   19.40 v _14135_/B (sky130_fd_sc_hd__or2_1)
                  0.08    0.46   19.86 v _14135_/X (sky130_fd_sc_hd__or2_1)
     2    0.00                           _11184_ (net)
                  0.08    0.00   19.86 v _14136_/B (sky130_fd_sc_hd__or2_2)
                  0.14    0.67   20.53 v _14136_/X (sky130_fd_sc_hd__or2_2)
     3    0.01                           _11185_ (net)
                  0.14    0.00   20.53 v _14137_/B (sky130_fd_sc_hd__or2_1)
                  0.08    0.46   20.99 v _14137_/X (sky130_fd_sc_hd__or2_1)
     2    0.00                           _11186_ (net)
                  0.08    0.00   20.99 v _14138_/B (sky130_fd_sc_hd__or2_2)
                  0.14    0.67   21.66 v _14138_/X (sky130_fd_sc_hd__or2_2)
     3    0.01                           _11187_ (net)
                  0.14    0.00   21.66 v _14139_/B (sky130_fd_sc_hd__or2_1)
                  0.08    0.46   22.12 v _14139_/X (sky130_fd_sc_hd__or2_1)
     2    0.00                           _11188_ (net)
                  0.08    0.00   22.12 v _14140_/B (sky130_fd_sc_hd__or2_1)
                  0.13    0.50   22.62 v _14140_/X (sky130_fd_sc_hd__or2_1)
     3    0.01                           _11189_ (net)
                  0.13    0.00   22.62 v _14141_/B (sky130_fd_sc_hd__or2_1)
                  0.08    0.46   23.08 v _14141_/X (sky130_fd_sc_hd__or2_1)
     2    0.00                           _11190_ (net)
                  0.08    0.00   23.08 v _14142_/B (sky130_fd_sc_hd__or2_2)
                  0.14    0.67   23.74 v _14142_/X (sky130_fd_sc_hd__or2_2)
     3    0.01                           _11191_ (net)
                  0.14    0.00   23.74 v _14143_/B (sky130_fd_sc_hd__or2_1)
                  0.08    0.46   24.21 v _14143_/X (sky130_fd_sc_hd__or2_1)
     2    0.00                           _11192_ (net)
                  0.08    0.00   24.21 v _14144_/B (sky130_fd_sc_hd__or2_2)
                  0.14    0.67   24.87 v _14144_/X (sky130_fd_sc_hd__or2_2)
     3    0.01                           _11193_ (net)
                  0.14    0.00   24.87 v _14145_/B (sky130_fd_sc_hd__or2_1)
                  0.08    0.46   25.33 v _14145_/X (sky130_fd_sc_hd__or2_1)
     2    0.00                           _11194_ (net)
                  0.08    0.00   25.33 v _14146_/B (sky130_fd_sc_hd__or2_2)
                  0.14    0.67   26.00 v _14146_/X (sky130_fd_sc_hd__or2_2)
     3    0.01                           _11195_ (net)
                  0.14    0.00   26.00 v _14183_/A2 (sky130_fd_sc_hd__a211oi_2)
                  0.20    0.35   26.35 ^ _14183_/Y (sky130_fd_sc_hd__a211oi_2)
     1    0.00                           _03781_ (net)
                  0.20    0.00   26.35 ^ _27615_/D (sky130_fd_sc_hd__dfxtp_1)
                                 26.35   data arrival time

                  0.00   24.73   24.73   clock clk (rise edge)
                          0.00   24.73   clock network delay (ideal)
                          0.00   24.73   clock reconvergence pessimism
                                 24.73 ^ _27615_/CLK (sky130_fd_sc_hd__dfxtp_1)
                         -0.17   24.56   library setup time
                                 24.56   data required time
-----------------------------------------------------------------------------
                                 24.56   data required time
                                -26.35   data arrival time
-----------------------------------------------------------------------------
                                 -1.79   slack (VIOLATED)


Startpoint: _27565_ (rising edge-triggered flip-flop clocked by clk)
Endpoint: _27614_ (rising edge-triggered flip-flop clocked by clk)
Path Group: clk
Path Type: max

Fanout     Cap    Slew   Delay    Time   Description
-----------------------------------------------------------------------------
                  0.00    0.00    0.00   clock clk (rise edge)
                          0.00    0.00   clock network delay (ideal)
                  0.00    0.00    0.00 ^ _27565_/CLK (sky130_fd_sc_hd__dfxtp_1)
                  0.16    0.66    0.66 ^ _27565_/Q (sky130_fd_sc_hd__dfxtp_1)
     3    0.01                           count_cycle[0] (net)
                  0.16    0.00    0.66 ^ _14096_/A (sky130_fd_sc_hd__inv_2)
                  0.07    0.13    0.79 v _14096_/Y (sky130_fd_sc_hd__inv_2)
     6    0.01                           _02559_ (net)
                  0.07    0.00    0.79 v _14100_/A (sky130_fd_sc_hd__or4_4)
                  0.14    1.01    1.80 v _14100_/X (sky130_fd_sc_hd__or4_4)
     2    0.00                           _11149_ (net)
                  0.14    0.00    1.80 v _14101_/B (sky130_fd_sc_hd__or2_1)
                  0.11    0.49    2.29 v _14101_/X (sky130_fd_sc_hd__or2_1)
     3    0.00                           _11150_ (net)
                  0.11    0.00    2.29 v _14102_/B (sky130_fd_sc_hd__or2_1)
                  0.13    0.51    2.80 v _14102_/X (sky130_fd_sc_hd__or2_1)
     3    0.01                           _11151_ (net)
                  0.13    0.00    2.80 v _14103_/B (sky130_fd_sc_hd__or2_1)
                  0.08    0.46    3.26 v _14103_/X (sky130_fd_sc_hd__or2_1)
     2    0.00                           _11152_ (net)
                  0.08    0.00    3.26 v _14104_/B (sky130_fd_sc_hd__or2_1)
                  0.15    0.52    3.78 v _14104_/X (sky130_fd_sc_hd__or2_1)
     3    0.01                           _11153_ (net)
                  0.15    0.00    3.78 v _14105_/B (sky130_fd_sc_hd__or2_1)
                  0.08    0.46    4.24 v _14105_/X (sky130_fd_sc_hd__or2_1)
     2    0.00                           _11154_ (net)
                  0.08    0.00    4.24 v _14106_/B (sky130_fd_sc_hd__or2_1)
                  0.13    0.50    4.74 v _14106_/X (sky130_fd_sc_hd__or2_1)
     3    0.01                           _11155_ (net)
                  0.13    0.00    4.74 v _14107_/B (sky130_fd_sc_hd__or2_1)
                  0.08    0.46    5.20 v _14107_/X (sky130_fd_sc_hd__or2_1)
     2    0.00                           _11156_ (net)
                  0.08    0.00    5.20 v _14108_/B (sky130_fd_sc_hd__or2_2)
                  0.14    0.67    5.87 v _14108_/X (sky130_fd_sc_hd__or2_2)
     3    0.01                           _11157_ (net)
                  0.14    0.00    5.87 v _14109_/B (sky130_fd_sc_hd__or2_1)
                  0.08    0.46    6.33 v _14109_/X (sky130_fd_sc_hd__or2_1)
     2    0.00                           _11158_ (net)
                  0.08    0.00    6.33 v _14110_/B (sky130_fd_sc_hd__or2_1)
                  0.13    0.50    6.83 v _14110_/X (sky130_fd_sc_hd__or2_1)
     3    0.01                           _11159_ (net)
                  0.13    0.00    6.83 v _14111_/B (sky130_fd_sc_hd__or2_1)
                  0.08    0.46    7.29 v _14111_/X (sky130_fd_sc_hd__or2_1)
     2    0.00                           _11160_ (net)
                  0.08    0.00    7.29 v _14112_/B (sky130_fd_sc_hd__or2_1)
                  0.13    0.50    7.79 v _14112_/X (sky130_fd_sc_hd__or2_1)
     3    0.01                           _11161_ (net)
                  0.13    0.00    7.79 v _14113_/B (sky130_fd_sc_hd__or2_1)
                  0.08    0.46    8.24 v _14113_/X (sky130_fd_sc_hd__or2_1)
     2    0.00                           _11162_ (net)
                  0.08    0.00    8.24 v _14114_/B (sky130_fd_sc_hd__or2_2)
                  0.14    0.67    8.91 v _14114_/X (sky130_fd_sc_hd__or2_2)
     3    0.01                           _11163_ (net)
                  0.14    0.00    8.91 v _14115_/B (sky130_fd_sc_hd__or2_1)
                  0.08    0.46    9.37 v _14115_/X (sky130_fd_sc_hd__or2_1)
     2    0.00                           _11164_ (net)
                  0.08    0.00    9.37 v _14116_/B (sky130_fd_sc_hd__or2_2)
                  0.14    0.67   10.04 v _14116_/X (sky130_fd_sc_hd__or2_2)
     3    0.01                           _11165_ (net)
                  0.14    0.00   10.04 v _14117_/B (sky130_fd_sc_hd__or2_1)
                  0.08    0.46   10.50 v _14117_/X (sky130_fd_sc_hd__or2_1)
     2    0.00                           _11166_ (net)
                  0.08    0.00   10.50 v _14118_/B (sky130_fd_sc_hd__or2_1)
                  0.15    0.52   11.02 v _14118_/X (sky130_fd_sc_hd__or2_1)
     3    0.01                           _11167_ (net)
                  0.15    0.00   11.02 v _14119_/B (sky130_fd_sc_hd__or2_1)
                  0.08    0.46   11.48 v _14119_/X (sky130_fd_sc_hd__or2_1)
     2    0.00                           _11168_ (net)
                  0.08    0.00   11.48 v _14120_/B (sky130_fd_sc_hd__or2_1)
                  0.15    0.52   12.00 v _14120_/X (sky130_fd_sc_hd__or2_1)
     3    0.01                           _11169_ (net)
                  0.15    0.00   12.00 v _14121_/B (sky130_fd_sc_hd__or2_1)
                  0.08    0.46   12.47 v _14121_/X (sky130_fd_sc_hd__or2_1)
     2    0.00                           _11170_ (net)
                  0.08    0.00   12.47 v _14122_/B (sky130_fd_sc_hd__or2_2)
                  0.14    0.67   13.13 v _14122_/X (sky130_fd_sc_hd__or2_2)
     3    0.01                           _11171_ (net)
                  0.14    0.00   13.13 v _14123_/B (sky130_fd_sc_hd__or2_1)
                  0.08    0.46   13.60 v _14123_/X (sky130_fd_sc_hd__or2_1)
     2    0.00                           _11172_ (net)
                  0.08    0.00   13.60 v _14124_/B (sky130_fd_sc_hd__or2_1)
                  0.13    0.50   14.10 v _14124_/X (sky130_fd_sc_hd__or2_1)
     3    0.01                           _11173_ (net)
                  0.13    0.00   14.10 v _14125_/B (sky130_fd_sc_hd__or2_1)
                  0.08    0.46   14.55 v _14125_/X (sky130_fd_sc_hd__or2_1)
     2    0.00                           _11174_ (net)
                  0.08    0.00   14.55 v _14126_/B (sky130_fd_sc_hd__or2_2)
                  0.13    0.65   15.21 v _14126_/X (sky130_fd_sc_hd__or2_2)
     3    0.01                           _11175_ (net)
                  0.13    0.00   15.21 v _14127_/B (sky130_fd_sc_hd__or2_1)
                  0.08    0.46   15.66 v _14127_/X (sky130_fd_sc_hd__or2_1)
     2    0.00                           _11176_ (net)
                  0.08    0.00   15.66 v _14128_/B (sky130_fd_sc_hd__or2_1)
                  0.15    0.52   16.18 v _14128_/X (sky130_fd_sc_hd__or2_1)
     3    0.01                           _11177_ (net)
                  0.15    0.00   16.18 v _14129_/B (sky130_fd_sc_hd__or2_1)
                  0.08    0.46   16.65 v _14129_/X (sky130_fd_sc_hd__or2_1)
     2    0.00                           _11178_ (net)
                  0.08    0.00   16.65 v _14130_/B (sky130_fd_sc_hd__or2_2)
                  0.14    0.67   17.31 v _14130_/X (sky130_fd_sc_hd__or2_2)
     3    0.01                           _11179_ (net)
                  0.14    0.00   17.31 v _14131_/B (sky130_fd_sc_hd__or2_1)
                  0.08    0.46   17.78 v _14131_/X (sky130_fd_sc_hd__or2_1)
     2    0.00                           _11180_ (net)
                  0.08    0.00   17.78 v _14132_/B (sky130_fd_sc_hd__or2_1)
                  0.13    0.50   18.28 v _14132_/X (sky130_fd_sc_hd__or2_1)
     3    0.01                           _11181_ (net)
                  0.13    0.00   18.28 v _14133_/B (sky130_fd_sc_hd__or2_1)
                  0.08    0.46   18.73 v _14133_/X (sky130_fd_sc_hd__or2_1)
     2    0.00                           _11182_ (net)
                  0.08    0.00   18.73 v _14134_/B (sky130_fd_sc_hd__or2_2)
                  0.14    0.67   19.40 v _14134_/X (sky130_fd_sc_hd__or2_2)
     3    0.01                           _11183_ (net)
                  0.14    0.00   19.40 v _14135_/B (sky130_fd_sc_hd__or2_1)
                  0.08    0.46   19.86 v _14135_/X (sky130_fd_sc_hd__or2_1)
     2    0.00                           _11184_ (net)
                  0.08    0.00   19.86 v _14136_/B (sky130_fd_sc_hd__or2_2)
                  0.14    0.67   20.53 v _14136_/X (sky130_fd_sc_hd__or2_2)
     3    0.01                           _11185_ (net)
                  0.14    0.00   20.53 v _14137_/B (sky130_fd_sc_hd__or2_1)
                  0.08    0.46   20.99 v _14137_/X (sky130_fd_sc_hd__or2_1)
     2    0.00                           _11186_ (net)
                  0.08    0.00   20.99 v _14138_/B (sky130_fd_sc_hd__or2_2)
                  0.14    0.67   21.66 v _14138_/X (sky130_fd_sc_hd__or2_2)
     3    0.01                           _11187_ (net)
                  0.14    0.00   21.66 v _14139_/B (sky130_fd_sc_hd__or2_1)
                  0.08    0.46   22.12 v _14139_/X (sky130_fd_sc_hd__or2_1)
     2    0.00                           _11188_ (net)
                  0.08    0.00   22.12 v _14140_/B (sky130_fd_sc_hd__or2_1)
                  0.13    0.50   22.62 v _14140_/X (sky130_fd_sc_hd__or2_1)
     3    0.01                           _11189_ (net)
                  0.13    0.00   22.62 v _14141_/B (sky130_fd_sc_hd__or2_1)
                  0.08    0.46   23.08 v _14141_/X (sky130_fd_sc_hd__or2_1)
     2    0.00                           _11190_ (net)
                  0.08    0.00   23.08 v _14142_/B (sky130_fd_sc_hd__or2_2)
                  0.14    0.67   23.74 v _14142_/X (sky130_fd_sc_hd__or2_2)
     3    0.01                           _11191_ (net)
                  0.14    0.00   23.74 v _14143_/B (sky130_fd_sc_hd__or2_1)
                  0.08    0.46   24.21 v _14143_/X (sky130_fd_sc_hd__or2_1)
     2    0.00                           _11192_ (net)
                  0.08    0.00   24.21 v _14144_/B (sky130_fd_sc_hd__or2_2)
                  0.14    0.67   24.87 v _14144_/X (sky130_fd_sc_hd__or2_2)
     3    0.01                           _11193_ (net)
                  0.14    0.00   24.87 v _14145_/B (sky130_fd_sc_hd__or2_1)
                  0.08    0.46   25.33 v _14145_/X (sky130_fd_sc_hd__or2_1)
     2    0.00                           _11194_ (net)
                  0.08    0.00   25.33 v _14146_/B (sky130_fd_sc_hd__or2_2)
                  0.14    0.67   26.00 v _14146_/X (sky130_fd_sc_hd__or2_2)
     3    0.01                           _11195_ (net)
                  0.14    0.00   26.00 v _14185_/C1 (sky130_fd_sc_hd__o211a_1)
                  0.06    0.22   26.22 v _14185_/X (sky130_fd_sc_hd__o211a_1)
     1    0.00                           _03780_ (net)
                  0.06    0.00   26.22 v _27614_/D (sky130_fd_sc_hd__dfxtp_1)
                                 26.22   data arrival time

                  0.00   24.73   24.73   clock clk (rise edge)
                          0.00   24.73   clock network delay (ideal)
                          0.00   24.73   clock reconvergence pessimism
                                 24.73 ^ _27614_/CLK (sky130_fd_sc_hd__dfxtp_1)
                         -0.28   24.45   library setup time
                                 24.45   data required time
-----------------------------------------------------------------------------
                                 24.45   data required time
                                -26.22   data arrival time
-----------------------------------------------------------------------------
                                 -1.78   slack (VIOLATED)


Startpoint: _27871_ (rising edge-triggered flip-flop clocked by clk)
Endpoint: _27737_ (rising edge-triggered flip-flop clocked by clk)
Path Group: clk
Path Type: max

Fanout     Cap    Slew   Delay    Time   Description
-----------------------------------------------------------------------------
                  0.00    0.00    0.00   clock clk (rise edge)
                          0.00    0.00   clock network delay (ideal)
                  0.00    0.00    0.00 ^ _27871_/CLK (sky130_fd_sc_hd__dfxtp_2)
                  0.20    0.72    0.72 ^ _27871_/Q (sky130_fd_sc_hd__dfxtp_2)
     6    0.02                           irq_mask[12] (net)
                  0.20    0.00    0.72 ^ _13137_/A1 (sky130_fd_sc_hd__o22ai_1)
                  0.10    0.21    0.93 v _13137_/Y (sky130_fd_sc_hd__o22ai_1)
     1    0.00                           _10539_ (net)
                  0.10    0.00    0.93 v _13138_/C1 (sky130_fd_sc_hd__a221o_1)
                  0.09    0.49    1.42 v _13138_/X (sky130_fd_sc_hd__a221o_1)
     1    0.00                           _10540_ (net)
                  0.09    0.00    1.42 v _13157_/A (sky130_fd_sc_hd__or4_4)
                  0.14    1.03    2.45 v _13157_/X (sky130_fd_sc_hd__or4_4)
     1    0.00                           _10559_ (net)
                  0.14    0.00    2.45 v _13160_/A2 (sky130_fd_sc_hd__o2111a_1)
                  0.08    0.44    2.89 v _13160_/X (sky130_fd_sc_hd__o2111a_1)
     2    0.00                           _10562_ (net)
                  0.08    0.00    2.89 v _13161_/C (sky130_fd_sc_hd__or3_1)
                  0.15    0.73    3.62 v _13161_/X (sky130_fd_sc_hd__or3_1)
     2    0.00                           _10563_ (net)
                  0.15    0.00    3.62 v _13164_/A (sky130_fd_sc_hd__or2_1)
                  0.11    0.53    4.15 v _13164_/X (sky130_fd_sc_hd__or2_1)
     2    0.00                           _10565_ (net)
                  0.11    0.00    4.15 v _13165_/C (sky130_fd_sc_hd__or3_4)
                  0.12    0.66    4.81 v _13165_/X (sky130_fd_sc_hd__or3_4)
     4    0.00                           _10566_ (net)
                  0.12    0.00    4.81 v _13690_/B (sky130_fd_sc_hd__or2_2)
                  0.15    0.69    5.50 v _13690_/X (sky130_fd_sc_hd__or2_2)
     5    0.01                           _10910_ (net)
                  0.15    0.00    5.50 v _13691_/C (sky130_fd_sc_hd__or3_2)
                  0.15    0.95    6.45 v _13691_/X (sky130_fd_sc_hd__or3_2)
     2    0.00                           _10911_ (net)
                  0.15    0.00    6.45 v _13692_/B (sky130_fd_sc_hd__or2_2)
                  0.13    0.68    7.13 v _13692_/X (sky130_fd_sc_hd__or2_2)
     3    0.01                           _10912_ (net)
                  0.13    0.00    7.13 v _13693_/B (sky130_fd_sc_hd__or2_1)
                  0.08    0.46    7.59 v _13693_/X (sky130_fd_sc_hd__or2_1)
     2    0.00                           _10913_ (net)
                  0.08    0.00    7.59 v _13694_/B (sky130_fd_sc_hd__or2_2)
                  0.14    0.67    8.26 v _13694_/X (sky130_fd_sc_hd__or2_2)
     3    0.01                           _10914_ (net)
                  0.14    0.00    8.26 v _13695_/B (sky130_fd_sc_hd__or2_1)
                  0.08    0.46    8.72 v _13695_/X (sky130_fd_sc_hd__or2_1)
     2    0.00                           _10915_ (net)
                  0.08    0.00    8.72 v _13696_/B (sky130_fd_sc_hd__or2_1)
                  0.15    0.52    9.24 v _13696_/X (sky130_fd_sc_hd__or2_1)
     3    0.01                           _10916_ (net)
                  0.15    0.00    9.24 v _13697_/B (sky130_fd_sc_hd__or2_1)
                  0.08    0.46    9.70 v _13697_/X (sky130_fd_sc_hd__or2_1)
     2    0.00                           _10917_ (net)
                  0.08    0.00    9.70 v _13698_/B (sky130_fd_sc_hd__or2_1)
                  0.13    0.50   10.20 v _13698_/X (sky130_fd_sc_hd__or2_1)
     3    0.01                           _10918_ (net)
                  0.13    0.00   10.20 v _13699_/B (sky130_fd_sc_hd__or2_1)
                  0.08    0.46   10.66 v _13699_/X (sky130_fd_sc_hd__or2_1)
     2    0.00                           _10919_ (net)
                  0.08    0.00   10.66 v _13700_/B (sky130_fd_sc_hd__or2_2)
                  0.14    0.67   11.32 v _13700_/X (sky130_fd_sc_hd__or2_2)
     3    0.01                           _10920_ (net)
                  0.14    0.00   11.32 v _13701_/B (sky130_fd_sc_hd__or2_1)
                  0.08    0.46   11.79 v _13701_/X (sky130_fd_sc_hd__or2_1)
     2    0.00                           _10921_ (net)
                  0.08    0.00   11.79 v _13702_/B (sky130_fd_sc_hd__or2_2)
                  0.14    0.67   12.45 v _13702_/X (sky130_fd_sc_hd__or2_2)
     3    0.01                           _10922_ (net)
                  0.14    0.00   12.45 v _13703_/B (sky130_fd_sc_hd__or2_1)
                  0.08    0.46   12.92 v _13703_/X (sky130_fd_sc_hd__or2_1)
     2    0.00                           _10923_ (net)
                  0.08    0.00   12.92 v _13704_/B (sky130_fd_sc_hd__or2_1)
                  0.15    0.52   13.44 v _13704_/X (sky130_fd_sc_hd__or2_1)
     3    0.01                           _10924_ (net)
                  0.15    0.00   13.44 v _13705_/B (sky130_fd_sc_hd__or2_1)
                  0.08    0.46   13.90 v _13705_/X (sky130_fd_sc_hd__or2_1)
     2    0.00                           _10925_ (net)
                  0.08    0.00   13.90 v _13706_/B (sky130_fd_sc_hd__or2_2)
                  0.14    0.67   14.57 v _13706_/X (sky130_fd_sc_hd__or2_2)
     3    0.01                           _10926_ (net)
                  0.14    0.00   14.57 v _13707_/B (sky130_fd_sc_hd__or2_1)
                  0.08    0.46   15.03 v _13707_/X (sky130_fd_sc_hd__or2_1)
     2    0.00                           _10927_ (net)
                  0.08    0.00   15.03 v _13708_/B (sky130_fd_sc_hd__or2_2)
                  0.14    0.67   15.70 v _13708_/X (sky130_fd_sc_hd__or2_2)
     3    0.01                           _10928_ (net)
                  0.14    0.00   15.70 v _13709_/B (sky130_fd_sc_hd__or2_1)
                  0.08    0.46   16.16 v _13709_/X (sky130_fd_sc_hd__or2_1)
     2    0.00                           _10929_ (net)
                  0.08    0.00   16.16 v _13710_/B (sky130_fd_sc_hd__or2_2)
                  0.14    0.67   16.82 v _13710_/X (sky130_fd_sc_hd__or2_2)
     3    0.01                           _10930_ (net)
                  0.14    0.00   16.82 v _13711_/B (sky130_fd_sc_hd__or2_1)
                  0.08    0.46   17.29 v _13711_/X (sky130_fd_sc_hd__or2_1)
     2    0.00                           _10931_ (net)
                  0.08    0.00   17.29 v _13712_/B (sky130_fd_sc_hd__or2_2)
                  0.14    0.67   17.95 v _13712_/X (sky130_fd_sc_hd__or2_2)
     3    0.01                           _10932_ (net)
                  0.14    0.00   17.95 v _13713_/B (sky130_fd_sc_hd__or2_1)
                  0.08    0.46   18.42 v _13713_/X (sky130_fd_sc_hd__or2_1)
     2    0.00                           _10933_ (net)
                  0.08    0.00   18.42 v _13714_/B (sky130_fd_sc_hd__or2_2)
                  0.14    0.67   19.08 v _13714_/X (sky130_fd_sc_hd__or2_2)
     3    0.01                           _10934_ (net)
                  0.14    0.00   19.08 v _13715_/B (sky130_fd_sc_hd__or2_1)
                  0.08    0.46   19.55 v _13715_/X (sky130_fd_sc_hd__or2_1)
     2    0.00                           _10935_ (net)
                  0.08    0.00   19.55 v _13716_/B (sky130_fd_sc_hd__or2_1)
                  0.13    0.50   20.05 v _13716_/X (sky130_fd_sc_hd__or2_1)
     3    0.01                           _10936_ (net)
                  0.13    0.00   20.05 v _13717_/B (sky130_fd_sc_hd__or2_1)
                  0.08    0.46   20.50 v _13717_/X (sky130_fd_sc_hd__or2_1)
     2    0.00                           _10937_ (net)
                  0.08    0.00   20.50 v _13718_/B (sky130_fd_sc_hd__or2_2)
                  0.14    0.67   21.17 v _13718_/X (sky130_fd_sc_hd__or2_2)
     3    0.01                           _10938_ (net)
                  0.14    0.00   21.17 v _13719_/B (sky130_fd_sc_hd__or2_1)
                  0.08    0.46   21.63 v _13719_/X (sky130_fd_sc_hd__or2_1)
     2    0.00                           _10939_ (net)
                  0.08    0.00   21.63 v _13720_/B (sky130_fd_sc_hd__or2_1)
                  0.15    0.52   22.15 v _13720_/X (sky130_fd_sc_hd__or2_1)
     3    0.01                           _10940_ (net)
                  0.15    0.00   22.15 v _13721_/B (sky130_fd_sc_hd__or2_1)
                  0.08    0.46   22.61 v _13721_/X (sky130_fd_sc_hd__or2_1)
     2    0.00                           _10941_ (net)
                  0.08    0.00   22.61 v _13722_/B (sky130_fd_sc_hd__or2_1)
                  0.13    0.50   23.11 v _13722_/X (sky130_fd_sc_hd__or2_1)
     3    0.01                           _10942_ (net)
                  0.13    0.00   23.11 v _13723_/B (sky130_fd_sc_hd__or2_1)
                  0.08    0.46   23.57 v _13723_/X (sky130_fd_sc_hd__or2_1)
     2    0.00                           _10943_ (net)
                  0.08    0.00   23.57 v _13724_/B (sky130_fd_sc_hd__or2_1)
                  0.13    0.50   24.07 v _13724_/X (sky130_fd_sc_hd__or2_1)
     3    0.01                           _10944_ (net)
                  0.13    0.00   24.07 v _13725_/B (sky130_fd_sc_hd__or2_1)
                  0.08    0.46   24.53 v _13725_/X (sky130_fd_sc_hd__or2_1)
     2    0.00                           _10945_ (net)
                  0.08    0.00   24.53 v _13726_/B (sky130_fd_sc_hd__or2_1)
                  0.13    0.50   25.03 v _13726_/X (sky130_fd_sc_hd__or2_1)
     3    0.01                           _10946_ (net)
                  0.13    0.00   25.03 v _13796_/A2 (sky130_fd_sc_hd__a211oi_1)
                  0.25    0.36   25.39 ^ _13796_/Y (sky130_fd_sc_hd__a211oi_1)
     1    0.00                           _03903_ (net)
                  0.25    0.00   25.39 ^ _27737_/D (sky130_fd_sc_hd__dfxtp_1)
                                 25.39   data arrival time

                  0.00   24.73   24.73   clock clk (rise edge)
                          0.00   24.73   clock network delay (ideal)
                          0.00   24.73   clock reconvergence pessimism
                                 24.73 ^ _27737_/CLK (sky130_fd_sc_hd__dfxtp_1)
                         -0.19   24.54   library setup time
                                 24.54   data required time
-----------------------------------------------------------------------------
                                 24.54   data required time
                                -25.39   data arrival time
-----------------------------------------------------------------------------
                                 -0.85   slack (VIOLATED)


Startpoint: _27871_ (rising edge-triggered flip-flop clocked by clk)
Endpoint: _27736_ (rising edge-triggered flip-flop clocked by clk)
Path Group: clk
Path Type: max

Fanout     Cap    Slew   Delay    Time   Description
-----------------------------------------------------------------------------
                  0.00    0.00    0.00   clock clk (rise edge)
                          0.00    0.00   clock network delay (ideal)
                  0.00    0.00    0.00 ^ _27871_/CLK (sky130_fd_sc_hd__dfxtp_2)
                  0.20    0.72    0.72 ^ _27871_/Q (sky130_fd_sc_hd__dfxtp_2)
     6    0.02                           irq_mask[12] (net)
                  0.20    0.00    0.72 ^ _13137_/A1 (sky130_fd_sc_hd__o22ai_1)
                  0.10    0.21    0.93 v _13137_/Y (sky130_fd_sc_hd__o22ai_1)
     1    0.00                           _10539_ (net)
                  0.10    0.00    0.93 v _13138_/C1 (sky130_fd_sc_hd__a221o_1)
                  0.09    0.49    1.42 v _13138_/X (sky130_fd_sc_hd__a221o_1)
     1    0.00                           _10540_ (net)
                  0.09    0.00    1.42 v _13157_/A (sky130_fd_sc_hd__or4_4)
                  0.14    1.03    2.45 v _13157_/X (sky130_fd_sc_hd__or4_4)
     1    0.00                           _10559_ (net)
                  0.14    0.00    2.45 v _13160_/A2 (sky130_fd_sc_hd__o2111a_1)
                  0.08    0.44    2.89 v _13160_/X (sky130_fd_sc_hd__o2111a_1)
     2    0.00                           _10562_ (net)
                  0.08    0.00    2.89 v _13161_/C (sky130_fd_sc_hd__or3_1)
                  0.15    0.73    3.62 v _13161_/X (sky130_fd_sc_hd__or3_1)
     2    0.00                           _10563_ (net)
                  0.15    0.00    3.62 v _13164_/A (sky130_fd_sc_hd__or2_1)
                  0.11    0.53    4.15 v _13164_/X (sky130_fd_sc_hd__or2_1)
     2    0.00                           _10565_ (net)
                  0.11    0.00    4.15 v _13165_/C (sky130_fd_sc_hd__or3_4)
                  0.12    0.66    4.81 v _13165_/X (sky130_fd_sc_hd__or3_4)
     4    0.00                           _10566_ (net)
                  0.12    0.00    4.81 v _13690_/B (sky130_fd_sc_hd__or2_2)
                  0.15    0.69    5.50 v _13690_/X (sky130_fd_sc_hd__or2_2)
     5    0.01                           _10910_ (net)
                  0.15    0.00    5.50 v _13691_/C (sky130_fd_sc_hd__or3_2)
                  0.15    0.95    6.45 v _13691_/X (sky130_fd_sc_hd__or3_2)
     2    0.00                           _10911_ (net)
                  0.15    0.00    6.45 v _13692_/B (sky130_fd_sc_hd__or2_2)
                  0.13    0.68    7.13 v _13692_/X (sky130_fd_sc_hd__or2_2)
     3    0.01                           _10912_ (net)
                  0.13    0.00    7.13 v _13693_/B (sky130_fd_sc_hd__or2_1)
                  0.08    0.46    7.59 v _13693_/X (sky130_fd_sc_hd__or2_1)
     2    0.00                           _10913_ (net)
                  0.08    0.00    7.59 v _13694_/B (sky130_fd_sc_hd__or2_2)
                  0.14    0.67    8.26 v _13694_/X (sky130_fd_sc_hd__or2_2)
     3    0.01                           _10914_ (net)
                  0.14    0.00    8.26 v _13695_/B (sky130_fd_sc_hd__or2_1)
                  0.08    0.46    8.72 v _13695_/X (sky130_fd_sc_hd__or2_1)
     2    0.00                           _10915_ (net)
                  0.08    0.00    8.72 v _13696_/B (sky130_fd_sc_hd__or2_1)
                  0.15    0.52    9.24 v _13696_/X (sky130_fd_sc_hd__or2_1)
     3    0.01                           _10916_ (net)
                  0.15    0.00    9.24 v _13697_/B (sky130_fd_sc_hd__or2_1)
                  0.08    0.46    9.70 v _13697_/X (sky130_fd_sc_hd__or2_1)
     2    0.00                           _10917_ (net)
                  0.08    0.00    9.70 v _13698_/B (sky130_fd_sc_hd__or2_1)
                  0.13    0.50   10.20 v _13698_/X (sky130_fd_sc_hd__or2_1)
     3    0.01                           _10918_ (net)
                  0.13    0.00   10.20 v _13699_/B (sky130_fd_sc_hd__or2_1)
                  0.08    0.46   10.66 v _13699_/X (sky130_fd_sc_hd__or2_1)
     2    0.00                           _10919_ (net)
                  0.08    0.00   10.66 v _13700_/B (sky130_fd_sc_hd__or2_2)
                  0.14    0.67   11.32 v _13700_/X (sky130_fd_sc_hd__or2_2)
     3    0.01                           _10920_ (net)
                  0.14    0.00   11.32 v _13701_/B (sky130_fd_sc_hd__or2_1)
                  0.08    0.46   11.79 v _13701_/X (sky130_fd_sc_hd__or2_1)
     2    0.00                           _10921_ (net)
                  0.08    0.00   11.79 v _13702_/B (sky130_fd_sc_hd__or2_2)
                  0.14    0.67   12.45 v _13702_/X (sky130_fd_sc_hd__or2_2)
     3    0.01                           _10922_ (net)
                  0.14    0.00   12.45 v _13703_/B (sky130_fd_sc_hd__or2_1)
                  0.08    0.46   12.92 v _13703_/X (sky130_fd_sc_hd__or2_1)
     2    0.00                           _10923_ (net)
                  0.08    0.00   12.92 v _13704_/B (sky130_fd_sc_hd__or2_1)
                  0.15    0.52   13.44 v _13704_/X (sky130_fd_sc_hd__or2_1)
     3    0.01                           _10924_ (net)
                  0.15    0.00   13.44 v _13705_/B (sky130_fd_sc_hd__or2_1)
                  0.08    0.46   13.90 v _13705_/X (sky130_fd_sc_hd__or2_1)
     2    0.00                           _10925_ (net)
                  0.08    0.00   13.90 v _13706_/B (sky130_fd_sc_hd__or2_2)
                  0.14    0.67   14.57 v _13706_/X (sky130_fd_sc_hd__or2_2)
     3    0.01                           _10926_ (net)
                  0.14    0.00   14.57 v _13707_/B (sky130_fd_sc_hd__or2_1)
                  0.08    0.46   15.03 v _13707_/X (sky130_fd_sc_hd__or2_1)
     2    0.00                           _10927_ (net)
                  0.08    0.00   15.03 v _13708_/B (sky130_fd_sc_hd__or2_2)
                  0.14    0.67   15.70 v _13708_/X (sky130_fd_sc_hd__or2_2)
     3    0.01                           _10928_ (net)
                  0.14    0.00   15.70 v _13709_/B (sky130_fd_sc_hd__or2_1)
                  0.08    0.46   16.16 v _13709_/X (sky130_fd_sc_hd__or2_1)
     2    0.00                           _10929_ (net)
                  0.08    0.00   16.16 v _13710_/B (sky130_fd_sc_hd__or2_2)
                  0.14    0.67   16.82 v _13710_/X (sky130_fd_sc_hd__or2_2)
     3    0.01                           _10930_ (net)
                  0.14    0.00   16.82 v _13711_/B (sky130_fd_sc_hd__or2_1)
                  0.08    0.46   17.29 v _13711_/X (sky130_fd_sc_hd__or2_1)
     2    0.00                           _10931_ (net)
                  0.08    0.00   17.29 v _13712_/B (sky130_fd_sc_hd__or2_2)
                  0.14    0.67   17.95 v _13712_/X (sky130_fd_sc_hd__or2_2)
     3    0.01                           _10932_ (net)
                  0.14    0.00   17.95 v _13713_/B (sky130_fd_sc_hd__or2_1)
                  0.08    0.46   18.42 v _13713_/X (sky130_fd_sc_hd__or2_1)
     2    0.00                           _10933_ (net)
                  0.08    0.00   18.42 v _13714_/B (sky130_fd_sc_hd__or2_2)
                  0.14    0.67   19.08 v _13714_/X (sky130_fd_sc_hd__or2_2)
     3    0.01                           _10934_ (net)
                  0.14    0.00   19.08 v _13715_/B (sky130_fd_sc_hd__or2_1)
                  0.08    0.46   19.55 v _13715_/X (sky130_fd_sc_hd__or2_1)
     2    0.00                           _10935_ (net)
                  0.08    0.00   19.55 v _13716_/B (sky130_fd_sc_hd__or2_1)
                  0.13    0.50   20.05 v _13716_/X (sky130_fd_sc_hd__or2_1)
     3    0.01                           _10936_ (net)
                  0.13    0.00   20.05 v _13717_/B (sky130_fd_sc_hd__or2_1)
                  0.08    0.46   20.50 v _13717_/X (sky130_fd_sc_hd__or2_1)
     2    0.00                           _10937_ (net)
                  0.08    0.00   20.50 v _13718_/B (sky130_fd_sc_hd__or2_2)
                  0.14    0.67   21.17 v _13718_/X (sky130_fd_sc_hd__or2_2)
     3    0.01                           _10938_ (net)
                  0.14    0.00   21.17 v _13719_/B (sky130_fd_sc_hd__or2_1)
                  0.08    0.46   21.63 v _13719_/X (sky130_fd_sc_hd__or2_1)
     2    0.00                           _10939_ (net)
                  0.08    0.00   21.63 v _13720_/B (sky130_fd_sc_hd__or2_1)
                  0.15    0.52   22.15 v _13720_/X (sky130_fd_sc_hd__or2_1)
     3    0.01                           _10940_ (net)
                  0.15    0.00   22.15 v _13721_/B (sky130_fd_sc_hd__or2_1)
                  0.08    0.46   22.61 v _13721_/X (sky130_fd_sc_hd__or2_1)
     2    0.00                           _10941_ (net)
                  0.08    0.00   22.61 v _13722_/B (sky130_fd_sc_hd__or2_1)
                  0.13    0.50   23.11 v _13722_/X (sky130_fd_sc_hd__or2_1)
     3    0.01                           _10942_ (net)
                  0.13    0.00   23.11 v _13723_/B (sky130_fd_sc_hd__or2_1)
                  0.08    0.46   23.57 v _13723_/X (sky130_fd_sc_hd__or2_1)
     2    0.00                           _10943_ (net)
                  0.08    0.00   23.57 v _13724_/B (sky130_fd_sc_hd__or2_1)
                  0.13    0.50   24.07 v _13724_/X (sky130_fd_sc_hd__or2_1)
     3    0.01                           _10944_ (net)
                  0.13    0.00   24.07 v _13725_/B (sky130_fd_sc_hd__or2_1)
                  0.08    0.46   24.53 v _13725_/X (sky130_fd_sc_hd__or2_1)
     2    0.00                           _10945_ (net)
                  0.08    0.00   24.53 v _13726_/B (sky130_fd_sc_hd__or2_1)
                  0.13    0.50   25.03 v _13726_/X (sky130_fd_sc_hd__or2_1)
     3    0.01                           _10946_ (net)
                  0.13    0.00   25.03 v _13798_/C1 (sky130_fd_sc_hd__o211a_1)
                  0.06    0.21   25.24 v _13798_/X (sky130_fd_sc_hd__o211a_1)
     1    0.00                           _03902_ (net)
                  0.06    0.00   25.24 v _27736_/D (sky130_fd_sc_hd__dfxtp_1)
                                 25.24   data arrival time

                  0.00   24.73   24.73   clock clk (rise edge)
                          0.00   24.73   clock network delay (ideal)
                          0.00   24.73   clock reconvergence pessimism
                                 24.73 ^ _27736_/CLK (sky130_fd_sc_hd__dfxtp_1)
                         -0.28   24.45   library setup time
                                 24.45   data required time
-----------------------------------------------------------------------------
                                 24.45   data required time
                                -25.24   data arrival time
-----------------------------------------------------------------------------
                                 -0.79   slack (VIOLATED)


Startpoint: _27565_ (rising edge-triggered flip-flop clocked by clk)
Endpoint: _27613_ (rising edge-triggered flip-flop clocked by clk)
Path Group: clk
Path Type: max

Fanout     Cap    Slew   Delay    Time   Description
-----------------------------------------------------------------------------
                  0.00    0.00    0.00   clock clk (rise edge)
                          0.00    0.00   clock network delay (ideal)
                  0.00    0.00    0.00 ^ _27565_/CLK (sky130_fd_sc_hd__dfxtp_1)
                  0.16    0.66    0.66 ^ _27565_/Q (sky130_fd_sc_hd__dfxtp_1)
     3    0.01                           count_cycle[0] (net)
                  0.16    0.00    0.66 ^ _14096_/A (sky130_fd_sc_hd__inv_2)
                  0.07    0.13    0.79 v _14096_/Y (sky130_fd_sc_hd__inv_2)
     6    0.01                           _02559_ (net)
                  0.07    0.00    0.79 v _14100_/A (sky130_fd_sc_hd__or4_4)
                  0.14    1.01    1.80 v _14100_/X (sky130_fd_sc_hd__or4_4)
     2    0.00                           _11149_ (net)
                  0.14    0.00    1.80 v _14101_/B (sky130_fd_sc_hd__or2_1)
                  0.11    0.49    2.29 v _14101_/X (sky130_fd_sc_hd__or2_1)
     3    0.00                           _11150_ (net)
                  0.11    0.00    2.29 v _14102_/B (sky130_fd_sc_hd__or2_1)
                  0.13    0.51    2.80 v _14102_/X (sky130_fd_sc_hd__or2_1)
     3    0.01                           _11151_ (net)
                  0.13    0.00    2.80 v _14103_/B (sky130_fd_sc_hd__or2_1)
                  0.08    0.46    3.26 v _14103_/X (sky130_fd_sc_hd__or2_1)
     2    0.00                           _11152_ (net)
                  0.08    0.00    3.26 v _14104_/B (sky130_fd_sc_hd__or2_1)
                  0.15    0.52    3.78 v _14104_/X (sky130_fd_sc_hd__or2_1)
     3    0.01                           _11153_ (net)
                  0.15    0.00    3.78 v _14105_/B (sky130_fd_sc_hd__or2_1)
                  0.08    0.46    4.24 v _14105_/X (sky130_fd_sc_hd__or2_1)
     2    0.00                           _11154_ (net)
                  0.08    0.00    4.24 v _14106_/B (sky130_fd_sc_hd__or2_1)
                  0.13    0.50    4.74 v _14106_/X (sky130_fd_sc_hd__or2_1)
     3    0.01                           _11155_ (net)
                  0.13    0.00    4.74 v _14107_/B (sky130_fd_sc_hd__or2_1)
                  0.08    0.46    5.20 v _14107_/X (sky130_fd_sc_hd__or2_1)
     2    0.00                           _11156_ (net)
                  0.08    0.00    5.20 v _14108_/B (sky130_fd_sc_hd__or2_2)
                  0.14    0.67    5.87 v _14108_/X (sky130_fd_sc_hd__or2_2)
     3    0.01                           _11157_ (net)
                  0.14    0.00    5.87 v _14109_/B (sky130_fd_sc_hd__or2_1)
                  0.08    0.46    6.33 v _14109_/X (sky130_fd_sc_hd__or2_1)
     2    0.00                           _11158_ (net)
                  0.08    0.00    6.33 v _14110_/B (sky130_fd_sc_hd__or2_1)
                  0.13    0.50    6.83 v _14110_/X (sky130_fd_sc_hd__or2_1)
     3    0.01                           _11159_ (net)
                  0.13    0.00    6.83 v _14111_/B (sky130_fd_sc_hd__or2_1)
                  0.08    0.46    7.29 v _14111_/X (sky130_fd_sc_hd__or2_1)
     2    0.00                           _11160_ (net)
                  0.08    0.00    7.29 v _14112_/B (sky130_fd_sc_hd__or2_1)
                  0.13    0.50    7.79 v _14112_/X (sky130_fd_sc_hd__or2_1)
     3    0.01                           _11161_ (net)
                  0.13    0.00    7.79 v _14113_/B (sky130_fd_sc_hd__or2_1)
                  0.08    0.46    8.24 v _14113_/X (sky130_fd_sc_hd__or2_1)
     2    0.00                           _11162_ (net)
                  0.08    0.00    8.24 v _14114_/B (sky130_fd_sc_hd__or2_2)
                  0.14    0.67    8.91 v _14114_/X (sky130_fd_sc_hd__or2_2)
     3    0.01                           _11163_ (net)
                  0.14    0.00    8.91 v _14115_/B (sky130_fd_sc_hd__or2_1)
                  0.08    0.46    9.37 v _14115_/X (sky130_fd_sc_hd__or2_1)
     2    0.00                           _11164_ (net)
                  0.08    0.00    9.37 v _14116_/B (sky130_fd_sc_hd__or2_2)
                  0.14    0.67   10.04 v _14116_/X (sky130_fd_sc_hd__or2_2)
     3    0.01                           _11165_ (net)
                  0.14    0.00   10.04 v _14117_/B (sky130_fd_sc_hd__or2_1)
                  0.08    0.46   10.50 v _14117_/X (sky130_fd_sc_hd__or2_1)
     2    0.00                           _11166_ (net)
                  0.08    0.00   10.50 v _14118_/B (sky130_fd_sc_hd__or2_1)
                  0.15    0.52   11.02 v _14118_/X (sky130_fd_sc_hd__or2_1)
     3    0.01                           _11167_ (net)
                  0.15    0.00   11.02 v _14119_/B (sky130_fd_sc_hd__or2_1)
                  0.08    0.46   11.48 v _14119_/X (sky130_fd_sc_hd__or2_1)
     2    0.00                           _11168_ (net)
                  0.08    0.00   11.48 v _14120_/B (sky130_fd_sc_hd__or2_1)
                  0.15    0.52   12.00 v _14120_/X (sky130_fd_sc_hd__or2_1)
     3    0.01                           _11169_ (net)
                  0.15    0.00   12.00 v _14121_/B (sky130_fd_sc_hd__or2_1)
                  0.08    0.46   12.47 v _14121_/X (sky130_fd_sc_hd__or2_1)
     2    0.00                           _11170_ (net)
                  0.08    0.00   12.47 v _14122_/B (sky130_fd_sc_hd__or2_2)
                  0.14    0.67   13.13 v _14122_/X (sky130_fd_sc_hd__or2_2)
     3    0.01                           _11171_ (net)
                  0.14    0.00   13.13 v _14123_/B (sky130_fd_sc_hd__or2_1)
                  0.08    0.46   13.60 v _14123_/X (sky130_fd_sc_hd__or2_1)
     2    0.00                           _11172_ (net)
                  0.08    0.00   13.60 v _14124_/B (sky130_fd_sc_hd__or2_1)
                  0.13    0.50   14.10 v _14124_/X (sky130_fd_sc_hd__or2_1)
     3    0.01                           _11173_ (net)
                  0.13    0.00   14.10 v _14125_/B (sky130_fd_sc_hd__or2_1)
                  0.08    0.46   14.55 v _14125_/X (sky130_fd_sc_hd__or2_1)
     2    0.00                           _11174_ (net)
                  0.08    0.00   14.55 v _14126_/B (sky130_fd_sc_hd__or2_2)
                  0.13    0.65   15.21 v _14126_/X (sky130_fd_sc_hd__or2_2)
     3    0.01                           _11175_ (net)
                  0.13    0.00   15.21 v _14127_/B (sky130_fd_sc_hd__or2_1)
                  0.08    0.46   15.66 v _14127_/X (sky130_fd_sc_hd__or2_1)
     2    0.00                           _11176_ (net)
                  0.08    0.00   15.66 v _14128_/B (sky130_fd_sc_hd__or2_1)
                  0.15    0.52   16.18 v _14128_/X (sky130_fd_sc_hd__or2_1)
     3    0.01                           _11177_ (net)
                  0.15    0.00   16.18 v _14129_/B (sky130_fd_sc_hd__or2_1)
                  0.08    0.46   16.65 v _14129_/X (sky130_fd_sc_hd__or2_1)
     2    0.00                           _11178_ (net)
                  0.08    0.00   16.65 v _14130_/B (sky130_fd_sc_hd__or2_2)
                  0.14    0.67   17.31 v _14130_/X (sky130_fd_sc_hd__or2_2)
     3    0.01                           _11179_ (net)
                  0.14    0.00   17.31 v _14131_/B (sky130_fd_sc_hd__or2_1)
                  0.08    0.46   17.78 v _14131_/X (sky130_fd_sc_hd__or2_1)
     2    0.00                           _11180_ (net)
                  0.08    0.00   17.78 v _14132_/B (sky130_fd_sc_hd__or2_1)
                  0.13    0.50   18.28 v _14132_/X (sky130_fd_sc_hd__or2_1)
     3    0.01                           _11181_ (net)
                  0.13    0.00   18.28 v _14133_/B (sky130_fd_sc_hd__or2_1)
                  0.08    0.46   18.73 v _14133_/X (sky130_fd_sc_hd__or2_1)
     2    0.00                           _11182_ (net)
                  0.08    0.00   18.73 v _14134_/B (sky130_fd_sc_hd__or2_2)
                  0.14    0.67   19.40 v _14134_/X (sky130_fd_sc_hd__or2_2)
     3    0.01                           _11183_ (net)
                  0.14    0.00   19.40 v _14135_/B (sky130_fd_sc_hd__or2_1)
                  0.08    0.46   19.86 v _14135_/X (sky130_fd_sc_hd__or2_1)
     2    0.00                           _11184_ (net)
                  0.08    0.00   19.86 v _14136_/B (sky130_fd_sc_hd__or2_2)
                  0.14    0.67   20.53 v _14136_/X (sky130_fd_sc_hd__or2_2)
     3    0.01                           _11185_ (net)
                  0.14    0.00   20.53 v _14137_/B (sky130_fd_sc_hd__or2_1)
                  0.08    0.46   20.99 v _14137_/X (sky130_fd_sc_hd__or2_1)
     2    0.00                           _11186_ (net)
                  0.08    0.00   20.99 v _14138_/B (sky130_fd_sc_hd__or2_2)
                  0.14    0.67   21.66 v _14138_/X (sky130_fd_sc_hd__or2_2)
     3    0.01                           _11187_ (net)
                  0.14    0.00   21.66 v _14139_/B (sky130_fd_sc_hd__or2_1)
                  0.08    0.46   22.12 v _14139_/X (sky130_fd_sc_hd__or2_1)
     2    0.00                           _11188_ (net)
                  0.08    0.00   22.12 v _14140_/B (sky130_fd_sc_hd__or2_1)
                  0.13    0.50   22.62 v _14140_/X (sky130_fd_sc_hd__or2_1)
     3    0.01                           _11189_ (net)
                  0.13    0.00   22.62 v _14141_/B (sky130_fd_sc_hd__or2_1)
                  0.08    0.46   23.08 v _14141_/X (sky130_fd_sc_hd__or2_1)
     2    0.00                           _11190_ (net)
                  0.08    0.00   23.08 v _14142_/B (sky130_fd_sc_hd__or2_2)
                  0.14    0.67   23.74 v _14142_/X (sky130_fd_sc_hd__or2_2)
     3    0.01                           _11191_ (net)
                  0.14    0.00   23.74 v _14143_/B (sky130_fd_sc_hd__or2_1)
                  0.08    0.46   24.21 v _14143_/X (sky130_fd_sc_hd__or2_1)
     2    0.00                           _11192_ (net)
                  0.08    0.00   24.21 v _14144_/B (sky130_fd_sc_hd__or2_2)
                  0.14    0.67   24.87 v _14144_/X (sky130_fd_sc_hd__or2_2)
     3    0.01                           _11193_ (net)
                  0.14    0.00   24.87 v _14186_/A2 (sky130_fd_sc_hd__a211oi_2)
                  0.20    0.35   25.22 ^ _14186_/Y (sky130_fd_sc_hd__a211oi_2)
     1    0.00                           _03779_ (net)
                  0.20    0.00   25.22 ^ _27613_/D (sky130_fd_sc_hd__dfxtp_1)
                                 25.22   data arrival time

                  0.00   24.73   24.73   clock clk (rise edge)
                          0.00   24.73   clock network delay (ideal)
                          0.00   24.73   clock reconvergence pessimism
                                 24.73 ^ _27613_/CLK (sky130_fd_sc_hd__dfxtp_1)
                         -0.17   24.56   library setup time
                                 24.56   data required time
-----------------------------------------------------------------------------
                                 24.56   data required time
                                -25.22   data arrival time
-----------------------------------------------------------------------------
                                 -0.67   slack (VIOLATED)


Startpoint: _27565_ (rising edge-triggered flip-flop clocked by clk)
Endpoint: _27612_ (rising edge-triggered flip-flop clocked by clk)
Path Group: clk
Path Type: max

Fanout     Cap    Slew   Delay    Time   Description
-----------------------------------------------------------------------------
                  0.00    0.00    0.00   clock clk (rise edge)
                          0.00    0.00   clock network delay (ideal)
                  0.00    0.00    0.00 ^ _27565_/CLK (sky130_fd_sc_hd__dfxtp_1)
                  0.16    0.66    0.66 ^ _27565_/Q (sky130_fd_sc_hd__dfxtp_1)
     3    0.01                           count_cycle[0] (net)
                  0.16    0.00    0.66 ^ _14096_/A (sky130_fd_sc_hd__inv_2)
                  0.07    0.13    0.79 v _14096_/Y (sky130_fd_sc_hd__inv_2)
     6    0.01                           _02559_ (net)
                  0.07    0.00    0.79 v _14100_/A (sky130_fd_sc_hd__or4_4)
                  0.14    1.01    1.80 v _14100_/X (sky130_fd_sc_hd__or4_4)
     2    0.00                           _11149_ (net)
                  0.14    0.00    1.80 v _14101_/B (sky130_fd_sc_hd__or2_1)
                  0.11    0.49    2.29 v _14101_/X (sky130_fd_sc_hd__or2_1)
     3    0.00                           _11150_ (net)
                  0.11    0.00    2.29 v _14102_/B (sky130_fd_sc_hd__or2_1)
                  0.13    0.51    2.80 v _14102_/X (sky130_fd_sc_hd__or2_1)
     3    0.01                           _11151_ (net)
                  0.13    0.00    2.80 v _14103_/B (sky130_fd_sc_hd__or2_1)
                  0.08    0.46    3.26 v _14103_/X (sky130_fd_sc_hd__or2_1)
     2    0.00                           _11152_ (net)
                  0.08    0.00    3.26 v _14104_/B (sky130_fd_sc_hd__or2_1)
                  0.15    0.52    3.78 v _14104_/X (sky130_fd_sc_hd__or2_1)
     3    0.01                           _11153_ (net)
                  0.15    0.00    3.78 v _14105_/B (sky130_fd_sc_hd__or2_1)
                  0.08    0.46    4.24 v _14105_/X (sky130_fd_sc_hd__or2_1)
     2    0.00                           _11154_ (net)
                  0.08    0.00    4.24 v _14106_/B (sky130_fd_sc_hd__or2_1)
                  0.13    0.50    4.74 v _14106_/X (sky130_fd_sc_hd__or2_1)
     3    0.01                           _11155_ (net)
                  0.13    0.00    4.74 v _14107_/B (sky130_fd_sc_hd__or2_1)
                  0.08    0.46    5.20 v _14107_/X (sky130_fd_sc_hd__or2_1)
     2    0.00                           _11156_ (net)
                  0.08    0.00    5.20 v _14108_/B (sky130_fd_sc_hd__or2_2)
                  0.14    0.67    5.87 v _14108_/X (sky130_fd_sc_hd__or2_2)
     3    0.01                           _11157_ (net)
                  0.14    0.00    5.87 v _14109_/B (sky130_fd_sc_hd__or2_1)
                  0.08    0.46    6.33 v _14109_/X (sky130_fd_sc_hd__or2_1)
     2    0.00                           _11158_ (net)
                  0.08    0.00    6.33 v _14110_/B (sky130_fd_sc_hd__or2_1)
                  0.13    0.50    6.83 v _14110_/X (sky130_fd_sc_hd__or2_1)
     3    0.01                           _11159_ (net)
                  0.13    0.00    6.83 v _14111_/B (sky130_fd_sc_hd__or2_1)
                  0.08    0.46    7.29 v _14111_/X (sky130_fd_sc_hd__or2_1)
     2    0.00                           _11160_ (net)
                  0.08    0.00    7.29 v _14112_/B (sky130_fd_sc_hd__or2_1)
                  0.13    0.50    7.79 v _14112_/X (sky130_fd_sc_hd__or2_1)
     3    0.01                           _11161_ (net)
                  0.13    0.00    7.79 v _14113_/B (sky130_fd_sc_hd__or2_1)
                  0.08    0.46    8.24 v _14113_/X (sky130_fd_sc_hd__or2_1)
     2    0.00                           _11162_ (net)
                  0.08    0.00    8.24 v _14114_/B (sky130_fd_sc_hd__or2_2)
                  0.14    0.67    8.91 v _14114_/X (sky130_fd_sc_hd__or2_2)
     3    0.01                           _11163_ (net)
                  0.14    0.00    8.91 v _14115_/B (sky130_fd_sc_hd__or2_1)
                  0.08    0.46    9.37 v _14115_/X (sky130_fd_sc_hd__or2_1)
     2    0.00                           _11164_ (net)
                  0.08    0.00    9.37 v _14116_/B (sky130_fd_sc_hd__or2_2)
                  0.14    0.67   10.04 v _14116_/X (sky130_fd_sc_hd__or2_2)
     3    0.01                           _11165_ (net)
                  0.14    0.00   10.04 v _14117_/B (sky130_fd_sc_hd__or2_1)
                  0.08    0.46   10.50 v _14117_/X (sky130_fd_sc_hd__or2_1)
     2    0.00                           _11166_ (net)
                  0.08    0.00   10.50 v _14118_/B (sky130_fd_sc_hd__or2_1)
                  0.15    0.52   11.02 v _14118_/X (sky130_fd_sc_hd__or2_1)
     3    0.01                           _11167_ (net)
                  0.15    0.00   11.02 v _14119_/B (sky130_fd_sc_hd__or2_1)
                  0.08    0.46   11.48 v _14119_/X (sky130_fd_sc_hd__or2_1)
     2    0.00                           _11168_ (net)
                  0.08    0.00   11.48 v _14120_/B (sky130_fd_sc_hd__or2_1)
                  0.15    0.52   12.00 v _14120_/X (sky130_fd_sc_hd__or2_1)
     3    0.01                           _11169_ (net)
                  0.15    0.00   12.00 v _14121_/B (sky130_fd_sc_hd__or2_1)
                  0.08    0.46   12.47 v _14121_/X (sky130_fd_sc_hd__or2_1)
     2    0.00                           _11170_ (net)
                  0.08    0.00   12.47 v _14122_/B (sky130_fd_sc_hd__or2_2)
                  0.14    0.67   13.13 v _14122_/X (sky130_fd_sc_hd__or2_2)
     3    0.01                           _11171_ (net)
                  0.14    0.00   13.13 v _14123_/B (sky130_fd_sc_hd__or2_1)
                  0.08    0.46   13.60 v _14123_/X (sky130_fd_sc_hd__or2_1)
     2    0.00                           _11172_ (net)
                  0.08    0.00   13.60 v _14124_/B (sky130_fd_sc_hd__or2_1)
                  0.13    0.50   14.10 v _14124_/X (sky130_fd_sc_hd__or2_1)
     3    0.01                           _11173_ (net)
                  0.13    0.00   14.10 v _14125_/B (sky130_fd_sc_hd__or2_1)
                  0.08    0.46   14.55 v _14125_/X (sky130_fd_sc_hd__or2_1)
     2    0.00                           _11174_ (net)
                  0.08    0.00   14.55 v _14126_/B (sky130_fd_sc_hd__or2_2)
                  0.13    0.65   15.21 v _14126_/X (sky130_fd_sc_hd__or2_2)
     3    0.01                           _11175_ (net)
                  0.13    0.00   15.21 v _14127_/B (sky130_fd_sc_hd__or2_1)
                  0.08    0.46   15.66 v _14127_/X (sky130_fd_sc_hd__or2_1)
     2    0.00                           _11176_ (net)
                  0.08    0.00   15.66 v _14128_/B (sky130_fd_sc_hd__or2_1)
                  0.15    0.52   16.18 v _14128_/X (sky130_fd_sc_hd__or2_1)
     3    0.01                           _11177_ (net)
                  0.15    0.00   16.18 v _14129_/B (sky130_fd_sc_hd__or2_1)
                  0.08    0.46   16.65 v _14129_/X (sky130_fd_sc_hd__or2_1)
     2    0.00                           _11178_ (net)
                  0.08    0.00   16.65 v _14130_/B (sky130_fd_sc_hd__or2_2)
                  0.14    0.67   17.31 v _14130_/X (sky130_fd_sc_hd__or2_2)
     3    0.01                           _11179_ (net)
                  0.14    0.00   17.31 v _14131_/B (sky130_fd_sc_hd__or2_1)
                  0.08    0.46   17.78 v _14131_/X (sky130_fd_sc_hd__or2_1)
     2    0.00                           _11180_ (net)
                  0.08    0.00   17.78 v _14132_/B (sky130_fd_sc_hd__or2_1)
                  0.13    0.50   18.28 v _14132_/X (sky130_fd_sc_hd__or2_1)
     3    0.01                           _11181_ (net)
                  0.13    0.00   18.28 v _14133_/B (sky130_fd_sc_hd__or2_1)
                  0.08    0.46   18.73 v _14133_/X (sky130_fd_sc_hd__or2_1)
     2    0.00                           _11182_ (net)
                  0.08    0.00   18.73 v _14134_/B (sky130_fd_sc_hd__or2_2)
                  0.14    0.67   19.40 v _14134_/X (sky130_fd_sc_hd__or2_2)
     3    0.01                           _11183_ (net)
                  0.14    0.00   19.40 v _14135_/B (sky130_fd_sc_hd__or2_1)
                  0.08    0.46   19.86 v _14135_/X (sky130_fd_sc_hd__or2_1)
     2    0.00                           _11184_ (net)
                  0.08    0.00   19.86 v _14136_/B (sky130_fd_sc_hd__or2_2)
                  0.14    0.67   20.53 v _14136_/X (sky130_fd_sc_hd__or2_2)
     3    0.01                           _11185_ (net)
                  0.14    0.00   20.53 v _14137_/B (sky130_fd_sc_hd__or2_1)
                  0.08    0.46   20.99 v _14137_/X (sky130_fd_sc_hd__or2_1)
     2    0.00                           _11186_ (net)
                  0.08    0.00   20.99 v _14138_/B (sky130_fd_sc_hd__or2_2)
                  0.14    0.67   21.66 v _14138_/X (sky130_fd_sc_hd__or2_2)
     3    0.01                           _11187_ (net)
                  0.14    0.00   21.66 v _14139_/B (sky130_fd_sc_hd__or2_1)
                  0.08    0.46   22.12 v _14139_/X (sky130_fd_sc_hd__or2_1)
     2    0.00                           _11188_ (net)
                  0.08    0.00   22.12 v _14140_/B (sky130_fd_sc_hd__or2_1)
                  0.13    0.50   22.62 v _14140_/X (sky130_fd_sc_hd__or2_1)
     3    0.01                           _11189_ (net)
                  0.13    0.00   22.62 v _14141_/B (sky130_fd_sc_hd__or2_1)
                  0.08    0.46   23.08 v _14141_/X (sky130_fd_sc_hd__or2_1)
     2    0.00                           _11190_ (net)
                  0.08    0.00   23.08 v _14142_/B (sky130_fd_sc_hd__or2_2)
                  0.14    0.67   23.74 v _14142_/X (sky130_fd_sc_hd__or2_2)
     3    0.01                           _11191_ (net)
                  0.14    0.00   23.74 v _14143_/B (sky130_fd_sc_hd__or2_1)
                  0.08    0.46   24.21 v _14143_/X (sky130_fd_sc_hd__or2_1)
     2    0.00                           _11192_ (net)
                  0.08    0.00   24.21 v _14144_/B (sky130_fd_sc_hd__or2_2)
                  0.14    0.67   24.87 v _14144_/X (sky130_fd_sc_hd__or2_2)
     3    0.01                           _11193_ (net)
                  0.14    0.00   24.87 v _14188_/C1 (sky130_fd_sc_hd__o211a_1)
                  0.06    0.22   25.09 v _14188_/X (sky130_fd_sc_hd__o211a_1)
     1    0.00                           _03778_ (net)
                  0.06    0.00   25.09 v _27612_/D (sky130_fd_sc_hd__dfxtp_1)
                                 25.09   data arrival time

                  0.00   24.73   24.73   clock clk (rise edge)
                          0.00   24.73   clock network delay (ideal)
                          0.00   24.73   clock reconvergence pessimism
                                 24.73 ^ _27612_/CLK (sky130_fd_sc_hd__dfxtp_1)
                         -0.28   24.45   library setup time
                                 24.45   data required time
-----------------------------------------------------------------------------
                                 24.45   data required time
                                -25.09   data arrival time
-----------------------------------------------------------------------------
                                 -0.65   slack (VIOLATED)


